year,home_team,away_team,home_points,away_points,neutral,home_avg_rank,home_avg_points,away_avg_rank,away_avg_points,home_ppa_return,home_usage_return,away_ppa_return,away_usage_return,rank_diff,points_diff,ppa_return_diff,usage_return_diff,home_win
2014,South Carolina,Texas A&M,28,52,0,21.5,231.815,18.75,237.70999999999998,0.533,0.57,0.227,0.28,-2.75,-5.894999999999982,0.30600000000000005,0.2899999999999999,0
2014,UCF,Penn State,24,26,1,69.75,150.095,31.0,209.84,0.442,0.334,0.539,0.85,-38.75,-59.745000000000005,-0.09700000000000003,-0.516,0
2014,Virginia,UCLA,20,28,0,37.75,204.2025,20.0,240.03500000000003,0.748,0.926,0.912,0.882,-17.75,-35.83250000000004,-0.16400000000000003,0.04400000000000004,0
2014,Alabama,West Virginia,33,23,1,1.75,303.83,37.25,194.9325,0.574,0.589,0.704,0.683,35.5,108.89749999999998,-0.13,-0.09400000000000008,1
2014,Auburn,Arkansas,45,21,0,8.0,271.8725,28.0,217.03750000000002,0.807,0.68,0.667,0.856,20.0,54.83499999999998,0.14,-0.17599999999999993,1
2014,Georgia,Clemson,45,21,0,9.75,268.0,18.0,244.79,0.513,0.528,0.288,0.288,8.25,23.210000000000008,0.22500000000000003,0.24000000000000005,1
2014,Oklahoma State,Florida State,31,37,1,29.0,209.81500000000003,6.25,280.31,0.431,0.472,0.617,0.621,-22.75,-70.49499999999998,-0.186,-0.14900000000000002,0
2014,LSU,Wisconsin,28,24,1,9.0,268.5225,48.75,180.06000000000003,0.118,0.25,0.468,0.617,39.75,88.46249999999995,-0.35000000000000003,-0.367,1
2014,Louisville,Miami,31,13,0,38.0,198.47750000000002,17.75,241.70499999999998,0.378,0.373,0.408,0.456,-20.25,-43.227499999999964,-0.02999999999999997,-0.08300000000000002,1
2014,Boston College,Pittsburgh,20,30,0,59.75,163.5025,42.0,189.39,0.199,0.181,0.494,0.548,-17.75,-25.88749999999999,-0.295,-0.36700000000000005,0
2014,Iowa State,Kansas State,28,32,0,64.25,160.9975,66.0,156.14499999999998,0.792,0.788,0.743,0.506,1.75,4.8525000000000205,0.049000000000000044,0.28200000000000003,0
2014,Stanford,USC,10,13,0,26.5,224.13500000000002,6.75,278.08500000000004,0.889,0.568,0.706,0.759,-19.75,-53.95000000000002,0.18300000000000005,-0.19100000000000006,0
2014,Vanderbilt,Ole Miss,3,41,0,43.0,189.4675,25.0,229.08999999999997,0.081,0.429,0.625,0.749,-18.0,-39.622499999999974,-0.544,-0.32,0
2014,Oregon,Michigan State,46,27,0,14.25,246.595,31.25,207.28000000000003,0.707,0.807,1.016,0.969,17.0,39.31499999999997,-0.30900000000000005,-0.16199999999999992,1
2014,Texas,BYU,7,41,0,6.25,282.69,59.75,164.1775,0.538,0.565,0.552,0.861,53.5,118.51249999999999,-0.014000000000000012,-0.29600000000000004,0
2014,Notre Dame,Michigan,31,0,0,11.5,261.57,14.25,253.14,0.457,0.627,0.658,0.696,2.75,8.430000000000007,-0.201,-0.06899999999999995,1
2014,Ohio State,Virginia Tech,21,35,0,7.75,276.3325,26.25,214.815,0.62,0.571,0.555,0.459,18.5,61.517499999999984,0.06499999999999995,0.11199999999999993,0
2014,BYU,Houston,33,25,0,59.75,164.1775,60.25,166.695,0.552,0.861,0.84,0.884,0.5,-2.517499999999984,-0.2879999999999999,-0.02300000000000002,1
2014,Missouri,UCF,38,10,0,38.25,197.3425,69.75,150.095,0.312,0.373,0.442,0.334,31.5,47.2475,-0.13,0.03899999999999998,1
2014,Maryland,West Virginia,37,40,0,41.0,191.6775,37.25,194.9325,0.879,0.946,0.704,0.683,-3.75,-3.2549999999999955,0.17500000000000004,0.2629999999999999,0
2014,Virginia,Louisville,23,21,0,37.75,204.2025,38.0,198.47750000000002,0.748,0.926,0.378,0.373,0.25,5.724999999999966,0.37,0.553,1
2014,South Carolina,Georgia,38,35,0,21.5,231.815,9.75,268.0,0.533,0.57,0.513,0.528,-11.75,-36.185,0.020000000000000018,0.041999999999999926,1
2014,Texas Tech,Arkansas,28,49,0,32.5,210.18,28.0,217.03750000000002,0.46,0.56,0.667,0.856,-4.5,-6.857500000000016,-0.20700000000000002,-0.29599999999999993,0
2014,Duke,Kansas,41,3,0,67.25,158.78000000000003,58.5,166.255,0.782,0.728,0.77,0.322,-8.75,-7.474999999999966,0.01200000000000001,0.40599999999999997,1
2014,Iowa,Iowa State,17,20,0,39.5,197.455,64.25,160.9975,0.825,0.952,0.792,0.788,24.75,36.45750000000001,0.03299999999999992,0.16399999999999992,0
2014,Washington,Illinois,44,19,0,21.25,228.4925,53.0,175.60750000000002,0.284,0.306,0.262,0.387,31.75,52.88499999999999,0.021999999999999964,-0.08100000000000002,1
2014,TCU,Minnesota,30,7,0,34.75,203.44000000000003,58.75,166.6825,0.565,0.592,0.624,0.652,24.0,36.75750000000002,-0.05900000000000005,-0.06000000000000005,1
2014,Notre Dame,Purdue,30,14,1,11.5,261.57,59.5,166.63500000000002,0.457,0.627,0.862,0.748,48.0,94.93499999999997,-0.40499999999999997,-0.121,1
2014,Florida,Kentucky,36,30,0,4.5,291.255,42.25,189.77,0.436,0.639,0.537,0.525,37.75,101.48499999999999,-0.10100000000000003,0.11399999999999999,1
2014,Rutgers,Penn State,10,13,0,38.5,199.75,31.0,209.84,0.566,0.792,0.539,0.85,-7.5,-10.090000000000003,0.026999999999999913,-0.05799999999999994,0
2014,Oklahoma,Tennessee,34,10,0,11.5,259.34499999999997,16.25,245.5525,0.585,0.522,0.799,0.649,4.75,13.792499999999961,-0.21400000000000008,-0.127,1
2014,Boston College,USC,37,31,0,59.75,163.5025,6.75,278.08500000000004,0.199,0.181,0.706,0.759,-53.0,-114.58250000000004,-0.5069999999999999,-0.5780000000000001,1
2014,Texas,UCLA,17,20,1,6.25,282.69,20.0,240.03500000000003,0.538,0.565,0.912,0.882,13.75,42.65499999999997,-0.374,-0.31700000000000006,0
2014,Kansas State,Auburn,14,20,0,66.0,156.14499999999998,8.0,271.8725,0.743,0.506,0.807,0.68,-58.0,-115.72750000000002,-0.06400000000000006,-0.17400000000000004,0
2014,Pittsburgh,Iowa,20,24,0,42.0,189.39,39.5,197.455,0.494,0.548,0.825,0.952,-2.5,-8.065000000000026,-0.33099999999999996,-0.4039999999999999,0
2014,Virginia Tech,Georgia Tech,24,27,0,26.25,214.815,52.25,177.20250000000001,0.555,0.459,0.441,0.367,26.0,37.61249999999998,0.11400000000000005,0.09200000000000003,0
2014,Syracuse,Maryland,20,34,0,63.0,162.57999999999998,41.0,191.6775,0.886,0.593,0.879,0.946,-22.0,-29.097500000000025,0.007000000000000006,-0.353,0
2014,Alabama,Florida,42,21,0,1.75,303.83,4.5,291.255,0.574,0.589,0.436,0.639,2.75,12.574999999999989,0.13799999999999996,-0.050000000000000044,1
2014,BYU,Virginia,41,33,0,59.75,164.1775,37.75,204.2025,0.552,0.861,0.748,0.926,-22.0,-40.02499999999998,-0.19599999999999995,-0.06500000000000006,1
2014,Michigan,Utah,10,26,0,14.25,253.14,41.25,192.6225,0.658,0.696,0.66,0.68,27.0,60.517499999999984,-0.0020000000000000018,0.015999999999999903,0
2014,Missouri,Indiana,27,31,0,38.25,197.3425,57.75,172.2175,0.312,0.373,0.446,0.546,19.5,25.125,-0.134,-0.17300000000000004,0
2014,LSU,Mississippi State,29,34,0,9.0,268.5225,29.25,208.1175,0.118,0.25,0.91,0.737,20.25,60.40499999999997,-0.792,-0.487,0
2014,West Virginia,Oklahoma,33,45,0,37.25,194.9325,11.5,259.34499999999997,0.704,0.683,0.585,0.522,-25.75,-64.41249999999997,0.119,0.16100000000000003,0
2014,Vanderbilt,South Carolina,34,48,0,43.0,189.4675,21.5,231.815,0.081,0.429,0.533,0.57,-21.5,-42.3475,-0.452,-0.14099999999999996,0
2014,Florida State,Clemson,23,17,0,6.25,280.31,18.0,244.79,0.617,0.621,0.288,0.288,11.75,35.52000000000001,0.329,0.333,1
2014,Nebraska,Miami,41,31,0,24.0,224.9475,17.75,241.70499999999998,0.556,0.666,0.408,0.456,-6.25,-16.757499999999993,0.14800000000000008,0.21000000000000002,1
2014,Oklahoma State,Texas Tech,45,35,0,29.0,209.81500000000003,32.5,210.18,0.431,0.472,0.46,0.56,3.5,-0.3649999999999807,-0.029000000000000026,-0.08800000000000008,1
2014,Purdue,Iowa,10,24,0,59.5,166.63500000000002,39.5,197.455,0.862,0.748,0.825,0.952,-20.0,-30.819999999999993,0.03700000000000003,-0.20399999999999996,0
2014,Kentucky,Vanderbilt,17,7,0,42.25,189.77,43.0,189.4675,0.537,0.525,0.081,0.429,0.75,0.3025000000000091,0.456,0.09600000000000003,1
2014,Georgia,Tennessee,35,32,0,9.75,268.0,16.25,245.5525,0.513,0.528,0.799,0.649,6.5,22.44749999999999,-0.28600000000000003,-0.121,1
2014,Penn State,Northwestern,6,29,0,31.0,209.84,59.0,170.21,0.539,0.85,0.742,0.647,28.0,39.629999999999995,-0.20299999999999996,0.20299999999999996,0
2014,Indiana,Maryland,15,37,0,57.75,172.2175,41.0,191.6775,0.446,0.546,0.879,0.946,-16.75,-19.460000000000008,-0.433,-0.3999999999999999,0
2014,NC State,Florida State,41,56,0,54.25,174.33,6.25,280.31,0.24,0.337,0.617,0.621,-48.0,-105.97999999999999,-0.377,-0.284,0
2014,Michigan,Minnesota,14,30,0,14.25,253.14,58.75,166.6825,0.658,0.696,0.624,0.652,44.5,86.45749999999998,0.03400000000000003,0.04399999999999993,0
2014,Louisville,Wake Forest,20,10,0,38.0,198.47750000000002,65.0,158.10999999999999,0.378,0.373,0.243,0.251,27.0,40.367500000000035,0.135,0.122,1
2014,Texas A&M,Arkansas,35,28,1,18.75,237.70999999999998,28.0,217.03750000000002,0.227,0.28,0.667,0.856,9.25,20.672499999999957,-0.44000000000000006,-0.576,1
2014,Kansas,Texas,0,23,0,58.5,166.255,6.25,282.69,0.77,0.322,0.538,0.565,-52.25,-116.435,0.23199999999999998,-0.24299999999999994,0
2014,Washington,Stanford,13,20,0,21.25,228.4925,26.5,224.13500000000002,0.284,0.306,0.889,0.568,5.25,4.3574999999999875,-0.605,-0.26199999999999996,0
2014,Ohio State,Cincinnati,50,28,0,7.75,276.3325,53.5,175.1425,0.62,0.571,0.402,0.44,45.75,101.18999999999997,0.21799999999999997,0.13099999999999995,1
2014,Clemson,North Carolina,50,35,0,18.0,244.79,27.5,215.38500000000002,0.288,0.288,0.492,0.628,9.5,29.404999999999973,-0.20400000000000001,-0.34,1
2014,South Carolina,Missouri,20,21,0,21.5,231.815,38.25,197.3425,0.533,0.57,0.312,0.373,16.75,34.4725,0.22100000000000003,0.19699999999999995,0
2014,Miami,Duke,22,10,0,17.75,241.70499999999998,67.25,158.78000000000003,0.408,0.456,0.782,0.728,49.5,82.92499999999995,-0.37400000000000005,-0.27199999999999996,1
2014,Syracuse,Notre Dame,15,31,1,63.0,162.57999999999998,11.5,261.57,0.886,0.593,0.457,0.627,-51.5,-98.99000000000001,0.429,-0.03400000000000003,0
2014,Iowa State,Baylor,28,49,0,64.25,160.9975,34.25,201.98499999999999,0.792,0.788,0.822,0.738,-30.0,-40.98749999999998,-0.029999999999999916,0.050000000000000044,0
2014,Nebraska,Illinois,45,14,0,24.0,224.9475,53.0,175.60750000000002,0.556,0.666,0.262,0.387,29.0,49.339999999999975,0.29400000000000004,0.279,1
2014,Houston,UCF,12,17,0,60.25,166.695,69.75,150.095,0.84,0.884,0.442,0.334,9.5,16.599999999999994,0.39799999999999996,0.55,0
2014,Syracuse,Louisville,6,28,0,63.0,162.57999999999998,38.0,198.47750000000002,0.886,0.593,0.378,0.373,-25.0,-35.897500000000036,0.508,0.21999999999999997,0
2014,Oklahoma State,Iowa State,37,20,0,29.0,209.81500000000003,64.25,160.9975,0.431,0.472,0.792,0.788,35.25,48.817500000000024,-0.36100000000000004,-0.31600000000000006,1
2014,Mississippi State,Texas A&M,48,31,0,29.25,208.1175,18.75,237.70999999999998,0.91,0.737,0.227,0.28,-10.5,-29.592499999999973,0.683,0.45699999999999996,1
2014,Tennessee,Florida,9,10,0,16.25,245.5525,4.5,291.255,0.799,0.649,0.436,0.639,-11.75,-45.702499999999986,0.36300000000000004,0.010000000000000009,0
2014,Illinois,Purdue,27,38,0,53.0,175.60750000000002,59.5,166.63500000000002,0.262,0.387,0.862,0.748,6.5,8.972499999999997,-0.6,-0.361,0
2014,Maryland,Ohio State,24,52,0,41.0,191.6775,7.75,276.3325,0.879,0.946,0.62,0.571,-33.25,-84.65499999999997,0.259,0.375,0
2014,North Carolina,Virginia Tech,17,34,0,27.5,215.38500000000002,26.25,214.815,0.492,0.628,0.555,0.459,-1.25,0.5700000000000216,-0.06300000000000006,0.16899999999999998,0
2014,Northwestern,Wisconsin,20,14,0,59.0,170.21,48.75,180.06000000000003,0.742,0.647,0.468,0.617,-10.25,-9.850000000000023,0.27399999999999997,0.030000000000000027,1
2014,Texas,Baylor,7,28,0,6.25,282.69,34.25,201.98499999999999,0.538,0.565,0.822,0.738,28.0,80.70500000000001,-0.2839999999999999,-0.17300000000000004,0
2014,Florida State,Wake Forest,43,3,0,6.25,280.31,65.0,158.10999999999999,0.617,0.621,0.243,0.251,58.75,122.20000000000002,0.374,0.37,1
2014,TCU,Oklahoma,37,33,0,34.75,203.44000000000003,11.5,259.34499999999997,0.565,0.592,0.585,0.522,-23.25,-55.904999999999944,-0.020000000000000018,0.06999999999999995,1
2014,Notre Dame,Stanford,17,14,0,11.5,261.57,26.5,224.13500000000002,0.457,0.627,0.889,0.568,15.0,37.434999999999974,-0.432,0.05900000000000005,1
2014,Ole Miss,Alabama,23,17,0,25.0,229.08999999999997,1.75,303.83,0.625,0.749,0.574,0.589,-23.25,-74.74000000000001,0.051000000000000045,0.16000000000000003,1
2014,Clemson,NC State,41,0,0,18.0,244.79,54.25,174.33,0.288,0.288,0.24,0.337,36.25,70.45999999999998,0.04799999999999999,-0.049000000000000044,1
2014,West Virginia,Kansas,33,14,0,37.25,194.9325,58.5,166.255,0.704,0.683,0.77,0.322,21.25,28.67750000000001,-0.06600000000000006,0.36100000000000004,1
2014,Georgia,Vanderbilt,44,17,0,9.75,268.0,43.0,189.4675,0.513,0.528,0.081,0.429,33.25,78.5325,0.432,0.09900000000000003,1
2014,Kansas State,Texas Tech,45,13,0,66.0,156.14499999999998,32.5,210.18,0.743,0.506,0.46,0.56,-33.5,-54.035000000000025,0.283,-0.05400000000000005,1
2014,Auburn,LSU,41,7,0,8.0,271.8725,9.0,268.5225,0.807,0.68,0.118,0.25,1.0,3.3500000000000227,0.6890000000000001,0.43000000000000005,1
2014,Rutgers,Michigan,26,24,0,38.5,199.75,14.25,253.14,0.566,0.792,0.658,0.696,-24.25,-53.389999999999986,-0.09200000000000008,0.09600000000000009,1
2014,Virginia,Pittsburgh,24,19,0,37.75,204.2025,42.0,189.39,0.748,0.926,0.494,0.548,4.25,14.8125,0.254,0.378,1
2014,Kentucky,South Carolina,45,38,0,42.25,189.77,21.5,231.815,0.537,0.525,0.533,0.57,-20.75,-42.04499999999999,0.0040000000000000036,-0.04499999999999993,1
2014,Georgia Tech,Miami,28,17,0,52.25,177.20250000000001,17.75,241.70499999999998,0.441,0.367,0.408,0.456,-34.5,-64.50249999999997,0.03300000000000003,-0.08900000000000002,1
2014,Michigan State,Nebraska,27,22,0,31.25,207.28000000000003,24.0,224.9475,1.016,0.969,0.556,0.666,-7.25,-17.66749999999996,0.45999999999999996,0.30299999999999994,1
2014,UCLA,Utah,28,30,0,20.0,240.03500000000003,41.25,192.6225,0.912,0.882,0.66,0.68,21.25,47.41250000000002,0.252,0.20199999999999996,0
2014,UCF,BYU,31,24,0,69.75,150.095,59.75,164.1775,0.442,0.334,0.552,0.861,-10.0,-14.08250000000001,-0.11000000000000004,-0.5269999999999999,1
2014,Missouri,Georgia,0,34,0,38.25,197.3425,9.75,268.0,0.312,0.373,0.513,0.528,-28.5,-70.6575,-0.201,-0.15500000000000003,0
2014,Wisconsin,Illinois,38,28,0,48.75,180.06000000000003,53.0,175.60750000000002,0.468,0.617,0.262,0.387,4.25,4.452500000000015,0.20600000000000002,0.22999999999999998,1
2014,Minnesota,Northwestern,24,17,0,58.75,166.6825,59.0,170.21,0.624,0.652,0.742,0.647,0.25,-3.5275000000000034,-0.118,0.0050000000000000044,1
2014,Miami,Cincinnati,55,34,0,17.75,241.70499999999998,53.5,175.1425,0.408,0.456,0.402,0.44,35.75,66.56249999999997,0.00599999999999995,0.016000000000000014,1
2014,Texas Tech,West Virginia,34,37,0,32.5,210.18,37.25,194.9325,0.46,0.56,0.704,0.683,4.75,15.247500000000002,-0.24399999999999994,-0.123,0
2014,Iowa,Indiana,45,29,0,39.5,197.455,57.75,172.2175,0.825,0.952,0.446,0.546,18.25,25.23750000000001,0.37899999999999995,0.4059999999999999,1
2014,Oklahoma,Texas,31,26,1,11.5,259.34499999999997,6.25,282.69,0.585,0.522,0.538,0.565,-5.25,-23.345000000000027,0.04699999999999993,-0.04299999999999993,1
2014,Syracuse,Florida State,20,38,0,63.0,162.57999999999998,6.25,280.31,0.886,0.593,0.617,0.621,-56.75,-117.73000000000002,0.269,-0.028000000000000025,0
2014,Georgia Tech,Duke,25,31,0,52.25,177.20250000000001,67.25,158.78000000000003,0.441,0.367,0.782,0.728,15.0,18.422499999999985,-0.341,-0.361,0
2014,Baylor,TCU,61,58,0,34.25,201.98499999999999,34.75,203.44000000000003,0.822,0.738,0.565,0.592,0.5,-1.455000000000041,0.257,0.14600000000000002,1
2014,Notre Dame,North Carolina,50,43,0,11.5,261.57,27.5,215.38500000000002,0.457,0.627,0.492,0.628,16.0,46.184999999999974,-0.034999999999999976,-0.0010000000000000009,1
2014,Purdue,Michigan State,31,45,0,59.5,166.63500000000002,31.25,207.28000000000003,0.862,0.748,1.016,0.969,-28.25,-40.64500000000001,-0.15400000000000003,-0.22099999999999997,0
2014,Mississippi State,Auburn,38,23,0,29.25,208.1175,8.0,271.8725,0.91,0.737,0.807,0.68,-21.25,-63.754999999999995,0.10299999999999998,0.05699999999999994,1
2014,UCLA,Oregon,30,42,0,20.0,240.03500000000003,14.25,246.595,0.912,0.882,0.707,0.807,-5.75,-6.559999999999974,0.20500000000000007,0.07499999999999996,0
2014,Clemson,Louisville,23,17,0,18.0,244.79,38.0,198.47750000000002,0.288,0.288,0.378,0.373,20.0,46.31249999999997,-0.09000000000000002,-0.08500000000000002,1
2014,NC State,Boston College,14,30,0,54.25,174.33,59.75,163.5025,0.24,0.337,0.199,0.181,5.5,10.827500000000015,0.04099999999999998,0.15600000000000003,0
2014,Kansas,Oklahoma State,20,27,0,58.5,166.255,29.0,209.81500000000003,0.77,0.322,0.431,0.472,-29.5,-43.56000000000003,0.339,-0.14999999999999997,0
2014,Arkansas,Alabama,13,14,0,28.0,217.03750000000002,1.75,303.83,0.667,0.856,0.574,0.589,-26.25,-86.79249999999996,0.09300000000000008,0.267,0
2014,Michigan,Penn State,18,13,0,14.25,253.14,31.0,209.84,0.658,0.696,0.539,0.85,16.75,43.29999999999998,0.119,-0.15400000000000003,1
2014,Florida,LSU,27,30,0,4.5,291.255,9.0,268.5225,0.436,0.639,0.118,0.25,4.5,22.732500000000016,0.318,0.389,0
2014,Texas A&M,Ole Miss,20,35,0,18.75,237.70999999999998,25.0,229.08999999999997,0.227,0.28,0.625,0.749,6.25,8.620000000000005,-0.398,-0.469,0
2014,Pittsburgh,Virginia Tech,21,16,0,42.0,189.39,26.25,214.815,0.494,0.548,0.555,0.459,-15.75,-25.42500000000001,-0.061000000000000054,0.08900000000000002,1
2014,Wake Forest,Syracuse,7,30,0,65.0,158.10999999999999,63.0,162.57999999999998,0.243,0.251,0.886,0.593,-2.0,-4.469999999999999,-0.643,-0.34199999999999997,0
2014,Maryland,Iowa,38,31,0,41.0,191.6775,39.5,197.455,0.879,0.946,0.825,0.952,-1.5,-5.777500000000003,0.05400000000000005,-0.006000000000000005,1
2014,West Virginia,Baylor,41,27,0,37.25,194.9325,34.25,201.98499999999999,0.704,0.683,0.822,0.738,-3.0,-7.052499999999981,-0.118,-0.05499999999999994,1
2014,Minnesota,Purdue,39,38,0,58.75,166.6825,59.5,166.63500000000002,0.624,0.652,0.862,0.748,0.75,0.04749999999998522,-0.238,-0.09599999999999997,1
2014,Oklahoma,Kansas State,30,31,0,11.5,259.34499999999997,66.0,156.14499999999998,0.585,0.522,0.743,0.506,54.5,103.19999999999999,-0.15800000000000003,0.016000000000000014,0
2014,Duke,Virginia,20,13,0,67.25,158.78000000000003,37.75,204.2025,0.782,0.728,0.748,0.926,-29.5,-45.42249999999996,0.03400000000000003,-0.19800000000000006,1
2014,Alabama,Texas A&M,59,0,0,1.75,303.83,18.75,237.70999999999998,0.574,0.589,0.227,0.28,17.0,66.12,0.347,0.30899999999999994,1
2014,Indiana,Michigan State,17,56,0,57.75,172.2175,31.25,207.28000000000003,0.446,0.546,1.016,0.969,-26.5,-35.06250000000003,-0.5700000000000001,-0.42299999999999993,0
2014,Ohio State,Rutgers,56,17,0,7.75,276.3325,38.5,199.75,0.62,0.571,0.566,0.792,30.75,76.58249999999998,0.05400000000000005,-0.22100000000000009,1
2014,Texas Tech,Kansas,34,21,0,32.5,210.18,58.5,166.255,0.46,0.56,0.77,0.322,26.0,43.92500000000001,-0.31,0.23800000000000004,1
2014,Louisville,NC State,30,18,0,38.0,198.47750000000002,54.25,174.33,0.378,0.373,0.24,0.337,16.25,24.147500000000008,0.138,0.035999999999999976,1
2014,Boston College,Clemson,13,17,0,59.75,163.5025,18.0,244.79,0.199,0.181,0.288,0.288,-41.75,-81.2875,-0.08899999999999997,-0.10699999999999998,0
2014,Arkansas,Georgia,32,45,0,28.0,217.03750000000002,9.75,268.0,0.667,0.856,0.513,0.528,-18.25,-50.96249999999998,0.15400000000000003,0.32799999999999996,0
2014,TCU,Oklahoma State,42,9,0,34.75,203.44000000000003,29.0,209.81500000000003,0.565,0.592,0.431,0.472,-5.75,-6.375,0.13399999999999995,0.12,1
2014,USC,Colorado,56,28,0,6.75,278.08500000000004,57.0,171.6525,0.706,0.759,0.624,0.718,50.25,106.43250000000003,0.08199999999999996,0.041000000000000036,1
2014,Florida,Missouri,13,42,0,4.5,291.255,38.25,197.3425,0.436,0.639,0.312,0.373,33.75,93.9125,0.124,0.266,0
2014,North Carolina,Georgia Tech,48,43,0,27.5,215.38500000000002,52.25,177.20250000000001,0.492,0.628,0.441,0.367,24.75,38.182500000000005,0.05099999999999999,0.261,1
2014,Ole Miss,Tennessee,34,3,0,25.0,229.08999999999997,16.25,245.5525,0.625,0.749,0.799,0.649,-8.75,-16.462500000000034,-0.17400000000000004,0.09999999999999998,1
2014,Northwestern,Nebraska,17,38,0,59.0,170.21,24.0,224.9475,0.742,0.647,0.556,0.666,-35.0,-54.73749999999998,0.18599999999999994,-0.019000000000000017,0
2014,LSU,Kentucky,41,3,0,9.0,268.5225,42.25,189.77,0.118,0.25,0.537,0.525,33.25,78.75249999999997,-0.41900000000000004,-0.275,1
2014,Oregon,Washington,45,20,0,14.25,246.595,21.25,228.4925,0.707,0.807,0.284,0.306,7.0,18.102499999999992,0.423,0.5010000000000001,1
2014,Florida State,Notre Dame,31,27,0,6.25,280.31,11.5,261.57,0.617,0.621,0.457,0.627,5.25,18.74000000000001,0.15999999999999998,-0.006000000000000005,1
2014,Texas,Iowa State,48,45,0,6.25,282.69,64.25,160.9975,0.538,0.565,0.792,0.788,58.0,121.6925,-0.254,-0.2230000000000001,1
2014,Virginia Tech,Miami,6,30,0,26.25,214.815,17.75,241.70499999999998,0.555,0.459,0.408,0.456,-8.5,-26.889999999999986,0.14700000000000008,0.0030000000000000027,0
2014,Wisconsin,Maryland,52,7,0,48.75,180.06000000000003,41.0,191.6775,0.468,0.617,0.879,0.946,-7.75,-11.617499999999978,-0.411,-0.32899999999999996,1
2014,Illinois,Minnesota,28,24,0,53.0,175.60750000000002,58.75,166.6825,0.262,0.387,0.624,0.652,5.75,8.925000000000011,-0.362,-0.265,1
2014,Nebraska,Rutgers,42,24,0,24.0,224.9475,38.5,199.75,0.556,0.666,0.566,0.792,14.5,25.19749999999999,-0.009999999999999898,-0.126,1
2014,Kansas State,Texas,23,0,0,66.0,156.14499999999998,6.25,282.69,0.743,0.506,0.538,0.565,-59.75,-126.54500000000002,0.20499999999999996,-0.05899999999999994,1
2014,Virginia,North Carolina,27,28,0,37.75,204.2025,27.5,215.38500000000002,0.748,0.926,0.492,0.628,-10.25,-11.182500000000033,0.256,0.29800000000000004,0
2014,Colorado,UCLA,37,40,0,57.0,171.6525,20.0,240.03500000000003,0.624,0.718,0.912,0.882,-37.0,-68.38250000000002,-0.28800000000000003,-0.16400000000000003,0
2014,Oklahoma State,West Virginia,10,34,0,29.0,209.81500000000003,37.25,194.9325,0.431,0.472,0.704,0.683,8.25,14.882500000000022,-0.27299999999999996,-0.21100000000000008,0
2014,TCU,Texas Tech,82,27,0,34.75,203.44000000000003,32.5,210.18,0.565,0.592,0.46,0.56,-2.25,-6.739999999999981,0.10499999999999993,0.03199999999999992,1
2014,Pittsburgh,Georgia Tech,28,56,0,42.0,189.39,52.25,177.20250000000001,0.494,0.548,0.441,0.367,10.25,12.187499999999972,0.05299999999999999,0.18100000000000005,0
2014,Wake Forest,Boston College,17,23,0,65.0,158.10999999999999,59.75,163.5025,0.243,0.251,0.199,0.181,-5.25,-5.3925000000000125,0.043999999999999984,0.07,0
2014,Michigan State,Michigan,35,11,0,31.25,207.28000000000003,14.25,253.14,1.016,0.969,0.658,0.696,-17.0,-45.85999999999996,0.358,0.273,1
2014,Kentucky,Mississippi State,31,45,0,42.25,189.77,29.25,208.1175,0.537,0.525,0.91,0.737,-13.0,-18.347499999999997,-0.373,-0.21199999999999997,0
2014,Missouri,Vanderbilt,24,14,0,38.25,197.3425,43.0,189.4675,0.312,0.373,0.081,0.429,4.75,7.875,0.23099999999999998,-0.055999999999999994,1
2014,Clemson,Syracuse,16,6,0,18.0,244.79,63.0,162.57999999999998,0.288,0.288,0.886,0.593,45.0,82.21000000000001,-0.5980000000000001,-0.305,1
2014,LSU,Ole Miss,10,7,0,9.0,268.5225,25.0,229.08999999999997,0.118,0.25,0.625,0.749,16.0,39.432500000000005,-0.507,-0.499,1
2014,Auburn,South Carolina,42,35,0,8.0,271.8725,21.5,231.815,0.807,0.68,0.533,0.57,13.5,40.057500000000005,0.274,0.1100000000000001,1
2014,Tennessee,Alabama,20,34,0,16.25,245.5525,1.75,303.83,0.799,0.649,0.574,0.589,-14.5,-58.277499999999975,0.2250000000000001,0.06000000000000005,0
2014,Penn State,Ohio State,24,31,0,31.0,209.84,7.75,276.3325,0.539,0.85,0.62,0.571,-23.25,-66.49249999999998,-0.08099999999999996,0.279,0
2014,Utah,USC,24,21,0,41.25,192.6225,6.75,278.08500000000004,0.66,0.68,0.706,0.759,-34.5,-85.46250000000003,-0.04599999999999993,-0.07899999999999996,1
2014,Louisville,Florida State,31,42,0,38.0,198.47750000000002,6.25,280.31,0.378,0.373,0.617,0.621,-31.75,-81.83249999999998,-0.239,-0.248,0
2014,Iowa State,Oklahoma,14,59,0,64.25,160.9975,11.5,259.34499999999997,0.792,0.788,0.585,0.522,-52.75,-98.34749999999997,0.20700000000000007,0.266,0
2014,Pittsburgh,Duke,48,51,0,42.0,189.39,67.25,158.78000000000003,0.494,0.548,0.782,0.728,25.25,30.609999999999957,-0.28800000000000003,-0.17999999999999994,0
2014,Iowa,Northwestern,48,7,0,39.5,197.455,59.0,170.21,0.825,0.952,0.742,0.647,19.5,27.245000000000005,0.08299999999999996,0.30499999999999994,1
2014,Penn State,Maryland,19,20,0,31.0,209.84,41.0,191.6775,0.539,0.85,0.879,0.946,10.0,18.162499999999994,-0.33999999999999997,-0.09599999999999997,0
2014,Rutgers,Wisconsin,0,37,0,38.5,199.75,48.75,180.06000000000003,0.566,0.792,0.468,0.617,10.25,19.68999999999997,0.09799999999999992,0.17500000000000004,0
2014,Miami,North Carolina,47,20,0,17.75,241.70499999999998,27.5,215.38500000000002,0.408,0.456,0.492,0.628,9.75,26.319999999999965,-0.08400000000000002,-0.172,1
2014,Virginia Tech,Boston College,31,33,0,26.25,214.815,59.75,163.5025,0.555,0.459,0.199,0.181,33.5,51.3125,0.35600000000000004,0.278,0
2014,Colorado,Washington,23,38,0,57.0,171.6525,21.25,228.4925,0.624,0.718,0.284,0.306,-35.75,-56.84,0.34,0.412,0
2014,Syracuse,NC State,17,24,0,63.0,162.57999999999998,54.25,174.33,0.886,0.593,0.24,0.337,-8.75,-11.750000000000028,0.646,0.25599999999999995,0
2014,Georgia,Florida,20,38,1,9.75,268.0,4.5,291.255,0.513,0.528,0.436,0.639,-5.25,-23.254999999999995,0.07700000000000001,-0.11099999999999999,0
2014,Georgia Tech,Virginia,35,10,0,52.25,177.20250000000001,37.75,204.2025,0.441,0.367,0.748,0.926,-14.5,-26.99999999999997,-0.307,-0.559,1
2014,Michigan,Indiana,34,10,0,14.25,253.14,57.75,172.2175,0.658,0.696,0.446,0.546,43.5,80.92249999999999,0.21200000000000002,0.1499999999999999,1
2014,West Virginia,TCU,30,31,0,37.25,194.9325,34.75,203.44000000000003,0.704,0.683,0.565,0.592,-2.5,-8.507500000000022,0.139,0.09100000000000008,0
2014,Nebraska,Purdue,35,14,0,24.0,224.9475,59.5,166.63500000000002,0.556,0.666,0.862,0.748,35.5,58.31249999999997,-0.30599999999999994,-0.08199999999999996,1
2014,Missouri,Kentucky,20,10,0,38.25,197.3425,42.25,189.77,0.312,0.373,0.537,0.525,4.0,7.572499999999991,-0.22500000000000003,-0.15200000000000002,1
2014,Baylor,Kansas,60,14,0,34.25,201.98499999999999,58.5,166.255,0.822,0.738,0.77,0.322,24.25,35.72999999999999,0.051999999999999935,0.416,1
2014,Ole Miss,Auburn,31,35,0,25.0,229.08999999999997,8.0,271.8725,0.625,0.749,0.807,0.68,-17.0,-42.78250000000003,-0.18200000000000005,0.06899999999999995,0
2014,Mississippi State,Arkansas,17,10,0,29.25,208.1175,28.0,217.03750000000002,0.91,0.737,0.667,0.856,-1.25,-8.920000000000016,0.243,-0.119,1
2014,Oregon,Stanford,45,16,0,14.25,246.595,26.5,224.13500000000002,0.707,0.807,0.889,0.568,12.25,22.45999999999998,-0.18200000000000005,0.2390000000000001,1
2014,Texas Tech,Texas,13,34,0,32.5,210.18,6.25,282.69,0.46,0.56,0.538,0.565,-26.25,-72.50999999999999,-0.07800000000000001,-0.004999999999999893,0
2014,South Carolina,Tennessee,42,45,0,21.5,231.815,16.25,245.5525,0.533,0.57,0.799,0.649,-5.25,-13.737500000000011,-0.266,-0.07900000000000007,0
2014,Kansas State,Oklahoma State,48,14,0,66.0,156.14499999999998,29.0,209.81500000000003,0.743,0.506,0.431,0.472,-37.0,-53.670000000000044,0.312,0.03400000000000003,1
2014,Ohio State,Illinois,55,14,0,7.75,276.3325,53.0,175.60750000000002,0.62,0.571,0.262,0.387,45.25,100.72499999999997,0.358,0.18399999999999994,1
2014,Wake Forest,Clemson,20,34,0,65.0,158.10999999999999,18.0,244.79,0.243,0.251,0.288,0.288,-47.0,-86.68,-0.044999999999999984,-0.03699999999999998,0
2014,Indiana,Penn State,7,13,0,57.75,172.2175,31.0,209.84,0.446,0.546,0.539,0.85,-26.75,-37.6225,-0.09300000000000003,-0.30399999999999994,0
2014,Purdue,Wisconsin,16,34,0,59.5,166.63500000000002,48.75,180.06000000000003,0.862,0.748,0.468,0.617,-10.75,-13.425000000000011,0.39399999999999996,0.131,0
2014,Kentucky,Georgia,31,63,0,42.25,189.77,9.75,268.0,0.537,0.525,0.513,0.528,-32.5,-78.22999999999999,0.02400000000000002,-0.0030000000000000027,0
2014,Minnesota,Iowa,51,14,0,58.75,166.6825,39.5,197.455,0.624,0.652,0.825,0.952,-19.25,-30.772500000000008,-0.20099999999999996,-0.29999999999999993,1
2014,Oklahoma,Baylor,14,48,0,11.5,259.34499999999997,34.25,201.98499999999999,0.585,0.522,0.822,0.738,22.75,57.359999999999985,-0.237,-0.21599999999999997,0
2014,Syracuse,Duke,10,27,0,63.0,162.57999999999998,67.25,158.78000000000003,0.886,0.593,0.782,0.728,4.25,3.7999999999999545,0.10399999999999998,-0.135,0
2014,NC State,Georgia Tech,23,56,0,54.25,174.33,52.25,177.20250000000001,0.24,0.337,0.441,0.367,-2.0,-2.8725000000000023,-0.201,-0.02999999999999997,0
2014,Kansas,Iowa State,34,14,0,58.5,166.255,64.25,160.9975,0.77,0.322,0.792,0.788,5.75,5.257499999999993,-0.02200000000000002,-0.466,1
2014,Northwestern,Michigan,9,10,0,59.0,170.21,14.25,253.14,0.742,0.647,0.658,0.696,-44.75,-82.92999999999998,0.08399999999999996,-0.04899999999999993,0
2014,Texas,West Virginia,33,16,0,6.25,282.69,37.25,194.9325,0.538,0.565,0.704,0.683,31.0,87.7575,-0.16599999999999993,-0.1180000000000001,1
2014,Auburn,Texas A&M,38,41,0,8.0,271.8725,18.75,237.70999999999998,0.807,0.68,0.227,0.28,10.75,34.16250000000002,0.5800000000000001,0.4,0
2014,Florida State,Virginia,34,20,0,6.25,280.31,37.75,204.2025,0.617,0.621,0.748,0.926,31.5,76.10750000000002,-0.131,-0.30500000000000005,1
2014,Washington,UCLA,30,44,0,21.25,228.4925,20.0,240.03500000000003,0.284,0.306,0.912,0.882,-1.25,-11.542500000000018,-0.6280000000000001,-0.5760000000000001,0
2014,Boston College,Louisville,19,38,0,59.75,163.5025,38.0,198.47750000000002,0.199,0.181,0.378,0.373,-21.75,-34.97500000000002,-0.179,-0.192,0
2014,Vanderbilt,Florida,10,34,0,43.0,189.4675,4.5,291.255,0.081,0.429,0.436,0.639,-38.5,-101.7875,-0.355,-0.21000000000000002,0
2014,TCU,Kansas State,41,20,0,34.75,203.44000000000003,66.0,156.14499999999998,0.565,0.592,0.743,0.506,31.25,47.295000000000044,-0.17800000000000005,0.08599999999999997,1
2014,Michigan State,Ohio State,37,49,0,31.25,207.28000000000003,7.75,276.3325,1.016,0.969,0.62,0.571,-23.5,-69.05249999999995,0.396,0.398,0
2014,LSU,Alabama,13,20,0,9.0,268.5225,1.75,303.83,0.118,0.25,0.574,0.589,-7.25,-35.307500000000005,-0.45599999999999996,-0.33899999999999997,0
2014,Utah,Oregon,27,51,0,41.25,192.6225,14.25,246.595,0.66,0.68,0.707,0.807,-27.0,-53.9725,-0.04699999999999993,-0.127,0
2014,Florida,South Carolina,20,23,0,4.5,291.255,21.5,231.815,0.436,0.639,0.533,0.57,17.0,59.44,-0.09700000000000003,0.06900000000000006,0
2014,Illinois,Iowa,14,30,0,53.0,175.60750000000002,39.5,197.455,0.262,0.387,0.825,0.952,-13.5,-21.847499999999997,-0.563,-0.565,0
2014,Minnesota,Ohio State,24,31,0,58.75,166.6825,7.75,276.3325,0.624,0.652,0.62,0.571,-51.0,-109.64999999999998,0.0040000000000000036,0.08100000000000007,0
2014,Duke,Virginia Tech,16,17,0,67.25,158.78000000000003,26.25,214.815,0.782,0.728,0.555,0.459,-41.0,-56.03499999999997,0.22699999999999998,0.26899999999999996,0
2014,Georgia Tech,Clemson,28,6,0,52.25,177.20250000000001,18.0,244.79,0.441,0.367,0.288,0.288,-34.25,-67.58749999999998,0.15300000000000002,0.07900000000000001,1
2014,North Carolina,Pittsburgh,40,35,0,27.5,215.38500000000002,42.0,189.39,0.492,0.628,0.494,0.548,14.5,25.995000000000033,-0.0020000000000000018,0.07999999999999996,1
2014,NC State,Wake Forest,42,13,0,54.25,174.33,65.0,158.10999999999999,0.24,0.337,0.243,0.251,10.75,16.220000000000027,-0.0030000000000000027,0.08600000000000002,1
2014,Kansas,TCU,30,34,0,58.5,166.255,34.75,203.44000000000003,0.77,0.322,0.565,0.592,-23.75,-37.18500000000003,0.20500000000000007,-0.26999999999999996,0
2014,Notre Dame,Northwestern,40,43,0,11.5,261.57,59.0,170.21,0.457,0.627,0.742,0.647,47.5,91.35999999999999,-0.285,-0.020000000000000018,0
2014,Wisconsin,Nebraska,59,24,0,48.75,180.06000000000003,24.0,224.9475,0.468,0.617,0.556,0.666,-24.75,-44.88749999999996,-0.08800000000000002,-0.049000000000000044,1
2014,Alabama,Mississippi State,25,20,0,1.75,303.83,29.25,208.1175,0.574,0.589,0.91,0.737,27.5,95.71249999999998,-0.3360000000000001,-0.14800000000000002,1
2014,Texas Tech,Oklahoma,30,42,0,32.5,210.18,11.5,259.34499999999997,0.46,0.56,0.585,0.522,-21.0,-49.164999999999964,-0.12499999999999994,0.038000000000000034,0
2014,Rutgers,Indiana,45,23,0,38.5,199.75,57.75,172.2175,0.566,0.792,0.446,0.546,19.25,27.5325,0.11999999999999994,0.246,1
2014,Tennessee,Kentucky,50,16,0,16.25,245.5525,42.25,189.77,0.799,0.649,0.537,0.525,26.0,55.7825,0.262,0.124,1
2014,Stanford,Utah,17,20,0,26.5,224.13500000000002,41.25,192.6225,0.889,0.568,0.66,0.68,14.75,31.512500000000017,0.22899999999999998,-0.1120000000000001,0
2014,Georgia,Auburn,34,7,0,9.75,268.0,8.0,271.8725,0.513,0.528,0.807,0.68,-1.75,-3.8725000000000023,-0.29400000000000004,-0.15200000000000002,1
2014,Oklahoma State,Texas,7,28,0,29.0,209.81500000000003,6.25,282.69,0.431,0.472,0.538,0.565,-22.75,-72.87499999999997,-0.10700000000000004,-0.09299999999999997,0
2014,Texas A&M,Missouri,27,34,0,18.75,237.70999999999998,38.25,197.3425,0.227,0.28,0.312,0.373,19.5,40.36749999999998,-0.08499999999999999,-0.09299999999999997,0
2014,Maryland,Michigan State,15,37,0,41.0,191.6775,31.25,207.28000000000003,0.879,0.946,1.016,0.969,-9.75,-15.60250000000002,-0.137,-0.02300000000000002,0
2014,Miami,Florida State,26,30,0,17.75,241.70499999999998,6.25,280.31,0.408,0.456,0.617,0.621,-11.5,-38.60500000000002,-0.20900000000000002,-0.16499999999999998,0
2014,Arkansas,LSU,17,0,0,28.0,217.03750000000002,9.0,268.5225,0.667,0.856,0.118,0.25,-19.0,-51.48499999999996,0.549,0.606,1
2014,West Virginia,Kansas State,20,26,0,37.25,194.9325,66.0,156.14499999999998,0.704,0.683,0.743,0.506,28.75,38.78750000000002,-0.039000000000000035,0.17700000000000005,0
2014,Duke,North Carolina,20,45,0,67.25,158.78000000000003,27.5,215.38500000000002,0.782,0.728,0.492,0.628,-39.75,-56.60499999999999,0.29000000000000004,0.09999999999999998,0
2014,Michigan State,Rutgers,45,3,0,31.25,207.28000000000003,38.5,199.75,1.016,0.969,0.566,0.792,7.25,7.53000000000003,0.45000000000000007,0.17699999999999994,1
2014,Illinois,Penn State,16,14,0,53.0,175.60750000000002,31.0,209.84,0.262,0.387,0.539,0.85,-22.0,-34.23249999999999,-0.277,-0.46299999999999997,1
2014,Ohio State,Indiana,42,27,0,7.75,276.3325,57.75,172.2175,0.62,0.571,0.446,0.546,50.0,104.11499999999998,0.174,0.02499999999999991,1
2014,Nebraska,Minnesota,24,28,0,24.0,224.9475,58.75,166.6825,0.556,0.666,0.624,0.652,34.75,58.264999999999986,-0.06799999999999995,0.014000000000000012,0
2014,Purdue,Northwestern,14,38,0,59.5,166.63500000000002,59.0,170.21,0.862,0.748,0.742,0.647,-0.5,-3.5749999999999886,0.12,0.10099999999999998,0
2014,Wake Forest,Virginia Tech,6,3,0,65.0,158.10999999999999,26.25,214.815,0.243,0.251,0.555,0.459,-38.75,-56.70500000000001,-0.31200000000000006,-0.20800000000000002,1
2014,Oklahoma,Kansas,44,7,0,11.5,259.34499999999997,58.5,166.255,0.585,0.522,0.77,0.322,47.0,93.08999999999997,-0.18500000000000005,0.2,1
2014,Arkansas,Ole Miss,30,0,0,28.0,217.03750000000002,25.0,229.08999999999997,0.667,0.856,0.625,0.749,-3.0,-12.052499999999952,0.04200000000000004,0.10699999999999998,1
2014,Florida State,Boston College,20,17,0,6.25,280.31,59.75,163.5025,0.617,0.621,0.199,0.181,53.5,116.8075,0.418,0.44,1
2014,Iowa,Wisconsin,24,26,0,39.5,197.455,48.75,180.06000000000003,0.825,0.952,0.468,0.617,9.25,17.394999999999982,0.35699999999999993,0.33499999999999996,0
2014,Notre Dame,Louisville,28,31,0,11.5,261.57,38.0,198.47750000000002,0.457,0.627,0.378,0.373,26.5,63.09249999999997,0.07900000000000001,0.254,0
2014,Pittsburgh,Syracuse,30,7,0,42.0,189.39,63.0,162.57999999999998,0.494,0.548,0.886,0.593,21.0,26.810000000000002,-0.392,-0.04499999999999993,1
2014,Michigan,Maryland,16,23,0,14.25,253.14,41.0,191.6775,0.658,0.696,0.879,0.946,26.75,61.46249999999998,-0.22099999999999997,-0.25,0
2014,Iowa State,Texas Tech,31,34,0,64.25,160.9975,32.5,210.18,0.792,0.788,0.46,0.56,-31.75,-49.182500000000005,0.332,0.22799999999999998,0
2014,Oregon,Colorado,44,10,0,14.25,246.595,57.0,171.6525,0.707,0.807,0.624,0.718,42.75,74.9425,0.08299999999999996,0.08900000000000008,1
2014,Virginia,Miami,30,13,0,37.75,204.2025,17.75,241.70499999999998,0.748,0.926,0.408,0.456,-20.0,-37.5025,0.34,0.47000000000000003,1
2014,Tennessee,Missouri,21,29,0,16.25,245.5525,38.25,197.3425,0.799,0.649,0.312,0.373,22.0,48.21000000000001,0.48700000000000004,0.276,0
2014,Mississippi State,Vanderbilt,51,0,0,29.25,208.1175,43.0,189.4675,0.91,0.737,0.081,0.429,13.75,18.650000000000006,0.8290000000000001,0.308,1
2014,Baylor,Oklahoma State,49,28,0,34.25,201.98499999999999,29.0,209.81500000000003,0.822,0.738,0.431,0.472,-5.25,-7.830000000000041,0.39099999999999996,0.266,1
2014,UCLA,USC,38,20,0,20.0,240.03500000000003,6.75,278.08500000000004,0.912,0.882,0.706,0.759,-13.25,-38.05000000000001,0.20600000000000007,0.123,1
2014,Texas A&M,LSU,17,23,0,18.75,237.70999999999998,9.0,268.5225,0.227,0.28,0.118,0.25,-9.75,-30.8125,0.10900000000000001,0.030000000000000027,0
2014,Texas,TCU,10,48,0,6.25,282.69,34.75,203.44000000000003,0.538,0.565,0.565,0.592,28.5,79.24999999999997,-0.026999999999999913,-0.027000000000000024,0
2014,Iowa,Nebraska,34,37,0,39.5,197.455,24.0,224.9475,0.825,0.952,0.556,0.666,-15.5,-27.49249999999998,0.2689999999999999,0.2859999999999999,0
2014,Missouri,Arkansas,21,14,0,38.25,197.3425,28.0,217.03750000000002,0.312,0.373,0.667,0.856,-10.25,-19.69500000000002,-0.35500000000000004,-0.483,1
2014,UCLA,Stanford,10,31,0,20.0,240.03500000000003,26.5,224.13500000000002,0.912,0.882,0.889,0.568,6.5,15.900000000000006,0.02300000000000002,0.31400000000000006,0
2014,Virginia Tech,Virginia,24,20,0,26.25,214.815,37.75,204.2025,0.555,0.459,0.748,0.926,11.5,10.612500000000011,-0.19299999999999995,-0.467,1
2014,Georgia,Georgia Tech,24,30,0,9.75,268.0,52.25,177.20250000000001,0.513,0.528,0.441,0.367,42.5,90.79749999999999,0.07200000000000001,0.16100000000000003,0
2014,Ohio State,Michigan,42,28,0,7.75,276.3325,14.25,253.14,0.62,0.571,0.658,0.696,6.5,23.192499999999995,-0.038000000000000034,-0.125,1
2014,Clemson,South Carolina,35,17,0,18.0,244.79,21.5,231.815,0.288,0.288,0.533,0.57,3.5,12.974999999999994,-0.24500000000000005,-0.282,1
2014,Louisville,Kentucky,44,40,0,38.0,198.47750000000002,42.25,189.77,0.378,0.373,0.537,0.525,4.25,8.70750000000001,-0.15900000000000003,-0.15200000000000002,1
2014,Iowa State,West Virginia,24,37,0,64.25,160.9975,37.25,194.9325,0.792,0.788,0.704,0.683,-27.0,-33.935,0.08800000000000008,0.10499999999999998,0
2014,Northwestern,Illinois,33,47,0,59.0,170.21,53.0,175.60750000000002,0.742,0.647,0.262,0.387,-6.0,-5.397500000000008,0.48,0.26,0
2014,Indiana,Purdue,23,16,0,57.75,172.2175,59.5,166.63500000000002,0.446,0.546,0.862,0.748,1.75,5.582499999999982,-0.416,-0.20199999999999996,1
2014,Boston College,Syracuse,28,7,0,59.75,163.5025,63.0,162.57999999999998,0.199,0.181,0.886,0.593,3.25,0.9225000000000136,-0.687,-0.412,1
2014,North Carolina,NC State,7,35,0,27.5,215.38500000000002,54.25,174.33,0.492,0.628,0.24,0.337,26.75,41.05500000000001,0.252,0.291,0
2014,Colorado,Utah,34,38,0,57.0,171.6525,41.25,192.6225,0.624,0.718,0.66,0.68,-15.75,-20.97,-0.03600000000000003,0.03799999999999992,0
2014,USC,Notre Dame,49,14,0,6.75,278.08500000000004,11.5,261.57,0.706,0.759,0.457,0.627,4.75,16.515000000000043,0.24899999999999994,0.132,1
2014,Ole Miss,Mississippi State,31,17,0,25.0,229.08999999999997,29.25,208.1175,0.625,0.749,0.91,0.737,4.25,20.972499999999968,-0.28500000000000003,0.01200000000000001,1
2014,Maryland,Rutgers,38,41,0,41.0,191.6775,38.5,199.75,0.879,0.946,0.566,0.792,-2.5,-8.072499999999991,0.31300000000000006,0.15399999999999991,0
2014,Florida State,Florida,24,19,0,6.25,280.31,4.5,291.255,0.617,0.621,0.436,0.639,-1.75,-10.944999999999993,0.181,-0.018000000000000016,1
2014,Texas Tech,Baylor,46,48,1,32.5,210.18,34.25,201.98499999999999,0.46,0.56,0.822,0.738,1.75,8.195000000000022,-0.36199999999999993,-0.17799999999999994,0
2014,Penn State,Michigan State,10,34,0,31.0,209.84,31.25,207.28000000000003,0.539,0.85,1.016,0.969,0.25,2.559999999999974,-0.477,-0.119,0
2014,Wisconsin,Minnesota,34,24,0,48.75,180.06000000000003,58.75,166.6825,0.468,0.617,0.624,0.652,10.0,13.377500000000026,-0.15599999999999997,-0.03500000000000003,1
2014,Kansas State,Kansas,51,13,0,66.0,156.14499999999998,58.5,166.255,0.743,0.506,0.77,0.322,-7.5,-10.110000000000014,-0.027000000000000024,0.184,1
2014,Vanderbilt,Tennessee,17,24,0,43.0,189.4675,16.25,245.5525,0.081,0.429,0.799,0.649,-26.75,-56.08500000000001,-0.7180000000000001,-0.22000000000000003,0
2014,Duke,Wake Forest,41,21,0,67.25,158.78000000000003,65.0,158.10999999999999,0.782,0.728,0.243,0.251,-2.25,0.6700000000000443,0.539,0.477,1
2014,Miami,Pittsburgh,23,35,0,17.75,241.70499999999998,42.0,189.39,0.408,0.456,0.494,0.548,24.25,52.315,-0.08600000000000002,-0.09200000000000003,0
2014,Alabama,Auburn,55,44,0,1.75,303.83,8.0,271.8725,0.574,0.589,0.807,0.68,6.25,31.957499999999982,-0.2330000000000001,-0.09100000000000008,1
2014,TCU,Iowa State,55,3,0,34.75,203.44000000000003,64.25,160.9975,0.565,0.592,0.792,0.788,29.5,42.442500000000024,-0.2270000000000001,-0.19600000000000006,1
2014,Cincinnati,Houston,38,31,0,53.5,175.1425,60.25,166.695,0.402,0.44,0.84,0.884,6.75,8.44750000000002,-0.43799999999999994,-0.444,1
2014,Oklahoma,Oklahoma State,35,38,0,11.5,259.34499999999997,29.0,209.81500000000003,0.585,0.522,0.431,0.472,17.5,49.529999999999944,0.15399999999999997,0.050000000000000044,0
2014,Missouri,Alabama,13,42,1,38.25,197.3425,1.75,303.83,0.312,0.373,0.574,0.589,-36.5,-106.48749999999998,-0.26199999999999996,-0.21599999999999997,0
2014,Baylor,Kansas State,38,27,0,34.25,201.98499999999999,66.0,156.14499999999998,0.822,0.738,0.743,0.506,31.75,45.84,0.07899999999999996,0.23199999999999998,1
2014,Georgia Tech,Florida State,35,37,1,52.25,177.20250000000001,6.25,280.31,0.441,0.367,0.617,0.621,-46.0,-103.10749999999999,-0.176,-0.254,0
2014,Ohio State,Wisconsin,59,0,1,7.75,276.3325,48.75,180.06000000000003,0.62,0.571,0.468,0.617,41.0,96.27249999999995,0.15199999999999997,-0.04600000000000004,1
2015,South Carolina,North Carolina,17,13,1,17.75,239.05,29.25,212.62,0.349,0.284,0.885,0.95,11.5,26.430000000000007,-0.536,-0.6659999999999999,1
2015,Utah,Michigan,24,17,0,47.25,182.24,15.0,252.14,0.731,0.873,0.507,0.434,-32.25,-69.89999999999998,0.22399999999999998,0.439,1
2015,Minnesota,TCU,17,23,0,60.0,163.145,33.75,202.58,0.53,0.495,0.889,0.842,-26.25,-39.435,-0.359,-0.347,0
2015,Northwestern,Stanford,16,6,0,54.0,171.6675,23.5,230.81500000000003,0.405,0.442,0.84,0.774,-30.5,-59.147500000000036,-0.43499999999999994,-0.332,1
2015,Nebraska,BYU,28,33,0,26.25,220.0825,67.5,151.715,0.644,0.696,0.575,0.53,41.25,68.3675,0.06900000000000006,0.16599999999999993,0
2015,Auburn,Louisville,31,24,1,8.0,271.85249999999996,38.25,195.0925,0.202,0.157,0.596,0.619,30.25,76.75999999999996,-0.39399999999999996,-0.46199999999999997,1
2015,UCLA,Virginia,34,16,0,22.0,234.01749999999998,27.5,212.97,0.534,0.516,0.5,0.376,5.5,21.047499999999985,0.03400000000000003,0.14,1
2015,Notre Dame,Texas,38,3,0,10.5,266.20000000000005,10.0,264.635,0.536,0.407,0.496,0.63,-0.5,1.5650000000000546,0.040000000000000036,-0.22300000000000003,1
2015,Alabama,Wisconsin,35,17,1,1.0,312.7075,45.25,182.8375,0.222,0.251,0.561,0.623,44.25,129.86999999999998,-0.3390000000000001,-0.372,1
2015,Virginia Tech,Ohio State,24,42,0,26.25,215.66,4.0,291.00750000000005,0.892,0.936,0.825,0.913,-22.25,-75.34750000000005,0.06700000000000006,0.02300000000000002,0
2015,Louisville,Houston,31,34,0,38.25,195.0925,65.25,156.40499999999997,0.596,0.619,0.696,0.642,27.0,38.68750000000003,-0.09999999999999998,-0.02300000000000002,0
2015,Syracuse,Wake Forest,30,17,0,61.0,161.7625,66.0,153.58999999999997,0.678,0.638,0.202,0.744,5.0,8.172500000000014,0.47600000000000003,-0.10599999999999998,1
2015,Virginia,Notre Dame,27,34,0,27.5,212.97,10.5,266.20000000000005,0.5,0.376,0.536,0.407,-17.0,-53.23000000000005,-0.03600000000000003,-0.030999999999999972,0
2015,Vanderbilt,Georgia,14,31,0,41.75,188.1325,9.0,271.38,1.013,0.767,0.461,0.558,-32.75,-83.2475,0.5519999999999998,0.20899999999999996,0
2015,Iowa State,Iowa,17,31,0,62.0,160.11,45.0,188.38,0.706,0.657,0.333,0.356,-17.0,-28.269999999999982,0.37299999999999994,0.30100000000000005,0
2015,Tennessee,Oklahoma,24,31,0,16.25,246.355,13.75,250.685,0.91,0.602,0.831,0.866,-2.5,-4.3300000000000125,0.07900000000000007,-0.264,0
2015,South Carolina,Kentucky,22,26,0,17.75,239.05,35.5,198.4125,0.349,0.284,0.722,0.818,17.75,40.63750000000002,-0.373,-0.534,0
2015,Michigan State,Oregon,31,28,0,32.25,205.29500000000002,16.5,241.985,0.599,0.576,0.478,0.56,-15.75,-36.69,0.121,0.015999999999999903,1
2015,Mississippi State,LSU,19,21,0,30.75,204.98,7.25,276.385,0.742,0.703,0.792,0.77,-23.5,-71.405,-0.050000000000000044,-0.06700000000000006,0
2015,Stanford,UCF,31,7,0,23.5,230.81500000000003,74.25,142.68,0.84,0.774,0.429,0.698,50.75,88.13500000000002,0.411,0.07600000000000007,1
2015,Louisville,Clemson,17,20,0,38.25,195.0925,15.25,250.4525,0.596,0.619,0.86,0.632,-23.0,-55.359999999999985,-0.264,-0.013000000000000012,0
2015,Boston College,Florida State,0,14,0,61.25,158.5575,5.25,284.155,0.183,0.483,0.308,0.372,-56.0,-125.59749999999997,-0.125,0.11099999999999999,0
2015,North Carolina,Illinois,48,14,0,29.25,212.62,55.75,168.92749999999998,0.885,0.95,0.73,0.555,26.5,43.692500000000024,0.15500000000000003,0.3949999999999999,1
2015,Duke,Northwestern,10,19,0,64.25,157.41500000000002,54.0,171.6675,0.394,0.37,0.405,0.442,-10.25,-14.25249999999997,-0.01100000000000001,-0.07200000000000001,0
2015,Notre Dame,Georgia Tech,30,22,0,10.5,266.20000000000005,55.0,170.82750000000001,0.536,0.407,0.441,0.413,44.5,95.37250000000003,0.09500000000000003,-0.006000000000000005,1
2015,LSU,Auburn,45,21,0,7.25,276.385,8.0,271.85249999999996,0.792,0.77,0.202,0.157,0.75,4.532500000000027,0.5900000000000001,0.613,1
2015,Miami,Nebraska,36,33,0,17.25,243.33750000000003,26.25,220.0825,0.651,0.844,0.644,0.696,9.0,23.255000000000024,0.007000000000000006,0.14800000000000002,1
2015,Purdue,Virginia Tech,24,51,0,63.75,159.055,26.25,215.66,0.543,0.449,0.892,0.936,-37.5,-56.60499999999999,-0.349,-0.48700000000000004,0
2015,Georgia,South Carolina,52,20,0,9.0,271.38,17.75,239.05,0.461,0.558,0.349,0.284,8.75,32.329999999999984,0.11200000000000004,0.2740000000000001,1
2015,Arkansas,Texas Tech,24,35,0,25.0,220.11,33.25,206.305,0.888,0.942,0.821,0.877,8.25,13.805000000000007,0.06700000000000006,0.06499999999999995,0
2015,Kentucky,Florida,9,14,0,35.5,198.4125,6.5,276.95,0.722,0.818,0.522,0.426,-29.0,-78.5375,0.19999999999999996,0.39199999999999996,0
2015,Iowa,Pittsburgh,27,24,0,45.0,188.38,45.25,183.1975,0.333,0.356,0.842,0.875,0.25,5.1825000000000045,-0.5089999999999999,-0.519,1
2015,Penn State,Rutgers,28,3,0,33.75,202.76999999999998,39.0,196.7625,0.748,0.789,0.456,0.609,5.25,6.007499999999993,0.292,0.18000000000000005,1
2015,USC,Stanford,31,41,0,8.5,270.6175,23.5,230.81500000000003,0.53,0.567,0.84,0.774,15.0,39.80249999999998,-0.30999999999999994,-0.20700000000000007,0
2015,Alabama,Ole Miss,37,43,0,1.0,312.7075,22.75,233.445,0.222,0.251,0.547,0.445,21.75,79.26249999999999,-0.32500000000000007,-0.194,0
2015,UCLA,BYU,24,23,0,22.0,234.01749999999998,67.5,151.715,0.534,0.516,0.575,0.53,45.5,82.30249999999998,-0.040999999999999925,-0.014000000000000012,1
2015,Duke,Georgia Tech,34,20,0,64.25,157.41500000000002,55.0,170.82750000000001,0.394,0.37,0.441,0.413,-9.25,-13.412499999999994,-0.046999999999999986,-0.04299999999999998,1
2015,Michigan,BYU,31,0,0,15.0,252.14,67.5,151.715,0.507,0.434,0.575,0.53,52.5,100.42499999999998,-0.06799999999999995,-0.09600000000000003,1
2015,Rutgers,Kansas,27,14,0,39.0,196.7625,55.0,166.065,0.456,0.609,0.352,0.543,16.0,30.69749999999999,0.10400000000000004,0.06599999999999995,1
2015,Syracuse,LSU,24,34,0,61.0,161.7625,7.25,276.385,0.678,0.638,0.792,0.77,-53.75,-114.6225,-0.11399999999999999,-0.132,0
2015,South Carolina,UCF,31,14,0,17.75,239.05,74.25,142.68,0.349,0.284,0.429,0.698,56.5,96.37,-0.08000000000000002,-0.414,1
2015,Wake Forest,Indiana,24,31,0,66.0,153.58999999999997,50.5,176.235,0.202,0.744,0.271,0.471,-15.5,-22.64500000000004,-0.069,0.273,0
2015,West Virginia,Maryland,45,6,0,39.0,190.72249999999997,41.5,188.00500000000002,0.366,0.421,0.297,0.34,2.5,2.7174999999999443,0.069,0.08099999999999996,1
2015,Florida,Tennessee,28,27,0,6.5,276.95,16.25,246.355,0.522,0.426,0.91,0.602,9.75,30.595,-0.388,-0.176,1
2015,Texas,Oklahoma State,27,30,0,10.0,264.635,28.5,210.9375,0.496,0.63,0.723,0.443,18.5,53.69749999999999,-0.22699999999999998,0.187,0
2015,Texas Tech,TCU,52,55,0,33.25,206.305,33.75,202.58,0.821,0.877,0.889,0.842,0.5,3.7249999999999943,-0.06800000000000006,0.03500000000000003,0
2015,Arkansas,Texas A&M,21,28,1,25.0,220.11,16.0,246.98499999999996,0.888,0.942,0.57,0.594,-9.0,-26.874999999999943,0.31800000000000006,0.348,0
2015,Ole Miss,Vanderbilt,27,16,0,22.75,233.445,41.75,188.1325,0.547,0.445,1.013,0.767,19.0,45.3125,-0.46599999999999986,-0.322,1
2015,Auburn,Mississippi State,9,17,0,8.0,271.85249999999996,30.75,204.98,0.202,0.157,0.742,0.703,22.75,66.87249999999997,-0.54,-0.5459999999999999,0
2015,Kentucky,Missouri,21,13,0,35.5,198.4125,42.25,189.72500000000002,0.722,0.818,0.474,0.649,6.75,8.687499999999972,0.248,0.16899999999999993,1
2015,Oregon,Utah,20,62,0,16.5,241.985,47.25,182.24,0.478,0.56,0.731,0.873,30.75,59.745000000000005,-0.253,-0.31299999999999994,0
2015,Cincinnati,Miami,34,23,0,55.75,169.4475,17.25,243.33750000000003,0.895,0.892,0.651,0.844,-38.5,-73.89000000000004,0.244,0.04800000000000004,1
2015,Michigan State,Purdue,24,21,0,32.25,205.29500000000002,63.75,159.055,0.599,0.576,0.543,0.449,31.5,46.24000000000001,0.05599999999999994,0.12699999999999995,1
2015,Maryland,Michigan,0,28,0,41.5,188.00500000000002,15.0,252.14,0.297,0.34,0.507,0.434,-26.5,-64.13499999999996,-0.21000000000000002,-0.09399999999999997,0
2015,Missouri,South Carolina,24,10,0,42.25,189.72500000000002,17.75,239.05,0.474,0.649,0.349,0.284,-24.5,-49.32499999999999,0.125,0.36500000000000005,1
2015,Wisconsin,Iowa,6,10,0,45.25,182.8375,45.0,188.38,0.561,0.623,0.333,0.356,-0.25,-5.54249999999999,0.22800000000000004,0.267,0
2015,Northwestern,Minnesota,27,0,0,54.0,171.6675,60.0,163.145,0.405,0.442,0.53,0.495,6.0,8.52249999999998,-0.125,-0.05299999999999999,1
2015,Oklahoma,West Virginia,44,24,0,13.75,250.685,39.0,190.72249999999997,0.831,0.866,0.366,0.421,25.25,59.962500000000034,0.46499999999999997,0.445,1
2015,TCU,Texas,50,7,0,33.75,202.58,10.0,264.635,0.889,0.842,0.496,0.63,-23.75,-62.05499999999998,0.393,0.21199999999999997,1
2015,Iowa State,Kansas,38,13,0,62.0,160.11,55.0,166.065,0.706,0.657,0.352,0.543,-7.0,-5.954999999999984,0.354,0.11399999999999999,1
2015,Virginia Tech,Pittsburgh,13,17,0,26.25,215.66,45.25,183.1975,0.892,0.936,0.842,0.875,19.0,32.462500000000006,0.050000000000000044,0.061000000000000054,0
2015,NC State,Louisville,13,20,0,54.0,172.595,38.25,195.0925,0.82,0.804,0.596,0.619,-15.75,-22.497500000000002,0.22399999999999998,0.18500000000000005,0
2015,Wake Forest,Florida State,16,24,0,66.0,153.58999999999997,5.25,284.155,0.202,0.744,0.308,0.372,-60.75,-130.565,-0.10599999999999998,0.372,0
2015,Baylor,Texas Tech,63,35,1,31.0,204.98000000000002,33.25,206.305,0.608,0.549,0.821,0.877,2.25,-1.3249999999999886,-0.21299999999999997,-0.32799999999999996,1
2015,Duke,Boston College,9,7,0,64.25,157.41500000000002,61.25,158.5575,0.394,0.37,0.183,0.483,-3.0,-1.142499999999984,0.21100000000000002,-0.11299999999999999,1
2015,Indiana,Ohio State,27,34,0,50.5,176.235,4.0,291.00750000000005,0.271,0.471,0.825,0.913,-46.5,-114.77250000000004,-0.5539999999999999,-0.44200000000000006,0
2015,Georgia,Alabama,10,38,0,9.0,271.38,1.0,312.7075,0.461,0.558,0.222,0.251,-8.0,-41.327499999999986,0.23900000000000002,0.30700000000000005,0
2015,Georgia Tech,North Carolina,31,38,0,55.0,170.82750000000001,29.25,212.62,0.441,0.413,0.885,0.95,-25.75,-41.79249999999999,-0.444,-0.5369999999999999,0
2015,Oklahoma State,Kansas State,36,34,0,28.5,210.9375,59.25,159.605,0.723,0.443,0.13,0.233,30.75,51.33250000000001,0.593,0.21,1
2015,Illinois,Nebraska,14,13,0,55.75,168.92749999999998,26.25,220.0825,0.73,0.555,0.644,0.696,-29.5,-51.15500000000003,0.08599999999999997,-0.1409999999999999,1
2015,Florida,Ole Miss,38,10,0,6.5,276.95,22.75,233.445,0.522,0.426,0.547,0.445,16.25,43.504999999999995,-0.025000000000000022,-0.019000000000000017,1
2015,Tennessee,Arkansas,20,24,0,16.25,246.355,25.0,220.11,0.91,0.602,0.888,0.942,8.75,26.244999999999976,0.02200000000000002,-0.33999999999999997,0
2015,Texas A&M,Mississippi State,30,17,0,16.0,246.98499999999996,30.75,204.98,0.57,0.594,0.742,0.703,14.75,42.00499999999997,-0.17200000000000004,-0.10899999999999999,1
2015,Clemson,Notre Dame,24,22,0,15.25,250.4525,10.5,266.20000000000005,0.86,0.632,0.536,0.407,-4.75,-15.74750000000006,0.32399999999999995,0.22500000000000003,1
2015,Colorado,Oregon,24,41,0,61.25,162.64999999999998,16.5,241.985,0.811,0.839,0.478,0.56,-44.75,-79.33500000000004,0.3330000000000001,0.2789999999999999,0
2015,USC,Washington,12,17,0,8.5,270.6175,26.0,219.535,0.53,0.567,0.476,0.463,17.5,51.08250000000001,0.05400000000000005,0.10399999999999993,0
2015,Virginia Tech,NC State,28,13,0,26.25,215.66,54.0,172.595,0.892,0.936,0.82,0.804,27.75,43.065,0.07200000000000006,0.132,1
2015,Ohio State,Maryland,49,28,0,4.0,291.00750000000005,41.5,188.00500000000002,0.825,0.913,0.297,0.34,37.5,103.00250000000003,0.528,0.573,1
2015,Iowa,Illinois,29,20,0,45.0,188.38,55.75,168.92749999999998,0.333,0.356,0.73,0.555,10.75,19.452500000000015,-0.39699999999999996,-0.19900000000000007,1
2015,Texas,Oklahoma,24,17,1,10.0,264.635,13.75,250.685,0.496,0.63,0.831,0.866,3.75,13.949999999999989,-0.33499999999999996,-0.236,1
2015,Kansas,Baylor,7,66,0,55.0,166.065,31.0,204.98000000000002,0.352,0.543,0.608,0.549,-24.0,-38.91500000000002,-0.256,-0.006000000000000005,0
2015,Penn State,Indiana,29,7,0,33.75,202.76999999999998,50.5,176.235,0.748,0.789,0.271,0.471,16.75,26.534999999999968,0.477,0.31800000000000006,1
2015,Pittsburgh,Virginia,26,19,0,45.25,183.1975,27.5,212.97,0.842,0.875,0.5,0.376,-17.75,-29.772500000000008,0.34199999999999997,0.499,1
2015,Boston College,Wake Forest,0,3,0,61.25,158.5575,66.0,153.58999999999997,0.183,0.483,0.202,0.744,4.75,4.96750000000003,-0.019000000000000017,-0.261,0
2015,Nebraska,Wisconsin,21,23,0,26.25,220.0825,45.25,182.8375,0.644,0.696,0.561,0.623,19.0,37.245000000000005,0.08299999999999996,0.07299999999999995,0
2015,Clemson,Georgia Tech,43,24,0,15.25,250.4525,55.0,170.82750000000001,0.86,0.632,0.441,0.413,39.75,79.62499999999997,0.419,0.21900000000000003,1
2015,Michigan,Northwestern,38,0,0,15.0,252.14,54.0,171.6675,0.507,0.434,0.405,0.442,39.0,80.4725,0.10199999999999998,-0.008000000000000007,1
2015,Purdue,Minnesota,13,41,0,63.75,159.055,60.0,163.145,0.543,0.449,0.53,0.495,-3.75,-4.090000000000003,0.013000000000000012,-0.045999999999999985,0
2015,Tennessee,Georgia,38,31,0,16.25,246.355,9.0,271.38,0.91,0.602,0.461,0.558,-7.25,-25.025000000000006,0.449,0.04399999999999993,1
2015,Texas Tech,Iowa State,66,31,0,33.25,206.305,62.0,160.11,0.821,0.877,0.706,0.657,28.75,46.19499999999999,0.11499999999999999,0.21999999999999997,1
2015,LSU,South Carolina,45,24,0,7.25,276.385,17.75,239.05,0.792,0.77,0.349,0.284,10.5,37.33499999999998,0.44300000000000006,0.48600000000000004,1
2015,Alabama,Arkansas,27,14,0,1.0,312.7075,25.0,220.11,0.222,0.251,0.888,0.942,24.0,92.59749999999997,-0.666,-0.691,1
2015,West Virginia,Oklahoma State,26,33,0,39.0,190.72249999999997,28.5,210.9375,0.366,0.421,0.723,0.443,-10.5,-20.215000000000032,-0.357,-0.02200000000000002,0
2015,Kansas State,TCU,45,52,0,59.25,159.605,33.75,202.58,0.13,0.233,0.889,0.842,-25.5,-42.97500000000002,-0.759,-0.609,0
2015,Missouri,Florida,3,21,0,42.25,189.72500000000002,6.5,276.95,0.474,0.649,0.522,0.426,-35.75,-87.22499999999997,-0.04800000000000004,0.22300000000000003,0
2015,Rutgers,Michigan State,24,31,0,39.0,196.7625,32.25,205.29500000000002,0.456,0.609,0.599,0.576,-6.75,-8.532500000000027,-0.14299999999999996,0.03300000000000003,0
2015,Florida State,Miami,29,24,0,5.25,284.155,17.25,243.33750000000003,0.308,0.372,0.651,0.844,12.0,40.81749999999994,-0.343,-0.472,1
2015,Kentucky,Auburn,27,30,0,35.5,198.4125,8.0,271.85249999999996,0.722,0.818,0.202,0.157,-27.5,-73.43999999999997,0.52,0.6609999999999999,0
2015,Stanford,UCLA,56,35,0,23.5,230.81500000000003,22.0,234.01749999999998,0.84,0.774,0.534,0.516,-1.5,-3.202499999999958,0.30599999999999994,0.258,1
2015,BYU,Cincinnati,38,24,0,67.5,151.715,55.75,169.4475,0.575,0.53,0.895,0.892,-11.75,-17.732499999999987,-0.32000000000000006,-0.362,1
2015,Northwestern,Iowa,10,40,0,54.0,171.6675,45.0,188.38,0.405,0.442,0.333,0.356,-9.0,-16.712500000000006,0.07200000000000001,0.08600000000000002,0
2015,Wisconsin,Purdue,24,7,0,45.25,182.8375,63.75,159.055,0.561,0.623,0.543,0.449,18.5,23.7825,0.018000000000000016,0.174,1
2015,Baylor,West Virginia,62,38,0,31.0,204.98000000000002,39.0,190.72249999999997,0.608,0.549,0.366,0.421,8.0,14.25750000000005,0.242,0.12800000000000006,1
2015,Kansas,Texas Tech,20,30,0,55.0,166.065,33.25,206.305,0.352,0.543,0.821,0.877,-21.75,-40.24000000000001,-0.469,-0.33399999999999996,0
2015,Florida State,Louisville,41,21,0,5.25,284.155,38.25,195.0925,0.308,0.372,0.596,0.619,33.0,89.06249999999997,-0.288,-0.247,1
2015,Georgia Tech,Pittsburgh,28,31,0,55.0,170.82750000000001,45.25,183.1975,0.441,0.413,0.842,0.875,-9.75,-12.369999999999976,-0.40099999999999997,-0.462,0
2015,Indiana,Rutgers,52,55,0,50.5,176.235,39.0,196.7625,0.271,0.471,0.456,0.609,-11.5,-20.527499999999975,-0.185,-0.138,0
2015,Virginia,Syracuse,44,38,0,27.5,212.97,61.0,161.7625,0.5,0.376,0.678,0.638,33.5,51.20750000000001,-0.17800000000000005,-0.262,1
2015,Minnesota,Nebraska,25,48,0,60.0,163.145,26.25,220.0825,0.53,0.495,0.644,0.696,-33.75,-56.9375,-0.11399999999999999,-0.20099999999999996,0
2015,Michigan,Michigan State,23,27,0,15.0,252.14,32.25,205.29500000000002,0.507,0.434,0.599,0.576,17.25,46.84499999999997,-0.09199999999999997,-0.14199999999999996,0
2015,Miami,Virginia Tech,30,20,0,17.25,243.33750000000003,26.25,215.66,0.651,0.844,0.892,0.936,9.0,27.677500000000038,-0.241,-0.09200000000000008,1
2015,Kansas State,Oklahoma,0,55,0,59.25,159.605,13.75,250.685,0.13,0.233,0.831,0.866,-45.5,-91.08000000000001,-0.701,-0.633,0
2015,Texas A&M,Alabama,23,41,0,16.0,246.98499999999996,1.0,312.7075,0.57,0.594,0.222,0.251,-15.0,-65.72250000000003,0.348,0.34299999999999997,0
2015,South Carolina,Vanderbilt,19,10,0,17.75,239.05,41.75,188.1325,0.349,0.284,1.013,0.767,24.0,50.91750000000002,-0.6639999999999999,-0.48300000000000004,1
2015,Iowa State,TCU,21,45,0,62.0,160.11,33.75,202.58,0.706,0.657,0.889,0.842,-28.25,-42.47,-0.18300000000000005,-0.18499999999999994,0
2015,North Carolina,Wake Forest,50,14,0,29.25,212.62,66.0,153.58999999999997,0.885,0.95,0.202,0.744,36.75,59.03000000000003,0.683,0.20599999999999996,1
2015,Clemson,Boston College,34,17,0,15.25,250.4525,61.25,158.5575,0.86,0.632,0.183,0.483,46.0,91.89499999999998,0.677,0.14900000000000002,1
2015,LSU,Florida,35,28,0,7.25,276.385,6.5,276.95,0.792,0.77,0.522,0.426,-0.75,-0.5649999999999977,0.27,0.34400000000000003,1
2015,Georgia,Missouri,9,6,0,9.0,271.38,42.25,189.72500000000002,0.461,0.558,0.474,0.649,33.25,81.65499999999997,-0.012999999999999956,-0.09099999999999997,1
2015,Notre Dame,USC,41,31,0,10.5,266.20000000000005,8.5,270.6175,0.536,0.407,0.53,0.567,-2.0,-4.417499999999961,0.006000000000000005,-0.15999999999999998,1
2015,Ohio State,Penn State,38,10,0,4.0,291.00750000000005,33.75,202.76999999999998,0.825,0.913,0.748,0.789,29.75,88.23750000000007,0.07699999999999996,0.124,1
2015,Washington,Oregon,20,26,0,26.0,219.535,16.5,241.985,0.476,0.463,0.478,0.56,-9.5,-22.450000000000017,-0.0020000000000000018,-0.09700000000000003,0
2015,Wake Forest,NC State,17,35,0,66.0,153.58999999999997,54.0,172.595,0.202,0.744,0.82,0.804,-12.0,-19.005000000000024,-0.6179999999999999,-0.06000000000000005,0
2015,Nebraska,Northwestern,28,30,0,26.25,220.0825,54.0,171.6675,0.644,0.696,0.405,0.442,27.75,48.41500000000002,0.239,0.25399999999999995,0
2015,Miami,Clemson,0,58,0,17.25,243.33750000000003,15.25,250.4525,0.651,0.844,0.86,0.632,-2.0,-7.114999999999952,-0.20899999999999996,0.21199999999999997,0
2015,Syracuse,Pittsburgh,20,23,0,61.0,161.7625,45.25,183.1975,0.678,0.638,0.842,0.875,-15.75,-21.435000000000002,-0.16399999999999992,-0.237,0
2015,Texas,Kansas State,23,9,0,10.0,264.635,59.25,159.605,0.496,0.63,0.13,0.233,49.25,105.03,0.366,0.397,1
2015,Arkansas,Auburn,54,46,0,25.0,220.11,8.0,271.85249999999996,0.888,0.942,0.202,0.157,-17.0,-51.74249999999995,0.6859999999999999,0.7849999999999999,1
2015,UCF,Houston,10,59,0,74.25,142.68,65.25,156.40499999999997,0.429,0.698,0.696,0.642,-9.0,-13.724999999999966,-0.26699999999999996,0.05599999999999994,0
2015,Baylor,Iowa State,45,27,0,31.0,204.98000000000002,62.0,160.11,0.608,0.549,0.706,0.657,31.0,44.870000000000005,-0.09799999999999998,-0.10799999999999998,1
2015,Louisville,Boston College,17,14,0,38.25,195.0925,61.25,158.5575,0.596,0.619,0.183,0.483,23.0,36.535,0.413,0.136,1
2015,Maryland,Penn State,30,31,1,41.5,188.00500000000002,33.75,202.76999999999998,0.297,0.34,0.748,0.789,-7.75,-14.764999999999958,-0.451,-0.449,0
2015,North Carolina,Virginia,26,13,0,29.25,212.62,27.5,212.97,0.885,0.95,0.5,0.376,-1.75,-0.3499999999999943,0.385,0.574,1
2015,Michigan State,Indiana,52,26,0,32.25,205.29500000000002,50.5,176.235,0.599,0.576,0.271,0.471,18.25,29.060000000000002,0.32799999999999996,0.10499999999999998,1
2015,Oklahoma State,Kansas,58,10,0,28.5,210.9375,55.0,166.065,0.723,0.443,0.352,0.543,26.5,44.8725,0.371,-0.10000000000000003,1
2015,Oklahoma,Texas Tech,63,27,0,13.75,250.685,33.25,206.305,0.831,0.866,0.821,0.877,19.5,44.379999999999995,0.010000000000000009,-0.01100000000000001,1
2015,Virginia Tech,Duke,43,45,0,26.25,215.66,64.25,157.41500000000002,0.892,0.936,0.394,0.37,38.0,58.244999999999976,0.498,0.5660000000000001,0
2015,Illinois,Wisconsin,13,24,0,55.75,168.92749999999998,45.25,182.8375,0.73,0.555,0.561,0.623,-10.5,-13.910000000000025,0.16899999999999993,-0.06799999999999995,0
2015,Alabama,Tennessee,19,14,0,1.0,312.7075,16.25,246.355,0.222,0.251,0.91,0.602,15.25,66.35249999999999,-0.6880000000000001,-0.351,1
2015,Vanderbilt,Missouri,10,3,0,41.75,188.1325,42.25,189.72500000000002,1.013,0.767,0.474,0.649,0.5,-1.5925000000000296,0.5389999999999999,0.118,1
2015,Ole Miss,Texas A&M,23,3,0,22.75,233.445,16.0,246.98499999999996,0.547,0.445,0.57,0.594,-6.75,-13.539999999999964,-0.02299999999999991,-0.14899999999999997,1
2015,Georgia Tech,Florida State,22,16,0,55.0,170.82750000000001,5.25,284.155,0.441,0.413,0.308,0.372,-49.75,-113.32749999999996,0.133,0.04099999999999998,1
2015,USC,Utah,42,24,0,8.5,270.6175,47.25,182.24,0.53,0.567,0.731,0.873,38.75,88.3775,-0.20099999999999996,-0.30600000000000005,1
2015,Mississippi State,Kentucky,42,16,0,30.75,204.98,35.5,198.4125,0.742,0.703,0.722,0.818,4.75,6.5674999999999955,0.020000000000000018,-0.11499999999999999,1
2015,Rutgers,Ohio State,7,49,0,39.0,196.7625,4.0,291.00750000000005,0.456,0.609,0.825,0.913,-35.0,-94.24500000000006,-0.36899999999999994,-0.30400000000000005,0
2015,Stanford,Washington,31,14,0,23.5,230.81500000000003,26.0,219.535,0.84,0.774,0.476,0.463,2.5,11.28000000000003,0.364,0.311,1
2015,Pittsburgh,North Carolina,19,26,0,45.25,183.1975,29.25,212.62,0.842,0.875,0.885,0.95,-16.0,-29.422500000000014,-0.04300000000000004,-0.07499999999999996,0
2015,TCU,West Virginia,40,10,0,33.75,202.58,39.0,190.72249999999997,0.889,0.842,0.366,0.421,5.25,11.857500000000044,0.523,0.421,1
2015,Wake Forest,Louisville,19,20,0,66.0,153.58999999999997,38.25,195.0925,0.202,0.744,0.596,0.619,-27.75,-41.502500000000026,-0.39399999999999996,0.125,0
2015,Auburn,Ole Miss,19,27,0,8.0,271.85249999999996,22.75,233.445,0.202,0.157,0.547,0.445,14.75,38.40749999999997,-0.34500000000000003,-0.28800000000000003,0
2015,Purdue,Nebraska,55,45,0,63.75,159.055,26.25,220.0825,0.543,0.449,0.644,0.696,-37.5,-61.0275,-0.10099999999999998,-0.24699999999999994,1
2015,Wisconsin,Rutgers,48,10,0,45.25,182.8375,39.0,196.7625,0.561,0.623,0.456,0.609,-6.25,-13.924999999999983,0.10500000000000004,0.014000000000000012,1
2015,Texas A&M,South Carolina,35,28,0,16.0,246.98499999999996,17.75,239.05,0.57,0.594,0.349,0.284,1.75,7.934999999999945,0.22099999999999997,0.31,1
2015,Florida State,Syracuse,45,21,0,5.25,284.155,61.0,161.7625,0.308,0.372,0.678,0.638,55.75,122.39249999999998,-0.37000000000000005,-0.266,1
2015,Cincinnati,UCF,52,7,0,55.75,169.4475,74.25,142.68,0.895,0.892,0.429,0.698,18.5,26.767499999999984,0.466,0.19400000000000006,1
2015,Penn State,Illinois,39,0,0,33.75,202.76999999999998,55.75,168.92749999999998,0.748,0.789,0.73,0.555,22.0,33.8425,0.018000000000000016,0.23399999999999999,1
2015,Boston College,Virginia Tech,10,26,0,61.25,158.5575,26.25,215.66,0.183,0.483,0.892,0.936,-35.0,-57.10249999999999,-0.7090000000000001,-0.45300000000000007,0
2015,UCLA,Colorado,35,31,0,22.0,234.01749999999998,61.25,162.64999999999998,0.534,0.516,0.811,0.839,39.25,71.3675,-0.277,-0.32299999999999995,1
2015,Virginia,Georgia Tech,27,21,0,27.5,212.97,55.0,170.82750000000001,0.5,0.376,0.441,0.413,27.5,42.142499999999984,0.059,-0.03699999999999998,1
2015,Kansas,Oklahoma,7,62,0,55.0,166.065,13.75,250.685,0.352,0.543,0.831,0.866,-41.25,-84.62,-0.479,-0.32299999999999995,0
2015,Texas Tech,Oklahoma State,53,70,0,33.25,206.305,28.5,210.9375,0.821,0.877,0.723,0.443,-4.75,-4.632499999999993,0.09799999999999998,0.434,0
2015,Iowa,Maryland,31,15,0,45.0,188.38,41.5,188.00500000000002,0.333,0.356,0.297,0.34,-3.5,0.3749999999999716,0.03600000000000003,0.01599999999999996,1
2015,Florida,Georgia,27,3,1,6.5,276.95,9.0,271.38,0.522,0.426,0.461,0.558,2.5,5.569999999999993,0.061,-0.13200000000000006,1
2015,NC State,Clemson,41,56,0,54.0,172.595,15.25,250.4525,0.82,0.804,0.86,0.632,-38.75,-77.85749999999999,-0.040000000000000036,0.17200000000000004,0
2015,Houston,Vanderbilt,34,0,0,65.25,156.40499999999997,41.75,188.1325,0.696,0.642,1.013,0.767,-23.5,-31.72750000000002,-0.31699999999999995,-0.125,1
2015,Minnesota,Michigan,26,29,0,60.0,163.145,15.0,252.14,0.53,0.495,0.507,0.434,-45.0,-88.99499999999998,0.02300000000000002,0.061,0
2015,Duke,Miami,27,30,0,64.25,157.41500000000002,17.25,243.33750000000003,0.394,0.37,0.651,0.844,-47.0,-85.92250000000001,-0.257,-0.474,0
2015,Iowa State,Texas,24,0,0,62.0,160.11,10.0,264.635,0.706,0.657,0.496,0.63,-52.0,-104.52499999999998,0.20999999999999996,0.027000000000000024,1
2015,Kentucky,Tennessee,21,52,0,35.5,198.4125,16.25,246.355,0.722,0.818,0.91,0.602,-19.25,-47.942499999999995,-0.18800000000000006,0.21599999999999997,0
2015,Kansas State,Baylor,24,31,0,59.25,159.605,31.0,204.98000000000002,0.13,0.233,0.608,0.549,-28.25,-45.37500000000003,-0.478,-0.31600000000000006,0
2015,Missouri,Mississippi State,13,31,0,42.25,189.72500000000002,30.75,204.98,0.474,0.649,0.742,0.703,-11.5,-15.254999999999967,-0.268,-0.05399999999999994,0
2015,Purdue,Illinois,14,48,0,63.75,159.055,55.75,168.92749999999998,0.543,0.449,0.73,0.555,-8.0,-9.872499999999974,-0.18699999999999994,-0.10600000000000004,0
2015,Georgia,Kentucky,27,3,0,9.0,271.38,35.5,198.4125,0.461,0.558,0.722,0.818,26.5,72.9675,-0.26099999999999995,-0.2599999999999999,1
2015,Northwestern,Penn State,23,21,0,54.0,171.6675,33.75,202.76999999999998,0.405,0.442,0.748,0.789,-20.25,-31.102499999999992,-0.34299999999999997,-0.34700000000000003,1
2015,West Virginia,Texas Tech,31,26,0,39.0,190.72249999999997,33.25,206.305,0.366,0.421,0.821,0.877,-5.75,-15.582500000000039,-0.45499999999999996,-0.456,1
2015,North Carolina,Duke,66,31,0,29.25,212.62,64.25,157.41500000000002,0.885,0.95,0.394,0.37,35.0,55.204999999999984,0.491,0.58,1
2015,Florida,Vanderbilt,9,7,0,6.5,276.95,41.75,188.1325,0.522,0.426,1.013,0.767,35.25,88.8175,-0.4909999999999999,-0.341,1
2015,Pittsburgh,Notre Dame,30,42,0,45.25,183.1975,10.5,266.20000000000005,0.842,0.875,0.536,0.407,-34.75,-83.00250000000005,0.30599999999999994,0.468,0
2015,Louisville,Syracuse,41,17,0,38.25,195.0925,61.0,161.7625,0.596,0.619,0.678,0.638,22.75,33.33000000000001,-0.08200000000000007,-0.019000000000000017,1
2015,Boston College,NC State,8,24,0,61.25,158.5575,54.0,172.595,0.183,0.483,0.82,0.804,-7.25,-14.037499999999994,-0.637,-0.32100000000000006,0
2015,Colorado,Stanford,10,42,0,61.25,162.64999999999998,23.5,230.81500000000003,0.811,0.839,0.84,0.774,-37.75,-68.16500000000005,-0.028999999999999915,0.06499999999999995,0
2015,Miami,Virginia,27,21,0,17.25,243.33750000000003,27.5,212.97,0.651,0.844,0.5,0.376,10.25,30.367500000000035,0.15100000000000002,0.46799999999999997,1
2015,Maryland,Wisconsin,24,31,0,41.5,188.00500000000002,45.25,182.8375,0.297,0.34,0.561,0.623,3.75,5.167500000000018,-0.26400000000000007,-0.283,0
2015,Indiana,Iowa,27,35,0,50.5,176.235,45.0,188.38,0.271,0.471,0.333,0.356,-5.5,-12.144999999999982,-0.062,0.11499999999999999,0
2015,Oklahoma State,TCU,49,29,0,28.5,210.9375,33.75,202.58,0.723,0.443,0.889,0.842,5.25,8.357499999999987,-0.16600000000000004,-0.39899999999999997,1
2015,Houston,Cincinnati,33,30,0,65.25,156.40499999999997,55.75,169.4475,0.696,0.642,0.895,0.892,-9.5,-13.042500000000018,-0.19900000000000007,-0.25,1
2015,Michigan,Rutgers,49,16,0,15.0,252.14,39.0,196.7625,0.507,0.434,0.456,0.609,24.0,55.3775,0.05099999999999999,-0.175,1
2015,Clemson,Florida State,23,13,0,15.25,250.4525,5.25,284.155,0.86,0.632,0.308,0.372,-10.0,-33.702499999999986,0.552,0.26,1
2015,Ole Miss,Arkansas,52,53,0,22.75,233.445,25.0,220.11,0.547,0.445,0.888,0.942,2.25,13.33499999999998,-0.34099999999999997,-0.49699999999999994,0
2015,Tennessee,South Carolina,27,24,0,16.25,246.355,17.75,239.05,0.91,0.602,0.349,0.284,1.5,7.304999999999978,0.561,0.318,1
2015,Nebraska,Michigan State,39,38,0,26.25,220.0825,32.25,205.29500000000002,0.644,0.696,0.599,0.576,6.0,14.787499999999994,0.04500000000000004,0.12,1
2015,Oklahoma,Iowa State,52,16,0,13.75,250.685,62.0,160.11,0.831,0.866,0.706,0.657,48.25,90.57499999999999,0.125,0.20899999999999996,1
2015,Washington,Utah,23,34,0,26.0,219.535,47.25,182.24,0.476,0.463,0.731,0.873,21.25,37.29499999999999,-0.255,-0.41,0
2015,Texas A&M,Auburn,10,26,0,16.0,246.98499999999996,8.0,271.85249999999996,0.57,0.594,0.202,0.157,-8.0,-24.867500000000007,0.36799999999999994,0.43699999999999994,0
2015,Texas,Kansas,59,20,0,10.0,264.635,55.0,166.065,0.496,0.63,0.352,0.543,45.0,98.57,0.14400000000000002,0.08699999999999997,1
2015,Ohio State,Minnesota,28,14,0,4.0,291.00750000000005,60.0,163.145,0.825,0.913,0.53,0.495,56.0,127.86250000000004,0.29499999999999993,0.41800000000000004,1
2015,Alabama,LSU,30,16,0,1.0,312.7075,7.25,276.385,0.222,0.251,0.792,0.77,6.25,36.32249999999999,-0.5700000000000001,-0.519,1
2015,Georgia Tech,Virginia Tech,21,23,0,55.0,170.82750000000001,26.25,215.66,0.441,0.413,0.892,0.936,-28.75,-44.83249999999998,-0.451,-0.5230000000000001,0
2015,Colorado,USC,24,27,0,61.25,162.64999999999998,8.5,270.6175,0.811,0.839,0.53,0.567,-52.75,-107.96750000000003,0.281,0.272,0
2015,South Carolina,Florida,14,24,0,17.75,239.05,6.5,276.95,0.349,0.284,0.522,0.426,-11.25,-37.89999999999998,-0.17300000000000004,-0.14200000000000002,0
2015,Illinois,Ohio State,3,28,0,55.75,168.92749999999998,4.0,291.00750000000005,0.73,0.555,0.825,0.913,-51.75,-122.08000000000007,-0.09499999999999997,-0.358,0
2015,Michigan State,Maryland,24,7,0,32.25,205.29500000000002,41.5,188.00500000000002,0.599,0.576,0.297,0.34,9.25,17.289999999999992,0.302,0.23599999999999993,1
2015,West Virginia,Texas,38,20,0,39.0,190.72249999999997,10.0,264.635,0.366,0.421,0.496,0.63,-29.0,-73.91250000000002,-0.13,-0.20900000000000002,1
2015,Duke,Pittsburgh,13,31,0,64.25,157.41500000000002,45.25,183.1975,0.394,0.37,0.842,0.875,-19.0,-25.78249999999997,-0.44799999999999995,-0.505,0
2015,Northwestern,Purdue,21,14,0,54.0,171.6675,63.75,159.055,0.405,0.442,0.543,0.449,9.75,12.612499999999983,-0.138,-0.007000000000000006,1
2015,TCU,Kansas,23,17,0,33.75,202.58,55.0,166.065,0.889,0.842,0.352,0.543,21.25,36.515000000000015,0.537,0.29899999999999993,1
2015,Auburn,Georgia,13,20,0,8.0,271.85249999999996,9.0,271.38,0.202,0.157,0.461,0.558,1.0,0.47249999999996817,-0.259,-0.401,0
2015,Louisville,Virginia,38,31,0,38.25,195.0925,27.5,212.97,0.596,0.619,0.5,0.376,-10.75,-17.877499999999998,0.09599999999999997,0.243,1
2015,Florida State,NC State,34,17,0,5.25,284.155,54.0,172.595,0.308,0.372,0.82,0.804,48.75,111.55999999999997,-0.512,-0.43200000000000005,1
2015,Iowa State,Oklahoma State,31,35,0,62.0,160.11,28.5,210.9375,0.706,0.657,0.723,0.443,-33.5,-50.827499999999986,-0.017000000000000015,0.21400000000000002,0
2015,Indiana,Michigan,41,48,0,50.5,176.235,15.0,252.14,0.271,0.471,0.507,0.434,-35.5,-75.90499999999997,-0.236,0.03699999999999998,0
2015,Rutgers,Nebraska,14,31,0,39.0,196.7625,26.25,220.0825,0.456,0.609,0.644,0.696,-12.75,-23.32000000000002,-0.188,-0.08699999999999997,0
2015,Texas Tech,Kansas State,59,44,0,33.25,206.305,59.25,159.605,0.821,0.877,0.13,0.233,26.0,46.70000000000002,0.691,0.644,1
2015,North Carolina,Miami,59,21,0,29.25,212.62,17.25,243.33750000000003,0.885,0.95,0.651,0.844,-12.0,-30.71750000000003,0.23399999999999999,0.10599999999999998,1
2015,Notre Dame,Wake Forest,28,7,0,10.5,266.20000000000005,66.0,153.58999999999997,0.536,0.407,0.202,0.744,55.5,112.61000000000007,0.334,-0.337,1
2015,Syracuse,Clemson,27,37,0,61.0,161.7625,15.25,250.4525,0.678,0.638,0.86,0.632,-45.75,-88.69,-0.18199999999999994,0.006000000000000005,0
2015,Mississippi State,Alabama,6,31,0,30.75,204.98,1.0,312.7075,0.742,0.703,0.222,0.251,-29.75,-107.72749999999999,0.52,0.45199999999999996,0
2015,Vanderbilt,Kentucky,21,17,0,41.75,188.1325,35.5,198.4125,1.013,0.767,0.722,0.818,-6.25,-10.280000000000001,0.2909999999999999,-0.050999999999999934,1
2015,LSU,Arkansas,14,31,0,7.25,276.385,25.0,220.11,0.792,0.77,0.888,0.942,17.75,56.27499999999998,-0.09599999999999997,-0.17199999999999993,0
2015,Stanford,Oregon,36,38,0,23.5,230.81500000000003,16.5,241.985,0.84,0.774,0.478,0.56,-7.0,-11.169999999999987,0.362,0.21399999999999997,0
2015,Missouri,BYU,20,16,1,42.25,189.72500000000002,67.5,151.715,0.474,0.649,0.575,0.53,25.25,38.01000000000002,-0.10099999999999998,0.119,1
2015,Baylor,Oklahoma,34,44,0,31.0,204.98000000000002,13.75,250.685,0.608,0.549,0.831,0.866,-17.25,-45.704999999999984,-0.22299999999999998,-0.31699999999999995,0
2015,Iowa,Minnesota,40,35,0,45.0,188.38,60.0,163.145,0.333,0.356,0.53,0.495,15.0,25.234999999999985,-0.197,-0.139,1
2015,Minnesota,Illinois,32,23,0,60.0,163.145,55.75,168.92749999999998,0.53,0.495,0.73,0.555,-4.25,-5.78249999999997,-0.19999999999999996,-0.06000000000000005,1
2015,Maryland,Indiana,28,47,0,41.5,188.00500000000002,50.5,176.235,0.297,0.34,0.271,0.471,9.0,11.77000000000001,0.025999999999999968,-0.13099999999999995,0
2015,Kansas State,Iowa State,38,35,0,59.25,159.605,62.0,160.11,0.13,0.233,0.706,0.657,2.75,-0.5050000000000239,-0.576,-0.42400000000000004,1
2015,Kansas,West Virginia,0,49,0,55.0,166.065,39.0,190.72249999999997,0.352,0.543,0.366,0.421,-16.0,-24.65749999999997,-0.014000000000000012,0.12200000000000005,0
2015,Virginia Tech,North Carolina,27,30,0,26.25,215.66,29.25,212.62,0.892,0.936,0.885,0.95,3.0,3.039999999999992,0.007000000000000006,-0.013999999999999901,0
2015,Penn State,Michigan,16,28,0,33.75,202.76999999999998,15.0,252.14,0.748,0.789,0.507,0.434,-18.75,-49.370000000000005,0.241,0.35500000000000004,0
2015,Iowa,Purdue,40,20,0,45.0,188.38,63.75,159.055,0.333,0.356,0.543,0.449,18.75,29.32499999999999,-0.21000000000000002,-0.09300000000000003,1
2015,Miami,Georgia Tech,38,21,0,17.25,243.33750000000003,55.0,170.82750000000001,0.651,0.844,0.441,0.413,37.75,72.51000000000002,0.21000000000000002,0.431,1
2015,NC State,Syracuse,42,29,0,54.0,172.595,61.0,161.7625,0.82,0.804,0.678,0.638,7.0,10.83250000000001,0.1419999999999999,0.16600000000000004,1
2015,Ohio State,Michigan State,14,17,0,4.0,291.00750000000005,32.25,205.29500000000002,0.825,0.913,0.599,0.576,28.25,85.71250000000003,0.22599999999999998,0.3370000000000001,0
2015,Virginia,Duke,42,34,0,27.5,212.97,64.25,157.41500000000002,0.5,0.376,0.394,0.37,36.75,55.55499999999998,0.10599999999999998,0.006000000000000005,1
2015,Utah,UCLA,9,17,0,47.25,182.24,22.0,234.01749999999998,0.731,0.873,0.534,0.516,-25.25,-51.777499999999975,0.19699999999999995,0.357,0
2015,Ole Miss,LSU,38,17,0,22.75,233.445,7.25,276.385,0.547,0.445,0.792,0.77,-15.5,-42.94,-0.245,-0.325,1
2015,Wisconsin,Northwestern,7,13,0,45.25,182.8375,54.0,171.6675,0.561,0.623,0.405,0.442,8.75,11.170000000000016,0.15600000000000003,0.181,0
2015,Clemson,Wake Forest,33,13,0,15.25,250.4525,66.0,153.58999999999997,0.86,0.632,0.202,0.744,50.75,96.86250000000001,0.6579999999999999,-0.11199999999999999,1
2015,Oregon,USC,48,28,0,16.5,241.985,8.5,270.6175,0.478,0.56,0.53,0.567,-8.0,-28.632499999999993,-0.052000000000000046,-0.006999999999999895,1
2015,Pittsburgh,Louisville,45,34,0,45.25,183.1975,38.25,195.0925,0.842,0.875,0.596,0.619,-7.0,-11.89500000000001,0.246,0.256,1
2015,Arkansas,Mississippi State,50,51,0,25.0,220.11,30.75,204.98,0.888,0.942,0.742,0.703,5.75,15.130000000000024,0.14600000000000002,0.239,0
2015,Missouri,Tennessee,8,19,0,42.25,189.72500000000002,16.25,246.355,0.474,0.649,0.91,0.602,-26.0,-56.62999999999997,-0.43600000000000005,0.04700000000000004,0
2015,Vanderbilt,Texas A&M,0,25,0,41.75,188.1325,16.0,246.98499999999996,1.013,0.767,0.57,0.594,-25.75,-58.852499999999964,0.44299999999999995,0.17300000000000004,0
2015,Notre Dame,Boston College,19,16,1,10.5,266.20000000000005,61.25,158.5575,0.536,0.407,0.183,0.483,50.75,107.64250000000004,0.35300000000000004,-0.07600000000000001,1
2015,Oklahoma State,Baylor,35,45,0,28.5,210.9375,31.0,204.98000000000002,0.723,0.443,0.608,0.549,2.5,5.957499999999982,0.11499999999999999,-0.10600000000000004,0
2015,Oklahoma,TCU,30,29,0,13.75,250.685,33.75,202.58,0.831,0.866,0.889,0.842,20.0,48.10499999999999,-0.05800000000000005,0.02400000000000002,1
2015,Texas,Texas Tech,45,48,0,10.0,264.635,33.25,206.305,0.496,0.63,0.821,0.877,23.25,58.329999999999984,-0.32499999999999996,-0.247,0
2015,Pittsburgh,Miami,24,29,0,45.25,183.1975,17.25,243.33750000000003,0.842,0.875,0.651,0.844,-28.0,-60.14000000000004,0.19099999999999995,0.031000000000000028,0
2015,Arkansas,Missouri,28,3,0,25.0,220.11,42.25,189.72500000000002,0.888,0.942,0.474,0.649,17.25,30.38499999999999,0.41400000000000003,0.2929999999999999,1
2015,Nebraska,Iowa,20,28,0,26.25,220.0825,45.0,188.38,0.644,0.696,0.333,0.356,18.75,31.702500000000015,0.311,0.33999999999999997,0
2015,TCU,Baylor,28,21,0,33.75,202.58,31.0,204.98000000000002,0.889,0.842,0.608,0.549,-2.75,-2.4000000000000057,0.281,0.2929999999999999,1
2015,West Virginia,Iowa State,30,6,0,39.0,190.72249999999997,62.0,160.11,0.366,0.421,0.706,0.657,23.0,30.612499999999955,-0.33999999999999997,-0.23600000000000004,1
2015,South Carolina,Clemson,32,37,0,17.75,239.05,15.25,250.4525,0.349,0.284,0.86,0.632,-2.5,-11.402499999999975,-0.511,-0.34800000000000003,0
2015,Georgia Tech,Georgia,7,13,0,55.0,170.82750000000001,9.0,271.38,0.441,0.413,0.461,0.558,-46.0,-100.55249999999998,-0.020000000000000018,-0.14500000000000007,0
2015,Kentucky,Louisville,24,38,0,35.5,198.4125,38.25,195.0925,0.722,0.818,0.596,0.619,2.75,3.319999999999993,0.126,0.19899999999999995,0
2015,Purdue,Indiana,36,54,0,63.75,159.055,50.5,176.235,0.543,0.449,0.271,0.471,-13.25,-17.180000000000007,0.272,-0.021999999999999964,0
2015,Michigan,Ohio State,13,42,0,15.0,252.14,4.0,291.00750000000005,0.507,0.434,0.825,0.913,-11.0,-38.867500000000064,-0.31799999999999995,-0.47900000000000004,0
2015,Rutgers,Maryland,41,46,0,39.0,196.7625,41.5,188.00500000000002,0.456,0.609,0.297,0.34,2.5,8.757499999999965,0.15900000000000003,0.26899999999999996,0
2015,Virginia,Virginia Tech,20,23,0,27.5,212.97,26.25,215.66,0.5,0.376,0.892,0.936,-1.25,-2.6899999999999977,-0.392,-0.56,0
2015,Wake Forest,Duke,21,27,0,66.0,153.58999999999997,64.25,157.41500000000002,0.202,0.744,0.394,0.37,-1.75,-3.8250000000000455,-0.192,0.374,0
2015,Syracuse,Boston College,20,17,0,61.0,161.7625,61.25,158.5575,0.678,0.638,0.183,0.483,0.25,3.204999999999984,0.49500000000000005,0.15500000000000003,1
2015,Utah,Colorado,20,14,0,47.25,182.24,61.25,162.64999999999998,0.731,0.873,0.811,0.839,14.0,19.590000000000032,-0.08000000000000007,0.03400000000000003,1
2015,Illinois,Northwestern,14,24,1,55.75,168.92749999999998,54.0,171.6675,0.73,0.555,0.405,0.442,-1.75,-2.740000000000009,0.32499999999999996,0.11300000000000004,0
2015,Auburn,Alabama,13,29,0,8.0,271.85249999999996,1.0,312.7075,0.202,0.157,0.222,0.251,-7.0,-40.85500000000002,-0.01999999999999999,-0.094,0
2015,Minnesota,Wisconsin,21,31,0,60.0,163.145,45.25,182.8375,0.53,0.495,0.561,0.623,-14.75,-19.692499999999995,-0.031000000000000028,-0.128,0
2015,Michigan State,Penn State,55,16,0,32.25,205.29500000000002,33.75,202.76999999999998,0.599,0.576,0.748,0.789,1.5,2.525000000000034,-0.14900000000000002,-0.21300000000000008,1
2015,NC State,North Carolina,34,45,0,54.0,172.595,29.25,212.62,0.82,0.804,0.885,0.95,-24.75,-40.025000000000006,-0.06500000000000006,-0.1459999999999999,0
2015,USC,UCLA,40,21,0,8.5,270.6175,22.0,234.01749999999998,0.53,0.567,0.534,0.516,13.5,36.60000000000002,-0.0040000000000000036,0.050999999999999934,1
2015,Kansas,Kansas State,14,45,0,55.0,166.065,59.25,159.605,0.352,0.543,0.13,0.233,4.25,6.460000000000008,0.22199999999999998,0.31000000000000005,0
2015,Tennessee,Vanderbilt,53,28,0,16.25,246.355,41.75,188.1325,0.91,0.602,1.013,0.767,25.5,58.2225,-0.10299999999999987,-0.16500000000000004,1
2015,Mississippi State,Ole Miss,27,38,0,30.75,204.98,22.75,233.445,0.742,0.703,0.547,0.445,-8.0,-28.465000000000003,0.19499999999999995,0.25799999999999995,0
2015,Florida,Florida State,2,27,0,6.5,276.95,5.25,284.155,0.522,0.426,0.308,0.372,-1.25,-7.204999999999984,0.21400000000000002,0.05399999999999999,0
2015,Stanford,Notre Dame,38,36,0,23.5,230.81500000000003,10.5,266.20000000000005,0.84,0.774,0.536,0.407,-13.0,-35.38500000000002,0.30399999999999994,0.36700000000000005,1
2015,LSU,Texas A&M,19,7,0,7.25,276.385,16.0,246.98499999999996,0.792,0.77,0.57,0.594,8.75,29.400000000000034,0.2220000000000001,0.17600000000000005,1
2015,Oklahoma State,Oklahoma,23,58,0,28.5,210.9375,13.75,250.685,0.723,0.443,0.831,0.866,-14.75,-39.7475,-0.10799999999999998,-0.423,0
2015,Baylor,Texas,17,23,0,31.0,204.98000000000002,10.0,264.635,0.608,0.549,0.496,0.63,-21.0,-59.65499999999997,0.11199999999999999,-0.08099999999999996,0
2015,Alabama,Florida,29,15,1,1.0,312.7075,6.5,276.95,0.222,0.251,0.522,0.426,5.5,35.75749999999999,-0.30000000000000004,-0.175,1
2015,Kansas State,West Virginia,24,23,0,59.25,159.605,39.0,190.72249999999997,0.13,0.233,0.366,0.421,-20.25,-31.11749999999998,-0.236,-0.18799999999999997,1
2015,Stanford,USC,41,22,1,23.5,230.81500000000003,8.5,270.6175,0.84,0.774,0.53,0.567,-15.0,-39.80249999999998,0.30999999999999994,0.20700000000000007,1
2015,Clemson,North Carolina,45,37,1,15.25,250.4525,29.25,212.62,0.86,0.632,0.885,0.95,14.0,37.83249999999998,-0.025000000000000022,-0.31799999999999995,1
2015,Iowa,Michigan State,13,16,1,45.0,188.38,32.25,205.29500000000002,0.333,0.356,0.599,0.576,-12.75,-16.91500000000002,-0.26599999999999996,-0.21999999999999997,0
2016,Vanderbilt,South Carolina,10,13,0,41.75,192.475,18.5,235.65,0.617,0.65,0.581,0.564,-23.25,-43.17500000000001,0.03600000000000003,0.08600000000000008,0
2016,Stanford,Kansas State,26,13,0,24.0,230.51500000000001,60.0,162.92249999999999,0.395,0.478,0.68,0.775,36.0,67.59250000000003,-0.28500000000000003,-0.29700000000000004,1
2016,Boston College,Georgia Tech,14,17,1,66.5,155.6975,55.25,173.48,0.921,0.869,0.883,0.855,-11.25,-17.7825,0.038000000000000034,0.014000000000000012,0
2016,Houston,Oklahoma,33,23,1,69.25,155.89,14.25,248.91,0.709,0.615,0.766,0.805,-55.0,-93.02000000000001,-0.05700000000000005,-0.19000000000000006,1
2016,West Virginia,Missouri,26,11,0,34.75,200.14999999999998,34.5,204.70499999999998,0.707,0.754,0.656,0.623,-0.25,-4.555000000000007,0.050999999999999934,0.131,1
2016,Washington,Rutgers,48,13,0,26.5,218.51749999999998,45.75,188.34,0.676,0.767,0.722,0.828,19.25,30.17749999999998,-0.04599999999999993,-0.06099999999999994,1
2016,Texas A&M,UCLA,31,24,0,10.25,266.27750000000003,13.75,258.38,0.537,0.396,0.543,0.616,3.5,7.897500000000036,-0.006000000000000005,-0.21999999999999997,1
2016,Wisconsin,LSU,16,14,1,44.5,186.78,6.5,279.315,0.297,0.512,0.93,0.956,-38.0,-92.535,-0.633,-0.44399999999999995,1
2016,North Carolina,Georgia,24,33,1,31.75,208.39999999999998,8.75,272.47,0.567,0.471,0.778,0.802,-23.0,-64.07000000000005,-0.21100000000000008,-0.33100000000000007,0
2016,Alabama,USC,52,6,1,1.0,315.85749999999996,8.25,276.59000000000003,0.341,0.279,0.605,0.543,7.25,39.26749999999993,-0.26399999999999996,-0.264,1
2016,Auburn,Clemson,13,19,0,8.75,271.175,15.0,252.525,0.569,0.488,0.888,0.89,6.25,18.650000000000006,-0.31900000000000006,-0.402,0
2016,Texas,Notre Dame,50,47,0,11.5,261.745,11.5,265.3025,0.858,0.773,0.656,0.688,0.0,-3.5575000000000045,0.20199999999999996,0.08500000000000008,1
2016,Florida State,Ole Miss,45,34,1,5.5,281.6625,22.0,238.26,0.773,0.749,0.771,0.723,16.5,43.40250000000003,0.0020000000000000018,0.026000000000000023,1
2016,Syracuse,Louisville,28,62,0,60.75,165.935,39.75,193.3575,1.014,0.914,0.995,0.992,-21.0,-27.422499999999985,0.019000000000000017,-0.07799999999999996,0
2016,Michigan,UCF,51,14,0,16.75,249.555,78.5,143.19,0.501,0.531,1.091,0.784,61.75,106.36500000000001,-0.59,-0.253,1
2016,Pittsburgh,Penn State,42,39,0,41.25,191.4225,29.5,214.92,0.693,0.723,0.651,0.521,-11.75,-23.497499999999974,0.041999999999999926,0.20199999999999996,1
2016,Purdue,Cincinnati,20,38,0,61.75,167.2975,61.0,167.8675,0.69,0.711,0.505,0.643,-0.75,-0.5699999999999932,0.18499999999999994,0.06799999999999995,0
2016,Florida,Kentucky,45,7,0,9.0,269.255,36.0,200.4875,0.311,0.218,0.787,0.648,27.0,68.76749999999998,-0.47600000000000003,-0.43000000000000005,1
2016,Duke,Wake Forest,14,24,0,61.5,164.025,62.25,161.57999999999998,0.693,0.753,0.801,0.927,0.75,2.4450000000000216,-0.1080000000000001,-0.17400000000000004,0
2016,Mississippi State,South Carolina,27,14,0,25.0,219.82,18.5,235.65,0.33,0.397,0.581,0.564,-6.5,-15.830000000000013,-0.25099999999999995,-0.16699999999999993,1
2016,TCU,Arkansas,38,41,0,36.5,198.57,25.25,219.1825,0.242,0.295,0.395,0.3,-11.25,-20.61250000000001,-0.15300000000000002,-0.0050000000000000044,0
2016,Utah,BYU,20,19,0,49.0,182.55749999999998,66.5,156.9875,0.337,0.232,0.679,0.748,17.5,25.569999999999965,-0.342,-0.516,1
2016,Illinois,North Carolina,23,48,0,58.5,168.38250000000002,31.75,208.39999999999998,0.688,0.71,0.567,0.471,-26.75,-40.017499999999956,0.121,0.239,0
2016,Iowa,Iowa State,42,3,0,53.25,178.71750000000003,63.25,163.26999999999998,0.839,0.744,0.632,0.573,10.0,15.447500000000048,0.20699999999999996,0.17100000000000004,1
2016,Tennessee,Virginia Tech,45,24,1,13.75,254.47499999999997,24.75,221.17249999999999,0.879,0.909,0.754,0.675,11.0,33.30249999999998,0.125,0.23399999999999999,1
2016,Oregon,Virginia,44,26,0,17.5,239.16,34.25,202.755,0.608,0.514,0.71,0.877,16.75,36.405,-0.10199999999999998,-0.363,1
2016,Cincinnati,Houston,16,40,0,61.0,167.8675,69.25,155.89,0.505,0.643,0.709,0.615,8.25,11.97750000000002,-0.20399999999999996,0.028000000000000025,0
2016,TCU,Iowa State,41,20,0,36.5,198.57,63.25,163.26999999999998,0.242,0.295,0.632,0.573,26.75,35.30000000000001,-0.39,-0.27799999999999997,1
2016,Louisville,Florida State,63,20,0,39.75,193.3575,5.5,281.6625,0.995,0.992,0.773,0.749,-34.25,-88.30500000000004,0.22199999999999998,0.243,1
2016,Georgia Tech,Vanderbilt,38,7,0,55.25,173.48,41.75,192.475,0.883,0.855,0.617,0.65,-13.5,-18.995000000000005,0.266,0.20499999999999996,1
2016,Oklahoma State,Pittsburgh,45,38,0,32.25,205.5525,41.25,191.4225,0.659,0.753,0.693,0.723,9.0,14.129999999999995,-0.03399999999999992,0.030000000000000027,1
2016,Ole Miss,Alabama,43,48,0,22.0,238.26,1.0,315.85749999999996,0.771,0.723,0.341,0.279,-21.0,-77.59749999999997,0.43,0.44399999999999995,0
2016,Virginia Tech,Boston College,49,0,0,24.75,221.17249999999999,66.5,155.6975,0.754,0.675,0.921,0.869,41.75,65.475,-0.16700000000000004,-0.19399999999999995,1
2016,Nebraska,Oregon,35,32,0,29.75,211.6125,17.5,239.16,0.907,0.846,0.608,0.514,-12.25,-27.547499999999985,0.29900000000000004,0.33199999999999996,1
2016,Michigan,Colorado,45,28,0,16.75,249.555,62.5,166.235,0.501,0.531,0.756,0.701,45.75,83.32,-0.255,-0.16999999999999993,1
2016,UCF,Maryland,24,30,0,78.5,143.19,40.75,192.84,1.091,0.784,0.87,0.799,-37.75,-49.650000000000006,0.22099999999999997,-0.015000000000000013,0
2016,LSU,Mississippi State,23,20,0,6.5,279.315,25.0,219.82,0.93,0.956,0.33,0.397,18.5,59.495000000000005,0.6000000000000001,0.5589999999999999,1
2016,Auburn,Texas A&M,16,29,0,8.75,271.175,10.25,266.27750000000003,0.569,0.488,0.537,0.396,1.5,4.8974999999999795,0.03199999999999992,0.09199999999999997,0
2016,Missouri,Georgia,27,28,0,34.5,204.70499999999998,8.75,272.47,0.656,0.623,0.778,0.802,-25.75,-67.76500000000004,-0.122,-0.17900000000000005,0
2016,Oklahoma,Ohio State,24,45,0,14.25,248.91,4.25,291.29,0.766,0.805,0.244,0.285,-10.0,-42.380000000000024,0.522,0.52,0
2016,Notre Dame,Michigan State,28,36,0,11.5,265.3025,30.0,211.03,0.656,0.688,0.226,0.46,18.5,54.27250000000001,0.43000000000000005,0.22799999999999992,0
2016,Stanford,USC,27,10,0,24.0,230.51500000000001,8.25,276.59000000000003,0.395,0.478,0.605,0.543,-15.75,-46.07500000000002,-0.20999999999999996,-0.06500000000000006,1
2016,Northwestern,Duke,24,13,0,52.5,177.7275,61.5,164.025,0.704,0.848,0.693,0.753,9.0,13.702499999999986,0.01100000000000001,0.09499999999999997,1
2016,BYU,UCLA,14,17,0,66.5,156.9875,13.75,258.38,0.679,0.748,0.543,0.616,-52.75,-101.39249999999998,0.136,0.132,0
2016,Georgia Tech,Clemson,7,26,0,55.25,173.48,15.0,252.525,0.883,0.855,0.888,0.89,-40.25,-79.04500000000002,-0.0050000000000000044,-0.03500000000000003,0
2016,Utah,USC,31,27,0,49.0,182.55749999999998,8.25,276.59000000000003,0.337,0.232,0.605,0.543,-40.75,-94.03250000000006,-0.26799999999999996,-0.31100000000000005,1
2016,Ole Miss,Georgia,45,14,0,22.0,238.26,8.75,272.47,0.771,0.723,0.778,0.802,-13.25,-34.210000000000036,-0.007000000000000006,-0.07900000000000007,1
2016,Michigan State,Wisconsin,6,30,0,30.0,211.03,44.5,186.78,0.226,0.46,0.297,0.512,14.5,24.25,-0.07099999999999998,-0.05199999999999999,0
2016,Rutgers,Iowa,7,14,0,45.75,188.34,53.25,178.71750000000003,0.722,0.828,0.839,0.744,7.5,9.622499999999974,-0.11699999999999999,0.08399999999999996,0
2016,Indiana,Wake Forest,28,33,0,50.0,180.4175,62.25,161.57999999999998,0.387,0.47,0.801,0.927,12.25,18.837500000000006,-0.41400000000000003,-0.4570000000000001,0
2016,Michigan,Penn State,49,10,0,16.75,249.555,29.5,214.92,0.501,0.531,0.651,0.521,12.75,34.63500000000002,-0.15000000000000002,0.010000000000000009,1
2016,Tennessee,Florida,38,28,0,13.75,254.47499999999997,9.0,269.255,0.879,0.909,0.311,0.218,-4.75,-14.78000000000003,0.5680000000000001,0.6910000000000001,1
2016,Notre Dame,Duke,35,38,0,11.5,265.3025,61.5,164.025,0.656,0.688,0.693,0.753,50.0,101.2775,-0.03699999999999992,-0.06500000000000006,0
2016,West Virginia,BYU,35,32,1,34.75,200.14999999999998,66.5,156.9875,0.707,0.754,0.679,0.748,31.75,43.162499999999966,0.027999999999999914,0.006000000000000005,1
2016,North Carolina,Pittsburgh,37,36,0,31.75,208.39999999999998,41.25,191.4225,0.567,0.471,0.693,0.723,9.5,16.977499999999964,-0.126,-0.252,1
2016,Oregon,Colorado,38,41,0,17.5,239.16,62.5,166.235,0.608,0.514,0.756,0.701,45.0,72.92499999999998,-0.14800000000000002,-0.18699999999999994,0
2016,Auburn,LSU,18,13,0,8.75,271.175,6.5,279.315,0.569,0.488,0.93,0.956,-2.25,-8.139999999999986,-0.3610000000000001,-0.46799999999999997,1
2016,Northwestern,Nebraska,13,24,0,52.5,177.7275,29.75,211.6125,0.704,0.848,0.907,0.846,-22.75,-33.88500000000002,-0.20300000000000007,0.0020000000000000018,0
2016,Kentucky,South Carolina,17,10,0,36.0,200.4875,18.5,235.65,0.787,0.648,0.581,0.564,-17.5,-35.162499999999994,0.20600000000000007,0.08400000000000007,1
2016,Baylor,Oklahoma State,35,24,0,28.5,211.465,32.25,205.5525,0.576,0.605,0.659,0.753,3.75,5.912499999999994,-0.08300000000000007,-0.14800000000000002,1
2016,UCLA,Stanford,13,22,0,13.75,258.38,24.0,230.51500000000001,0.543,0.616,0.395,0.478,10.25,27.86499999999998,0.14800000000000002,0.138,0
2016,Texas A&M,Arkansas,45,24,1,10.25,266.27750000000003,25.25,219.1825,0.537,0.396,0.395,0.3,15.0,47.09500000000003,0.14200000000000002,0.09600000000000003,1
2016,Texas Tech,Kansas,55,19,0,36.5,199.46499999999997,63.25,159.85750000000002,0.71,0.696,0.767,0.759,26.75,39.60749999999996,-0.05700000000000005,-0.06300000000000006,1
2016,Washington,Stanford,44,6,0,26.5,218.51749999999998,24.0,230.51500000000001,0.676,0.767,0.395,0.478,-2.5,-11.99750000000003,0.281,0.28900000000000003,1
2016,Georgia Tech,Miami,21,35,0,55.25,173.48,15.75,247.54000000000002,0.883,0.855,0.785,0.866,-39.5,-74.06000000000003,0.09799999999999998,-0.01100000000000001,0
2016,Iowa State,Baylor,42,45,0,63.25,163.26999999999998,28.5,211.465,0.632,0.573,0.576,0.605,-34.75,-48.19500000000002,0.05600000000000005,-0.03200000000000003,0
2016,Oklahoma State,Texas,49,31,0,32.25,205.5525,11.5,261.745,0.659,0.753,0.858,0.773,-20.75,-56.192499999999995,-0.19899999999999995,-0.020000000000000018,1
2016,Vanderbilt,Florida,6,13,0,41.75,192.475,9.0,269.255,0.617,0.65,0.311,0.218,-32.75,-76.78,0.306,0.43200000000000005,0
2016,Ohio State,Rutgers,58,0,0,4.25,291.29,45.75,188.34,0.244,0.285,0.722,0.828,41.5,102.95000000000002,-0.478,-0.5429999999999999,1
2016,Iowa,Northwestern,31,38,0,53.25,178.71750000000003,52.5,177.7275,0.839,0.744,0.704,0.848,-0.75,0.9900000000000375,0.135,-0.10399999999999998,0
2016,Syracuse,Notre Dame,33,50,1,60.75,165.935,11.5,265.3025,1.014,0.914,0.656,0.688,-49.25,-99.3675,0.358,0.2260000000000001,0
2016,Duke,Virginia,20,34,0,61.5,164.025,34.25,202.755,0.693,0.753,0.71,0.877,-27.25,-38.72999999999999,-0.017000000000000015,-0.124,0
2016,NC State,Wake Forest,33,16,0,44.0,189.935,62.25,161.57999999999998,0.558,0.525,0.801,0.927,18.25,28.355000000000018,-0.243,-0.402,1
2016,Maryland,Purdue,50,7,0,40.75,192.84,61.75,167.2975,0.87,0.799,0.69,0.711,21.0,25.54249999999999,0.18000000000000005,0.08800000000000008,1
2016,West Virginia,Kansas State,17,16,0,34.75,200.14999999999998,60.0,162.92249999999999,0.707,0.754,0.68,0.775,25.25,37.22749999999999,0.026999999999999913,-0.02100000000000002,1
2016,Georgia,Tennessee,31,34,0,8.75,272.47,13.75,254.47499999999997,0.778,0.802,0.879,0.909,5.0,17.99500000000006,-0.10099999999999998,-0.10699999999999998,0
2016,Nebraska,Illinois,31,16,0,29.75,211.6125,58.5,168.38250000000002,0.907,0.846,0.688,0.71,28.75,43.22999999999999,0.21900000000000008,0.136,1
2016,Florida State,North Carolina,35,37,0,5.5,281.6625,31.75,208.39999999999998,0.773,0.749,0.567,0.471,26.25,73.26250000000005,0.20600000000000007,0.278,0
2016,Michigan,Wisconsin,14,7,0,16.75,249.555,44.5,186.78,0.501,0.531,0.297,0.512,27.75,62.775000000000006,0.20400000000000001,0.019000000000000017,1
2016,Penn State,Minnesota,29,26,0,29.5,214.92,61.5,165.61,0.651,0.521,0.99,0.949,32.0,49.309999999999974,-0.33899999999999997,-0.42799999999999994,1
2016,South Carolina,Texas A&M,13,24,0,18.5,235.65,10.25,266.27750000000003,0.581,0.564,0.537,0.396,-8.25,-30.627500000000026,0.04399999999999993,0.16799999999999993,0
2016,TCU,Oklahoma,46,52,0,36.5,198.57,14.25,248.91,0.242,0.295,0.766,0.805,-22.25,-50.34,-0.524,-0.51,0
2016,Alabama,Kentucky,34,6,0,1.0,315.85749999999996,36.0,200.4875,0.341,0.279,0.787,0.648,35.0,115.36999999999995,-0.446,-0.369,1
2016,LSU,Missouri,42,7,0,6.5,279.315,34.5,204.70499999999998,0.93,0.956,0.656,0.623,28.0,74.61000000000001,0.274,0.33299999999999996,1
2016,Clemson,Louisville,42,36,0,15.0,252.525,39.75,193.3575,0.888,0.89,0.995,0.992,24.75,59.16750000000002,-0.10699999999999998,-0.10199999999999998,1
2016,Indiana,Michigan State,24,21,0,50.0,180.4175,30.0,211.03,0.387,0.47,0.226,0.46,-20.0,-30.61250000000001,0.161,0.009999999999999953,1
2016,Boston College,Clemson,10,56,0,66.5,155.6975,15.0,252.525,0.921,0.869,0.888,0.89,-51.5,-96.82750000000001,0.03300000000000003,-0.02100000000000002,0
2016,Penn State,Maryland,38,14,0,29.5,214.92,40.75,192.84,0.651,0.521,0.87,0.799,11.25,22.079999999999984,-0.21899999999999997,-0.278,1
2016,NC State,Notre Dame,10,3,0,44.0,189.935,11.5,265.3025,0.558,0.525,0.656,0.688,-32.5,-75.3675,-0.09799999999999998,-0.16299999999999992,1
2016,Kansas,TCU,23,24,0,63.25,159.85750000000002,36.5,198.57,0.767,0.759,0.242,0.295,-26.75,-38.71249999999998,0.525,0.464,0
2016,Oklahoma,Texas,45,40,1,14.25,248.91,11.5,261.745,0.766,0.805,0.858,0.773,-2.75,-12.835000000000008,-0.09199999999999997,0.03200000000000003,1
2016,Mississippi State,Auburn,14,38,0,25.0,219.82,8.75,271.175,0.33,0.397,0.569,0.488,-16.25,-51.35500000000002,-0.23899999999999993,-0.09099999999999997,0
2016,Minnesota,Iowa,7,14,0,61.5,165.61,53.25,178.71750000000003,0.99,0.949,0.839,0.744,-8.25,-13.107500000000016,0.15100000000000002,0.20499999999999996,0
2016,Pittsburgh,Georgia Tech,37,34,0,41.25,191.4225,55.25,173.48,0.693,0.723,0.883,0.855,14.0,17.942500000000024,-0.19000000000000006,-0.132,1
2016,Ohio State,Indiana,38,17,0,4.25,291.29,50.0,180.4175,0.244,0.285,0.387,0.47,45.75,110.87250000000003,-0.14300000000000002,-0.185,1
2016,North Carolina,Virginia Tech,3,34,0,31.75,208.39999999999998,24.75,221.17249999999999,0.567,0.471,0.754,0.675,-7.0,-12.772500000000008,-0.18700000000000006,-0.20400000000000007,0
2016,Michigan State,BYU,14,31,0,30.0,211.03,66.5,156.9875,0.226,0.46,0.679,0.748,36.5,54.04249999999999,-0.45300000000000007,-0.288,0
2016,Texas A&M,Tennessee,45,38,0,10.25,266.27750000000003,13.75,254.47499999999997,0.537,0.396,0.879,0.909,3.5,11.802500000000066,-0.34199999999999997,-0.513,1
2016,Oklahoma State,Iowa State,38,31,0,32.25,205.5525,63.25,163.26999999999998,0.659,0.753,0.632,0.573,31.0,42.28250000000003,0.027000000000000024,0.18000000000000005,1
2016,Illinois,Purdue,31,34,0,58.5,168.38250000000002,61.75,167.2975,0.688,0.71,0.69,0.711,3.25,1.085000000000008,-0.0020000000000000018,-0.0010000000000000009,0
2016,Kentucky,Vanderbilt,20,13,0,36.0,200.4875,41.75,192.475,0.787,0.648,0.617,0.65,5.75,8.012500000000017,0.17000000000000004,-0.0020000000000000018,1
2016,USC,Colorado,21,17,0,8.25,276.59000000000003,62.5,166.235,0.605,0.543,0.756,0.701,54.25,110.35500000000002,-0.15100000000000002,-0.15799999999999992,1
2016,Arkansas,Alabama,30,49,0,25.25,219.1825,1.0,315.85749999999996,0.395,0.3,0.341,0.279,-24.25,-96.67499999999995,0.05399999999999999,0.020999999999999963,0
2016,Rutgers,Michigan,0,78,0,45.75,188.34,16.75,249.555,0.722,0.828,0.501,0.531,-29.0,-61.215,0.22099999999999997,0.29699999999999993,0
2016,Wake Forest,Syracuse,28,9,0,62.25,161.57999999999998,60.75,165.935,0.801,0.927,1.014,0.914,-1.5,-4.355000000000018,-0.21299999999999997,0.013000000000000012,1
2016,Kansas State,Texas Tech,44,38,0,60.0,162.92249999999999,36.5,199.46499999999997,0.68,0.775,0.71,0.696,-23.5,-36.54249999999999,-0.029999999999999916,0.07900000000000007,1
2016,Oregon,Washington,21,70,0,17.5,239.16,26.5,218.51749999999998,0.608,0.514,0.676,0.767,9.0,20.642500000000013,-0.06800000000000006,-0.253,0
2016,Miami,Florida State,19,20,0,15.75,247.54000000000002,5.5,281.6625,0.785,0.866,0.773,0.749,-10.25,-34.1225,0.01200000000000001,0.11699999999999999,0
2016,South Carolina,Georgia,14,28,0,18.5,235.65,8.75,272.47,0.581,0.564,0.778,0.802,-9.75,-36.82000000000002,-0.19700000000000006,-0.2380000000000001,0
2016,Louisville,Duke,24,14,0,39.75,193.3575,61.5,164.025,0.995,0.992,0.693,0.753,21.75,29.332499999999982,0.30200000000000005,0.239,1
2016,BYU,Mississippi State,28,21,0,66.5,156.9875,25.0,219.82,0.679,0.748,0.33,0.397,-41.5,-62.83249999999998,0.34900000000000003,0.351,1
2016,Oklahoma,Kansas State,38,17,0,14.25,248.91,60.0,162.92249999999999,0.766,0.805,0.68,0.775,45.75,85.98750000000001,0.08599999999999997,0.030000000000000027,1
2016,Texas Tech,West Virginia,17,48,0,36.5,199.46499999999997,34.75,200.14999999999998,0.71,0.696,0.707,0.754,-1.75,-0.6850000000000023,0.0030000000000000027,-0.05800000000000005,0
2016,Clemson,NC State,24,17,0,15.0,252.525,44.0,189.935,0.888,0.89,0.558,0.525,29.0,62.59,0.32999999999999996,0.365,1
2016,Georgia,Vanderbilt,16,17,0,8.75,272.47,41.75,192.475,0.778,0.802,0.617,0.65,33.0,79.99500000000003,0.16100000000000003,0.15200000000000002,0
2016,Purdue,Iowa,35,49,0,61.75,167.2975,53.25,178.71750000000003,0.69,0.711,0.839,0.744,-8.5,-11.420000000000016,-0.14900000000000002,-0.03300000000000003,0
2016,Rutgers,Illinois,7,24,0,45.75,188.34,58.5,168.38250000000002,0.722,0.828,0.688,0.71,12.75,19.957499999999982,0.03400000000000003,0.118,0
2016,Maryland,Minnesota,10,31,0,40.75,192.84,61.5,165.61,0.87,0.799,0.99,0.949,20.75,27.22999999999999,-0.12,-0.1499999999999999,0
2016,Virginia,Pittsburgh,31,45,0,34.25,202.755,41.25,191.4225,0.71,0.877,0.693,0.723,7.0,11.332499999999982,0.017000000000000015,0.15400000000000003,0
2016,Baylor,Kansas,49,7,0,28.5,211.465,63.25,159.85750000000002,0.576,0.605,0.767,0.759,34.75,51.60749999999999,-0.19100000000000006,-0.15400000000000003,1
2016,Florida State,Wake Forest,17,6,0,5.5,281.6625,62.25,161.57999999999998,0.773,0.749,0.801,0.927,56.75,120.08250000000004,-0.028000000000000025,-0.17800000000000005,1
2016,Tennessee,Alabama,10,49,0,13.75,254.47499999999997,1.0,315.85749999999996,0.879,0.909,0.341,0.279,-12.75,-61.38249999999999,0.538,0.63,0
2016,Indiana,Nebraska,22,27,0,50.0,180.4175,29.75,211.6125,0.387,0.47,0.907,0.846,-20.25,-31.19500000000002,-0.52,-0.376,0
2016,Michigan State,Northwestern,40,54,0,30.0,211.03,52.5,177.7275,0.226,0.46,0.704,0.848,22.5,33.30250000000001,-0.478,-0.38799999999999996,0
2016,Miami,North Carolina,13,20,0,15.75,247.54000000000002,31.75,208.39999999999998,0.785,0.866,0.567,0.471,16.0,39.14000000000004,0.21800000000000008,0.395,0
2016,Syracuse,Virginia Tech,31,17,0,60.75,165.935,24.75,221.17249999999999,1.014,0.914,0.754,0.675,-36.0,-55.23749999999998,0.26,0.239,1
2016,Florida,Missouri,40,14,0,9.0,269.255,34.5,204.70499999999998,0.311,0.218,0.656,0.623,25.5,64.55000000000001,-0.34500000000000003,-0.405,1
2016,Arkansas,Ole Miss,34,30,0,25.25,219.1825,22.0,238.26,0.395,0.3,0.771,0.723,-3.25,-19.077499999999986,-0.376,-0.423,1
2016,Texas,Iowa State,27,6,0,11.5,261.745,63.25,163.26999999999998,0.858,0.773,0.632,0.573,51.75,98.47500000000002,0.22599999999999998,0.20000000000000007,1
2016,Notre Dame,Stanford,10,17,0,11.5,265.3025,24.0,230.51500000000001,0.656,0.688,0.395,0.478,12.5,34.787499999999994,0.261,0.20999999999999996,0
2016,Wisconsin,Ohio State,23,30,0,44.5,186.78,4.25,291.29,0.297,0.512,0.244,0.285,-40.25,-104.51000000000002,0.05299999999999999,0.22700000000000004,0
2016,Virginia Tech,Miami,37,16,0,24.75,221.17249999999999,15.75,247.54000000000002,0.754,0.675,0.785,0.866,-9.0,-26.367500000000035,-0.031000000000000028,-0.19099999999999995,1
2016,Iowa,Wisconsin,9,17,0,53.25,178.71750000000003,44.5,186.78,0.839,0.744,0.297,0.512,-8.75,-8.062499999999972,0.542,0.23199999999999998,0
2016,Kansas,Oklahoma State,20,44,0,63.25,159.85750000000002,32.25,205.5525,0.767,0.759,0.659,0.753,-31.0,-45.69499999999999,0.10799999999999998,0.006000000000000005,0
2016,Northwestern,Indiana,24,14,0,52.5,177.7275,50.0,180.4175,0.704,0.848,0.387,0.47,-2.5,-2.6899999999999977,0.31699999999999995,0.378,1
2016,Kansas State,Texas,24,21,0,60.0,162.92249999999999,11.5,261.745,0.68,0.775,0.858,0.773,-48.5,-98.82250000000002,-0.17799999999999994,0.0020000000000000018,1
2016,Minnesota,Rutgers,34,32,0,61.5,165.61,45.75,188.34,0.99,0.949,0.722,0.828,-15.75,-22.72999999999999,0.268,0.121,1
2016,Louisville,NC State,54,13,0,39.75,193.3575,44.0,189.935,0.995,0.992,0.558,0.525,4.25,3.422499999999985,0.43699999999999994,0.46699999999999997,1
2016,Boston College,Syracuse,20,28,0,66.5,155.6975,60.75,165.935,0.921,0.869,1.014,0.914,-5.75,-10.237500000000011,-0.09299999999999997,-0.04500000000000004,0
2016,Stanford,Colorado,5,10,0,24.0,230.51500000000001,62.5,166.235,0.395,0.478,0.756,0.701,38.5,64.28,-0.361,-0.22299999999999998,0
2016,Virginia,North Carolina,14,35,0,34.25,202.755,31.75,208.39999999999998,0.71,0.877,0.567,0.471,-2.5,-5.644999999999982,0.14300000000000002,0.406,0
2016,West Virginia,TCU,34,10,0,34.75,200.14999999999998,36.5,198.57,0.707,0.754,0.242,0.295,1.75,1.579999999999984,0.46499999999999997,0.459,1
2016,Alabama,Texas A&M,33,14,0,1.0,315.85749999999996,10.25,266.27750000000003,0.341,0.279,0.537,0.396,9.25,49.57999999999993,-0.196,-0.11699999999999999,1
2016,Michigan,Illinois,41,8,0,16.75,249.555,58.5,168.38250000000002,0.501,0.531,0.688,0.71,41.75,81.17249999999999,-0.18699999999999994,-0.17899999999999994,1
2016,Nebraska,Purdue,27,14,0,29.75,211.6125,61.75,167.2975,0.907,0.846,0.69,0.711,32.0,44.315,0.21700000000000008,0.135,1
2016,UCLA,Utah,45,52,0,13.75,258.38,49.0,182.55749999999998,0.543,0.616,0.337,0.232,35.25,75.82250000000002,0.20600000000000002,0.384,0
2016,Auburn,Arkansas,56,3,0,8.75,271.175,25.25,219.1825,0.569,0.488,0.395,0.3,16.5,51.99250000000001,0.17399999999999993,0.188,1
2016,Kentucky,Mississippi State,40,38,0,36.0,200.4875,25.0,219.82,0.787,0.648,0.33,0.397,-11.0,-19.332499999999982,0.457,0.251,1
2016,Maryland,Michigan State,28,17,0,40.75,192.84,30.0,211.03,0.87,0.799,0.226,0.46,-10.75,-18.189999999999998,0.644,0.339,1
2016,Penn State,Ohio State,24,21,0,29.5,214.92,4.25,291.29,0.651,0.521,0.244,0.285,-25.25,-76.37000000000003,0.40700000000000003,0.23600000000000004,1
2016,Texas Tech,Oklahoma,59,66,0,36.5,199.46499999999997,14.25,248.91,0.71,0.696,0.766,0.805,-22.25,-49.44500000000002,-0.05600000000000005,-0.1090000000000001,0
2016,LSU,Ole Miss,38,21,0,6.5,279.315,22.0,238.26,0.93,0.956,0.771,0.723,15.5,41.05500000000001,0.15900000000000003,0.23299999999999998,1
2016,Pittsburgh,Virginia Tech,36,39,0,41.25,191.4225,24.75,221.17249999999999,0.693,0.723,0.754,0.675,-16.5,-29.74999999999997,-0.061000000000000054,0.04799999999999993,0
2016,Michigan State,Michigan,23,32,0,30.0,211.03,16.75,249.555,0.226,0.46,0.501,0.531,-13.25,-38.525000000000006,-0.275,-0.07100000000000001,0
2016,Purdue,Penn State,24,62,0,61.75,167.2975,29.5,214.92,0.69,0.711,0.651,0.521,-32.25,-47.622499999999974,0.038999999999999924,0.18999999999999995,0
2016,Missouri,Kentucky,21,35,0,34.5,204.70499999999998,36.0,200.4875,0.656,0.623,0.787,0.648,1.5,4.217499999999973,-0.131,-0.025000000000000022,0
2016,Houston,UCF,31,24,0,69.25,155.89,78.5,143.19,0.709,0.615,1.091,0.784,9.25,12.699999999999989,-0.382,-0.16900000000000004,1
2016,Iowa State,Kansas State,26,31,0,63.25,163.26999999999998,60.0,162.92249999999999,0.632,0.573,0.68,0.775,-3.25,0.3474999999999966,-0.04800000000000004,-0.20200000000000007,0
2016,Illinois,Minnesota,17,40,0,58.5,168.38250000000002,61.5,165.61,0.688,0.71,0.99,0.949,3.0,2.772500000000008,-0.30200000000000005,-0.239,0
2016,Georgia Tech,Duke,38,35,0,55.25,173.48,61.5,164.025,0.883,0.855,0.693,0.753,6.25,9.454999999999984,0.19000000000000006,0.10199999999999998,1
2016,Virginia,Louisville,25,32,0,34.25,202.755,39.75,193.3575,0.71,0.877,0.995,0.992,5.5,9.397500000000008,-0.28500000000000003,-0.11499999999999999,0
2016,Oklahoma State,West Virginia,37,20,0,32.25,205.5525,34.75,200.14999999999998,0.659,0.753,0.707,0.754,2.5,5.402500000000032,-0.04799999999999993,-0.0010000000000000009,1
2016,NC State,Boston College,14,21,0,44.0,189.935,66.5,155.6975,0.558,0.525,0.921,0.869,22.5,34.23750000000001,-0.363,-0.344,0
2016,Texas,Baylor,35,34,0,11.5,261.745,28.5,211.465,0.858,0.773,0.576,0.605,17.0,50.28,0.28200000000000003,0.16800000000000004,1
2016,TCU,Texas Tech,24,27,0,36.5,198.57,36.5,199.46499999999997,0.242,0.295,0.71,0.696,0.0,-0.8949999999999818,-0.46799999999999997,-0.40099999999999997,0
2016,Indiana,Maryland,42,36,0,50.0,180.4175,40.75,192.84,0.387,0.47,0.87,0.799,-9.25,-12.422500000000014,-0.483,-0.32900000000000007,1
2016,Utah,Washington,24,31,0,49.0,182.55749999999998,26.5,218.51749999999998,0.337,0.232,0.676,0.767,-22.5,-35.96000000000001,-0.339,-0.535,0
2016,Ohio State,Northwestern,24,20,0,4.25,291.29,52.5,177.7275,0.244,0.285,0.704,0.848,48.25,113.56250000000003,-0.45999999999999996,-0.563,1
2016,Georgia,Florida,10,24,1,8.75,272.47,9.0,269.255,0.778,0.802,0.311,0.218,0.25,3.215000000000032,0.467,0.5840000000000001,0
2016,Notre Dame,Miami,30,27,0,11.5,265.3025,15.75,247.54000000000002,0.656,0.688,0.785,0.866,4.25,17.76249999999999,-0.129,-0.17800000000000005,1
2016,Wisconsin,Nebraska,23,17,0,44.5,186.78,29.75,211.6125,0.297,0.512,0.907,0.846,-14.75,-24.83250000000001,-0.6100000000000001,-0.33399999999999996,1
2016,Oklahoma,Kansas,56,3,0,14.25,248.91,63.25,159.85750000000002,0.766,0.805,0.767,0.759,49.0,89.05249999999998,-0.0010000000000000009,0.04600000000000004,1
2016,Ole Miss,Auburn,29,40,0,22.0,238.26,8.75,271.175,0.771,0.723,0.569,0.488,-13.25,-32.91500000000002,0.20200000000000007,0.235,0
2016,South Carolina,Tennessee,24,21,0,18.5,235.65,13.75,254.47499999999997,0.581,0.564,0.879,0.909,-4.75,-18.82499999999996,-0.29800000000000004,-0.3450000000000001,1
2016,Florida State,Clemson,34,37,0,5.5,281.6625,15.0,252.525,0.773,0.749,0.888,0.89,9.5,29.137500000000017,-0.11499999999999999,-0.14100000000000001,0
2016,Iowa State,Oklahoma,24,34,0,63.25,163.26999999999998,14.25,248.91,0.632,0.573,0.766,0.805,-49.0,-85.64000000000001,-0.134,-0.2320000000000001,0
2016,Colorado,UCLA,20,10,0,62.5,166.235,13.75,258.38,0.756,0.701,0.543,0.616,-48.75,-92.14499999999998,0.21299999999999997,0.08499999999999996,1
2016,Rutgers,Indiana,27,33,0,45.75,188.34,50.0,180.4175,0.722,0.828,0.387,0.47,4.25,7.922500000000014,0.33499999999999996,0.358,0
2016,Illinois,Michigan State,31,27,0,58.5,168.38250000000002,30.0,211.03,0.688,0.71,0.226,0.46,-28.5,-42.64749999999998,0.46199999999999997,0.24999999999999994,1
2016,Auburn,Vanderbilt,23,16,0,8.75,271.175,41.75,192.475,0.569,0.488,0.617,0.65,33.0,78.70000000000002,-0.04800000000000004,-0.16200000000000003,1
2016,Northwestern,Wisconsin,7,21,0,52.5,177.7275,44.5,186.78,0.704,0.848,0.297,0.512,-8.0,-9.052500000000009,0.407,0.33599999999999997,0
2016,Mississippi State,Texas A&M,35,28,0,25.0,219.82,10.25,266.27750000000003,0.33,0.397,0.537,0.396,-14.75,-46.45750000000004,-0.20700000000000002,0.0010000000000000009,1
2016,Texas Tech,Texas,37,45,0,36.5,199.46499999999997,11.5,261.745,0.71,0.696,0.858,0.773,-25.0,-62.28000000000003,-0.14800000000000002,-0.07700000000000007,0
2016,Boston College,Louisville,7,52,0,66.5,155.6975,39.75,193.3575,0.921,0.869,0.995,0.992,-26.75,-37.66,-0.07399999999999995,-0.123,0
2016,North Carolina,Georgia Tech,48,20,0,31.75,208.39999999999998,55.25,173.48,0.567,0.471,0.883,0.855,23.5,34.91999999999999,-0.31600000000000006,-0.384,1
2016,Miami,Pittsburgh,51,28,0,15.75,247.54000000000002,41.25,191.4225,0.785,0.866,0.693,0.723,25.5,56.11750000000001,0.09200000000000008,0.14300000000000002,1
2016,Wake Forest,Virginia,27,20,0,62.25,161.57999999999998,34.25,202.755,0.801,0.927,0.71,0.877,-28.0,-41.17500000000001,0.09100000000000008,0.050000000000000044,1
2016,Cincinnati,BYU,3,20,0,61.0,167.8675,66.5,156.9875,0.505,0.643,0.679,0.748,5.5,10.879999999999995,-0.17400000000000004,-0.10499999999999998,0
2016,Baylor,TCU,22,62,0,28.5,211.465,36.5,198.57,0.576,0.605,0.242,0.295,8.0,12.89500000000001,0.33399999999999996,0.31,0
2016,Kansas State,Oklahoma State,37,43,0,60.0,162.92249999999999,32.25,205.5525,0.68,0.775,0.659,0.753,-27.75,-42.630000000000024,0.02100000000000002,0.02200000000000002,0
2016,Duke,Virginia Tech,21,24,0,61.5,164.025,24.75,221.17249999999999,0.693,0.753,0.754,0.675,-36.75,-57.14749999999998,-0.061000000000000054,0.07799999999999996,0
2016,Minnesota,Purdue,44,31,0,61.5,165.61,61.75,167.2975,0.99,0.949,0.69,0.711,0.25,-1.6875,0.30000000000000004,0.238,1
2016,Arkansas,Florida,31,10,0,25.25,219.1825,9.0,269.255,0.395,0.3,0.311,0.218,-16.25,-50.07249999999999,0.08400000000000002,0.08199999999999999,1
2016,Clemson,Syracuse,54,0,0,15.0,252.525,60.75,165.935,0.888,0.89,1.014,0.914,45.75,86.59,-0.126,-0.02400000000000002,1
2016,Michigan,Maryland,59,3,0,16.75,249.555,40.75,192.84,0.501,0.531,0.87,0.799,24.0,56.715,-0.369,-0.268,1
2016,South Carolina,Missouri,31,21,0,18.5,235.65,34.5,204.70499999999998,0.581,0.564,0.656,0.623,16.0,30.94500000000002,-0.07500000000000007,-0.05900000000000005,1
2016,USC,Oregon,45,20,0,8.25,276.59000000000003,17.5,239.16,0.605,0.543,0.608,0.514,9.25,37.430000000000035,-0.0030000000000000027,0.029000000000000026,1
2016,NC State,Florida State,20,24,0,44.0,189.935,5.5,281.6625,0.558,0.525,0.773,0.749,-38.5,-91.72750000000002,-0.21499999999999997,-0.22399999999999998,0
2016,West Virginia,Kansas,48,21,0,34.75,200.14999999999998,63.25,159.85750000000002,0.707,0.754,0.767,0.759,28.5,40.29249999999996,-0.06000000000000005,-0.0050000000000000044,1
2016,Penn State,Iowa,41,14,0,29.5,214.92,53.25,178.71750000000003,0.651,0.521,0.839,0.744,23.75,36.20249999999996,-0.18799999999999994,-0.22299999999999998,1
2016,Kentucky,Georgia,24,27,0,36.0,200.4875,8.75,272.47,0.787,0.648,0.778,0.802,-27.25,-71.98250000000002,0.009000000000000008,-0.15400000000000003,0
2016,Ohio State,Nebraska,62,3,0,4.25,291.29,29.75,211.6125,0.244,0.285,0.907,0.846,25.5,79.67750000000001,-0.663,-0.5609999999999999,1
2016,LSU,Alabama,0,10,0,6.5,279.315,1.0,315.85749999999996,0.93,0.956,0.341,0.279,-5.5,-36.54249999999996,0.589,0.6769999999999999,0
2016,Duke,North Carolina,28,27,0,61.5,164.025,31.75,208.39999999999998,0.693,0.753,0.567,0.471,-29.75,-44.37499999999997,0.126,0.28200000000000003,1
2016,Florida State,Boston College,45,7,0,5.5,281.6625,66.5,155.6975,0.773,0.749,0.921,0.869,61.0,125.96500000000003,-0.14800000000000002,-0.12,1
2016,Michigan State,Rutgers,49,0,0,30.0,211.03,45.75,188.34,0.226,0.46,0.722,0.828,15.75,22.689999999999998,-0.496,-0.36799999999999994,1
2016,Texas,West Virginia,20,24,0,11.5,261.745,34.75,200.14999999999998,0.858,0.773,0.707,0.754,23.25,61.59500000000003,0.15100000000000002,0.019000000000000017,0
2016,Purdue,Northwestern,17,45,0,61.75,167.2975,52.5,177.7275,0.69,0.711,0.704,0.848,-9.25,-10.429999999999978,-0.014000000000000012,-0.137,0
2016,Oklahoma,Baylor,45,24,0,14.25,248.91,28.5,211.465,0.766,0.805,0.576,0.605,14.25,37.44499999999999,0.19000000000000006,0.20000000000000007,1
2016,Alabama,Mississippi State,51,3,0,1.0,315.85749999999996,25.0,219.82,0.341,0.279,0.33,0.397,24.0,96.03749999999997,0.01100000000000001,-0.118,1
2016,Florida,South Carolina,20,7,0,9.0,269.255,18.5,235.65,0.311,0.218,0.581,0.564,9.5,33.60499999999999,-0.26999999999999996,-0.346,1
2016,Tennessee,Kentucky,49,36,0,13.75,254.47499999999997,36.0,200.4875,0.879,0.909,0.787,0.648,22.25,53.987499999999955,0.09199999999999997,0.261,1
2016,Indiana,Penn State,31,45,0,50.0,180.4175,29.5,214.92,0.387,0.47,0.651,0.521,-20.5,-34.5025,-0.264,-0.051000000000000045,0
2016,UCF,Cincinnati,24,3,0,78.5,143.19,61.0,167.8675,1.091,0.784,0.505,0.643,-17.5,-24.67750000000001,0.586,0.14100000000000001,1
2016,Kansas,Iowa State,24,31,0,63.25,159.85750000000002,63.25,163.26999999999998,0.767,0.759,0.632,0.573,0.0,-3.412499999999966,0.135,0.18600000000000005,0
2016,Syracuse,NC State,20,35,0,60.75,165.935,44.0,189.935,1.014,0.914,0.558,0.525,-16.75,-24.0,0.45599999999999996,0.389,0
2016,Virginia,Miami,14,34,0,34.25,202.755,15.75,247.54000000000002,0.71,0.877,0.785,0.866,-18.5,-44.785000000000025,-0.07500000000000007,0.01100000000000001,0
2016,Georgia,Auburn,13,7,0,8.75,272.47,8.75,271.175,0.778,0.802,0.569,0.488,0.0,1.295000000000016,0.20900000000000007,0.31400000000000006,1
2016,Clemson,Pittsburgh,42,43,0,15.0,252.525,41.25,191.4225,0.888,0.89,0.693,0.723,26.25,61.10249999999999,0.19500000000000006,0.16700000000000004,0
2016,Missouri,Vanderbilt,26,17,0,34.5,204.70499999999998,41.75,192.475,0.656,0.623,0.617,0.65,7.25,12.22999999999999,0.039000000000000035,-0.027000000000000024,1
2016,Wisconsin,Illinois,48,3,0,44.5,186.78,58.5,168.38250000000002,0.297,0.512,0.688,0.71,14.0,18.39749999999998,-0.39099999999999996,-0.19799999999999995,1
2016,Virginia Tech,Georgia Tech,20,30,0,24.75,221.17249999999999,55.25,173.48,0.754,0.675,0.883,0.855,30.5,47.692499999999995,-0.129,-0.17999999999999994,0
2016,Oklahoma State,Texas Tech,45,44,0,32.25,205.5525,36.5,199.46499999999997,0.659,0.753,0.71,0.696,4.25,6.087500000000034,-0.050999999999999934,0.05700000000000005,1
2016,Maryland,Ohio State,3,62,0,40.75,192.84,4.25,291.29,0.87,0.799,0.244,0.285,-36.5,-98.45000000000002,0.626,0.514,0
2016,Oregon,Stanford,27,52,0,17.5,239.16,24.0,230.51500000000001,0.608,0.514,0.395,0.478,6.5,8.644999999999982,0.21299999999999997,0.03600000000000003,0
2016,Louisville,Wake Forest,44,12,0,39.75,193.3575,62.25,161.57999999999998,0.995,0.992,0.801,0.927,22.5,31.777500000000003,0.19399999999999995,0.06499999999999995,1
2016,Arkansas,LSU,10,38,0,25.25,219.1825,6.5,279.315,0.395,0.3,0.93,0.956,-18.75,-60.13249999999999,-0.535,-0.6559999999999999,0
2016,Nebraska,Minnesota,24,17,0,29.75,211.6125,61.5,165.61,0.907,0.846,0.99,0.949,31.75,46.0025,-0.08299999999999996,-0.10299999999999998,1
2016,Texas A&M,Ole Miss,28,29,0,10.25,266.27750000000003,22.0,238.26,0.537,0.396,0.771,0.723,11.75,28.01750000000004,-0.23399999999999999,-0.32699999999999996,0
2016,Washington,USC,13,26,0,26.5,218.51749999999998,8.25,276.59000000000003,0.676,0.767,0.605,0.543,-18.25,-58.07250000000005,0.07100000000000006,0.22399999999999998,0
2016,Iowa,Michigan,14,13,0,53.25,178.71750000000003,16.75,249.555,0.839,0.744,0.501,0.531,-36.5,-70.83749999999998,0.33799999999999997,0.21299999999999997,1
2016,Houston,Louisville,36,10,0,69.25,155.89,39.75,193.3575,0.709,0.615,0.995,0.992,-29.5,-37.4675,-0.28600000000000003,-0.377,1
2016,Michigan State,Ohio State,16,17,0,30.0,211.03,4.25,291.29,0.226,0.46,0.244,0.285,-25.75,-80.26000000000002,-0.017999999999999988,0.17500000000000004,0
2016,Purdue,Wisconsin,20,49,0,61.75,167.2975,44.5,186.78,0.69,0.711,0.297,0.512,-17.25,-19.482499999999987,0.39299999999999996,0.19899999999999995,0
2016,TCU,Oklahoma State,6,31,0,36.5,198.57,32.25,205.5525,0.242,0.295,0.659,0.753,-4.25,-6.982500000000016,-0.41700000000000004,-0.458,0
2016,Nebraska,Maryland,28,7,0,29.75,211.6125,40.75,192.84,0.907,0.846,0.87,0.799,11.0,18.772500000000008,0.03700000000000003,0.04699999999999993,1
2016,Baylor,Kansas State,21,42,0,28.5,211.465,60.0,162.92249999999999,0.576,0.605,0.68,0.775,31.5,48.54250000000002,-0.10400000000000009,-0.17000000000000004,0
2016,Illinois,Iowa,0,28,0,58.5,168.38250000000002,53.25,178.71750000000003,0.688,0.71,0.839,0.744,-5.25,-10.335000000000008,-0.15100000000000002,-0.03400000000000003,0
2016,Georgia Tech,Virginia,31,17,0,55.25,173.48,34.25,202.755,0.883,0.855,0.71,0.877,-21.0,-29.275000000000006,0.17300000000000004,-0.02200000000000002,1
2016,NC State,Miami,13,27,0,44.0,189.935,15.75,247.54000000000002,0.558,0.525,0.785,0.866,-28.25,-57.60500000000002,-0.22699999999999998,-0.34099999999999997,0
2016,LSU,Florida,10,16,0,6.5,279.315,9.0,269.255,0.93,0.956,0.311,0.218,2.5,10.060000000000002,0.619,0.738,0
2016,Utah,Oregon,28,30,0,49.0,182.55749999999998,17.5,239.16,0.337,0.232,0.608,0.514,-31.5,-56.60250000000002,-0.27099999999999996,-0.28200000000000003,0
2016,Pittsburgh,Duke,56,14,0,41.25,191.4225,61.5,164.025,0.693,0.723,0.693,0.753,20.25,27.397500000000008,0.0,-0.030000000000000027,1
2016,Notre Dame,Virginia Tech,31,34,0,11.5,265.3025,24.75,221.17249999999999,0.656,0.688,0.754,0.675,13.25,44.130000000000024,-0.09799999999999998,0.0129999999999999,0
2016,Kansas,Texas,24,21,0,63.25,159.85750000000002,11.5,261.745,0.767,0.759,0.858,0.773,-51.75,-101.88749999999999,-0.09099999999999997,-0.014000000000000012,1
2016,Iowa State,Texas Tech,66,10,0,63.25,163.26999999999998,36.5,199.46499999999997,0.632,0.573,0.71,0.696,-26.75,-36.19499999999999,-0.07799999999999996,-0.123,1
2016,Syracuse,Florida State,14,45,0,60.75,165.935,5.5,281.6625,1.014,0.914,0.773,0.749,-55.25,-115.72750000000002,0.241,0.16500000000000004,0
2016,Tennessee,Missouri,63,37,0,13.75,254.47499999999997,34.5,204.70499999999998,0.879,0.909,0.656,0.623,20.75,49.76999999999998,0.22299999999999998,0.28600000000000003,1
2016,Minnesota,Northwestern,29,12,0,61.5,165.61,52.5,177.7275,0.99,0.949,0.704,0.848,-9.0,-12.117499999999978,0.28600000000000003,0.10099999999999998,1
2016,Michigan,Indiana,20,10,0,16.75,249.555,50.0,180.4175,0.501,0.531,0.387,0.47,33.25,69.13750000000002,0.11399999999999999,0.061000000000000054,1
2016,Mississippi State,Arkansas,42,58,0,25.0,219.82,25.25,219.1825,0.33,0.397,0.395,0.3,0.25,0.6374999999999886,-0.065,0.09700000000000003,0
2016,Wake Forest,Clemson,13,35,0,62.25,161.57999999999998,15.0,252.525,0.801,0.927,0.888,0.89,-47.25,-90.94500000000002,-0.08699999999999997,0.03700000000000003,0
2016,West Virginia,Oklahoma,28,56,0,34.75,200.14999999999998,14.25,248.91,0.707,0.754,0.766,0.805,-20.5,-48.76000000000002,-0.05900000000000005,-0.051000000000000045,0
2016,Rutgers,Penn State,0,39,0,45.75,188.34,29.5,214.92,0.722,0.828,0.651,0.521,-16.25,-26.579999999999984,0.07099999999999995,0.30699999999999994,0
2016,Vanderbilt,Ole Miss,38,17,0,41.75,192.475,22.0,238.26,0.617,0.65,0.771,0.723,-19.75,-45.785,-0.15400000000000003,-0.07299999999999995,1
2016,UCLA,USC,14,36,0,13.75,258.38,8.25,276.59000000000003,0.543,0.616,0.605,0.543,-5.5,-18.210000000000036,-0.061999999999999944,0.07299999999999995,0
2016,Texas A&M,LSU,39,54,0,10.25,266.27750000000003,6.5,279.315,0.537,0.396,0.93,0.956,-3.75,-13.037499999999966,-0.393,-0.5599999999999999,0
2016,North Carolina,NC State,21,28,0,31.75,208.39999999999998,44.0,189.935,0.567,0.471,0.558,0.525,12.25,18.464999999999975,0.008999999999999897,-0.05400000000000005,0
2016,Missouri,Arkansas,28,24,0,34.5,204.70499999999998,25.25,219.1825,0.656,0.623,0.395,0.3,-9.25,-14.47750000000002,0.261,0.323,1
2016,Texas,TCU,9,31,0,11.5,261.745,36.5,198.57,0.858,0.773,0.242,0.295,25.0,63.17500000000001,0.616,0.47800000000000004,0
2016,Iowa,Nebraska,40,10,0,53.25,178.71750000000003,29.75,211.6125,0.839,0.744,0.907,0.846,-23.5,-32.89499999999998,-0.06800000000000006,-0.10199999999999998,1
2016,Texas Tech,Baylor,54,35,1,36.5,199.46499999999997,28.5,211.465,0.71,0.696,0.576,0.605,-8.0,-12.000000000000028,0.134,0.09099999999999997,1
2016,Northwestern,Illinois,42,21,0,52.5,177.7275,58.5,168.38250000000002,0.704,0.848,0.688,0.71,6.0,9.34499999999997,0.016000000000000014,0.138,1
2016,Indiana,Purdue,26,24,0,50.0,180.4175,61.75,167.2975,0.387,0.47,0.69,0.711,11.75,13.119999999999976,-0.30299999999999994,-0.241,1
2016,Maryland,Rutgers,31,13,0,40.75,192.84,45.75,188.34,0.87,0.799,0.722,0.828,5.0,4.5,0.14800000000000002,-0.028999999999999915,1
2016,Kansas State,Kansas,34,19,0,60.0,162.92249999999999,63.25,159.85750000000002,0.68,0.775,0.767,0.759,3.25,3.0649999999999693,-0.08699999999999997,0.016000000000000014,1
2016,Louisville,Kentucky,38,41,0,39.75,193.3575,36.0,200.4875,0.995,0.992,0.787,0.648,-3.75,-7.130000000000024,0.20799999999999996,0.344,0
2016,Virginia Tech,Virginia,52,10,0,24.75,221.17249999999999,34.25,202.755,0.754,0.675,0.71,0.877,9.5,18.41749999999999,0.04400000000000004,-0.20199999999999996,1
2016,Ohio State,Michigan,30,27,0,4.25,291.29,16.75,249.555,0.244,0.285,0.501,0.531,12.5,41.735000000000014,-0.257,-0.24600000000000005,1
2016,Georgia,Georgia Tech,27,28,0,8.75,272.47,55.25,173.48,0.778,0.802,0.883,0.855,46.5,98.99000000000004,-0.10499999999999998,-0.052999999999999936,0
2016,Pittsburgh,Syracuse,76,61,0,41.25,191.4225,60.75,165.935,0.693,0.723,1.014,0.914,19.5,25.48750000000001,-0.32100000000000006,-0.19100000000000006,1
2016,Wake Forest,Boston College,14,17,0,62.25,161.57999999999998,66.5,155.6975,0.801,0.927,0.921,0.869,4.25,5.882499999999993,-0.12,0.05800000000000005,0
2016,Penn State,Michigan State,45,12,0,29.5,214.92,30.0,211.03,0.651,0.521,0.226,0.46,0.5,3.8899999999999864,0.42500000000000004,0.061,1
2016,Miami,Duke,40,21,0,15.75,247.54000000000002,61.5,164.025,0.785,0.866,0.693,0.753,45.75,83.51500000000001,0.09200000000000008,0.11299999999999999,1
2016,Wisconsin,Minnesota,31,17,0,44.5,186.78,61.5,165.61,0.297,0.512,0.99,0.949,17.0,21.169999999999987,-0.6930000000000001,-0.43699999999999994,1
2016,Alabama,Auburn,30,12,0,1.0,315.85749999999996,8.75,271.175,0.341,0.279,0.569,0.488,7.75,44.68249999999995,-0.22799999999999992,-0.20899999999999996,1
2016,Iowa State,West Virginia,19,49,0,63.25,163.26999999999998,34.75,200.14999999999998,0.632,0.573,0.707,0.754,-28.5,-36.879999999999995,-0.07499999999999996,-0.18100000000000005,0
2016,USC,Notre Dame,45,27,0,8.25,276.59000000000003,11.5,265.3025,0.605,0.543,0.656,0.688,3.25,11.287500000000023,-0.051000000000000045,-0.1449999999999999,1
2016,Ole Miss,Mississippi State,20,55,0,22.0,238.26,25.0,219.82,0.771,0.723,0.33,0.397,3.0,18.439999999999998,0.441,0.32599999999999996,0
2016,Clemson,South Carolina,56,7,0,15.0,252.525,18.5,235.65,0.888,0.89,0.581,0.564,3.5,16.875,0.30700000000000005,0.32600000000000007,1
2016,Colorado,Utah,27,22,0,62.5,166.235,49.0,182.55749999999998,0.756,0.701,0.337,0.232,-13.5,-16.322499999999962,0.419,0.469,1
2016,Vanderbilt,Tennessee,45,34,0,41.75,192.475,13.75,254.47499999999997,0.617,0.65,0.879,0.909,-28.0,-61.99999999999997,-0.262,-0.259,1
2016,Florida State,Florida,31,13,0,5.5,281.6625,9.0,269.255,0.773,0.749,0.311,0.218,3.5,12.407500000000027,0.462,0.531,1
2016,Washington,Colorado,41,10,1,26.5,218.51749999999998,62.5,166.235,0.676,0.767,0.756,0.701,36.0,52.28249999999997,-0.07999999999999996,0.06600000000000006,1
2016,TCU,Kansas State,6,30,0,36.5,198.57,60.0,162.92249999999999,0.242,0.295,0.68,0.775,23.5,35.64750000000001,-0.43800000000000006,-0.48000000000000004,0
2016,Oklahoma,Oklahoma State,38,20,0,14.25,248.91,32.25,205.5525,0.766,0.805,0.659,0.753,18.0,43.35749999999999,0.10699999999999998,0.052000000000000046,1
2016,West Virginia,Baylor,24,21,0,34.75,200.14999999999998,28.5,211.465,0.707,0.754,0.576,0.605,-6.25,-11.315000000000026,0.131,0.14900000000000002,1
2016,Florida,Alabama,16,54,1,9.0,269.255,1.0,315.85749999999996,0.311,0.218,0.341,0.279,-8.0,-46.602499999999964,-0.030000000000000027,-0.061000000000000026,0
2016,Penn State,Wisconsin,38,31,1,29.5,214.92,44.5,186.78,0.651,0.521,0.297,0.512,15.0,28.139999999999986,0.35400000000000004,0.009000000000000008,1
2016,Virginia Tech,Clemson,35,42,1,24.75,221.17249999999999,15.0,252.525,0.754,0.675,0.888,0.89,-9.75,-31.35250000000002,-0.134,-0.21499999999999997,0
2017,Indiana,Ohio State,21,49,0,49.0,179.5925,4.0,292.0375,0.635,0.609,0.603,0.766,-45.0,-112.44500000000002,0.03200000000000003,-0.15700000000000003,0
2017,Rutgers,Washington,14,30,0,56.0,172.73,27.75,214.60500000000002,0.537,0.532,0.832,0.872,-28.25,-41.87500000000003,-0.29499999999999993,-0.33999999999999997,0
2017,Texas,Maryland,41,51,0,12.75,256.88000000000005,41.75,189.13750000000002,0.642,0.639,0.44,0.422,29.0,67.74250000000004,0.202,0.21700000000000003,0
2017,South Carolina,NC State,35,28,1,21.0,227.65,43.5,188.4275,0.867,0.695,0.859,0.72,22.5,39.2225,0.008000000000000007,-0.025000000000000022,1
2017,Florida,Michigan,17,33,1,11.25,261.9275,17.25,249.37,0.802,0.727,0.624,0.619,6.0,12.557500000000005,0.17800000000000005,0.10799999999999998,0
2017,Purdue,Louisville,28,35,1,69.5,156.5025,38.0,193.77249999999998,0.565,0.779,0.67,0.699,-31.5,-37.26999999999998,-0.1050000000000001,0.08000000000000007,0
2017,Alabama,Florida State,24,7,1,1.0,313.08750000000003,5.25,282.84250000000003,0.731,0.791,0.597,0.562,4.25,30.245000000000005,0.134,0.22899999999999998,1
2017,LSU,BYU,27,0,1,3.75,289.935,61.0,164.29250000000002,0.686,0.685,0.306,0.255,57.25,125.64249999999998,0.38000000000000006,0.43000000000000005,1
2017,UCLA,Texas A&M,45,44,0,12.5,261.2025,10.75,263.845,0.668,0.67,0.338,0.466,-1.75,-2.642500000000041,0.33,0.20400000000000001,1
2017,Virginia Tech,West Virginia,31,24,1,30.0,210.83499999999998,35.75,197.0875,0.231,0.249,0.282,0.337,5.75,13.747499999999974,-0.05099999999999996,-0.08800000000000002,1
2017,Georgia Tech,Tennessee,41,42,1,57.0,169.4075,12.5,257.2575,0.506,0.347,0.223,0.247,-44.5,-87.85,0.28300000000000003,0.09999999999999998,0
2017,Iowa State,Iowa,41,44,0,60.25,167.0625,55.0,173.79500000000002,0.908,0.944,0.304,0.264,-5.25,-6.732500000000016,0.6040000000000001,0.6799999999999999,0
2017,Duke,Northwestern,41,17,0,54.25,173.9375,51.75,176.76500000000001,0.827,0.809,0.636,0.872,-2.5,-2.827500000000015,0.19099999999999995,-0.06299999999999994,1
2017,North Carolina,Louisville,35,47,0,29.5,209.72,38.0,193.77249999999998,0.156,0.127,0.67,0.699,8.5,15.94750000000002,-0.514,-0.572,0
2017,Michigan,Cincinnati,36,14,0,17.25,249.37,66.75,159.7375,0.624,0.619,0.732,0.613,49.5,89.6325,-0.10799999999999998,0.006000000000000005,1
2017,Boston College,Wake Forest,10,34,0,68.75,154.8625,60.0,164.9125,0.524,0.555,1.094,0.947,-8.75,-10.049999999999983,-0.5700000000000001,-0.3919999999999999,0
2017,Penn State,Pittsburgh,33,14,0,22.75,226.20999999999998,38.0,194.02749999999997,0.847,0.925,0.379,0.365,15.25,32.182500000000005,0.46799999999999997,0.56,1
2017,Virginia,Indiana,17,34,0,43.75,188.0225,49.0,179.5925,0.695,0.551,0.635,0.609,5.25,8.430000000000007,0.05999999999999994,-0.05799999999999994,0
2017,Arkansas,TCU,7,28,0,24.25,218.4875,34.5,202.675,0.566,0.544,1.014,0.872,10.25,15.8125,-0.44800000000000006,-0.32799999999999996,0
2017,Oregon,Nebraska,42,35,0,20.75,230.4525,28.25,212.36,0.489,0.658,0.19,0.241,7.5,18.092499999999973,0.299,0.41700000000000004,1
2017,Clemson,Auburn,14,6,0,12.75,259.88250000000005,8.25,274.5075,0.243,0.229,0.516,0.552,-4.5,-14.624999999999943,-0.273,-0.32300000000000006,1
2017,Missouri,South Carolina,13,31,0,37.0,198.6975,21.0,227.65,0.822,0.881,0.867,0.695,-16.0,-28.952500000000015,-0.04500000000000004,0.18600000000000005,0
2017,Ohio State,Oklahoma,16,31,0,4.0,292.0375,16.0,244.8225,0.603,0.766,0.594,0.526,12.0,47.21500000000003,0.009000000000000008,0.24,0
2017,Notre Dame,Georgia,19,20,0,11.0,265.6075,8.0,274.405,0.516,0.388,0.804,0.895,-3.0,-8.797499999999957,-0.28800000000000003,-0.507,0
2017,USC,Stanford,42,24,0,8.75,276.47249999999997,26.25,222.975,0.681,0.67,0.596,0.65,17.5,53.497499999999974,0.08500000000000008,0.020000000000000018,1
2017,BYU,Utah,13,19,0,61.0,164.29250000000002,48.75,181.49499999999998,0.306,0.255,0.553,0.673,-12.25,-17.202499999999958,-0.24700000000000005,-0.41800000000000004,0
2017,Pittsburgh,Oklahoma State,21,59,0,38.0,194.02749999999997,35.75,198.18,0.379,0.365,0.739,0.762,-2.25,-4.152500000000032,-0.36,-0.397,0
2017,Duke,Baylor,34,20,0,54.25,173.9375,32.0,203.8075,0.827,0.809,0.432,0.493,-22.25,-29.870000000000005,0.39499999999999996,0.31600000000000006,1
2017,Florida,Tennessee,26,20,0,11.25,261.9275,12.5,257.2575,0.802,0.727,0.223,0.247,1.25,4.670000000000016,0.5790000000000001,0.48,1
2017,BYU,Wisconsin,6,40,0,61.0,164.29250000000002,37.0,197.305,0.306,0.255,0.639,0.461,-24.0,-33.01249999999999,-0.333,-0.20600000000000002,0
2017,Boston College,Notre Dame,20,49,0,68.75,154.8625,11.0,265.6075,0.524,0.555,0.516,0.388,-57.75,-110.745,0.008000000000000007,0.16700000000000004,0
2017,Missouri,Purdue,3,35,0,37.0,198.6975,69.5,156.5025,0.822,0.881,0.565,0.779,32.5,42.19499999999999,0.257,0.10199999999999998,0
2017,Mississippi State,LSU,37,7,0,26.5,215.8125,3.75,289.935,0.782,0.758,0.686,0.685,-22.75,-74.1225,0.09599999999999997,0.07299999999999995,1
2017,South Carolina,Kentucky,13,23,0,21.0,227.65,32.0,204.5525,0.867,0.695,0.665,0.654,11.0,23.097499999999997,0.20199999999999996,0.040999999999999925,0
2017,Vanderbilt,Kansas State,14,7,0,43.75,186.7975,59.75,166.8775,0.937,0.943,0.817,0.789,16.0,19.920000000000016,0.1200000000000001,0.15399999999999991,1
2017,Louisville,Clemson,21,47,0,38.0,193.77249999999998,12.75,259.88250000000005,0.67,0.699,0.243,0.229,-25.25,-66.11000000000007,0.42700000000000005,0.47,0
2017,USC,Texas,27,24,0,8.75,276.47249999999997,12.75,256.88000000000005,0.681,0.67,0.642,0.639,4.0,19.592499999999916,0.039000000000000035,0.031000000000000028,1
2017,Arkansas,Texas A&M,43,50,1,24.25,218.4875,10.75,263.845,0.566,0.544,0.338,0.466,-13.5,-45.357500000000016,0.22799999999999992,0.07800000000000001,0
2017,Houston,Texas Tech,24,27,0,64.25,162.185,40.5,190.45,0.396,0.486,0.339,0.402,-23.75,-28.264999999999986,0.056999999999999995,0.08399999999999996,0
2017,Kansas,West Virginia,34,56,0,60.5,167.6375,35.75,197.0875,0.404,0.435,0.282,0.337,-24.75,-29.450000000000017,0.12200000000000005,0.09799999999999998,0
2017,Florida State,NC State,21,27,0,5.25,282.84250000000003,43.5,188.4275,0.597,0.562,0.859,0.72,38.25,94.41500000000002,-0.262,-0.15799999999999992,0
2017,Georgia Tech,Pittsburgh,35,17,0,57.0,169.4075,38.0,194.02749999999997,0.506,0.347,0.379,0.365,-19.0,-24.619999999999976,0.127,-0.018000000000000016,1
2017,Maryland,UCF,10,38,0,41.75,189.13750000000002,70.75,155.4675,0.44,0.422,0.639,0.684,29.0,33.670000000000016,-0.199,-0.26200000000000007,0
2017,Nebraska,Rutgers,27,17,0,28.25,212.36,56.0,172.73,0.19,0.241,0.537,0.532,27.75,39.630000000000024,-0.34700000000000003,-0.29100000000000004,1
2017,Vanderbilt,Alabama,0,59,0,43.75,186.7975,1.0,313.08750000000003,0.937,0.943,0.731,0.791,-42.75,-126.29000000000002,0.20600000000000007,0.1519999999999999,0
2017,Oklahoma State,TCU,31,44,0,35.75,198.18,34.5,202.675,0.739,0.762,1.014,0.872,-1.25,-4.4950000000000045,-0.275,-0.10999999999999999,0
2017,Clemson,Boston College,34,7,0,12.75,259.88250000000005,68.75,154.8625,0.243,0.229,0.524,0.555,56.0,105.02000000000004,-0.281,-0.32600000000000007,1
2017,North Carolina,Duke,17,27,0,29.5,209.72,54.25,173.9375,0.156,0.127,0.827,0.809,24.75,35.7825,-0.6709999999999999,-0.682,0
2017,Purdue,Michigan,10,28,0,69.5,156.5025,17.25,249.37,0.565,0.779,0.624,0.619,-52.25,-92.8675,-0.05900000000000005,0.16000000000000003,0
2017,Baylor,Oklahoma,41,49,0,32.0,203.8075,16.0,244.8225,0.432,0.493,0.594,0.526,-16.0,-41.014999999999986,-0.16199999999999998,-0.03300000000000003,0
2017,Georgia,Mississippi State,31,3,0,8.0,274.405,26.5,215.8125,0.804,0.895,0.782,0.758,18.5,58.59249999999997,0.02200000000000002,0.137,1
2017,LSU,Syracuse,35,26,0,3.75,289.935,61.25,164.6125,0.686,0.685,0.596,0.805,57.5,125.32249999999999,0.09000000000000008,-0.12,1
2017,Iowa,Penn State,19,21,0,55.0,173.79500000000002,22.75,226.20999999999998,0.304,0.264,0.847,0.925,-32.25,-52.414999999999964,-0.5429999999999999,-0.661,0
2017,Missouri,Auburn,14,51,0,37.0,198.6975,8.25,274.5075,0.822,0.881,0.516,0.552,-28.75,-75.81,0.30599999999999994,0.32899999999999996,0
2017,Kentucky,Florida,27,28,0,32.0,204.5525,11.25,261.9275,0.665,0.654,0.802,0.727,-20.75,-57.375,-0.137,-0.07299999999999995,0
2017,Michigan State,Notre Dame,18,38,0,25.75,218.12,11.0,265.6075,0.191,0.441,0.516,0.388,-14.75,-47.48750000000001,-0.325,0.05299999999999999,0
2017,Colorado,Washington,10,37,0,70.0,155.4125,27.75,214.60500000000002,0.746,0.671,0.832,0.872,-42.25,-59.192500000000024,-0.08599999999999997,-0.20099999999999996,0
2017,Stanford,UCLA,58,34,0,26.25,222.975,12.5,261.2025,0.596,0.65,0.668,0.67,-13.75,-38.22749999999999,-0.07200000000000006,-0.020000000000000018,1
2017,Iowa State,Texas,7,17,0,60.25,167.0625,12.75,256.88000000000005,0.908,0.944,0.642,0.639,-47.5,-89.81750000000005,0.266,0.30499999999999994,0
2017,Duke,Miami,6,31,0,54.25,173.9375,18.75,238.25249999999997,0.827,0.809,0.305,0.324,-35.5,-64.31499999999997,0.522,0.48500000000000004,0
2017,Illinois,Nebraska,6,28,0,61.0,166.27,28.25,212.36,0.508,0.541,0.19,0.241,-32.75,-46.09,0.318,0.30000000000000004,0
2017,Georgia Tech,North Carolina,33,7,0,57.0,169.4075,29.5,209.72,0.506,0.347,0.156,0.127,-27.5,-40.3125,0.35,0.21999999999999997,1
2017,Florida,Vanderbilt,38,24,0,11.25,261.9275,43.75,186.7975,0.802,0.727,0.937,0.943,32.5,75.13,-0.135,-0.21599999999999997,1
2017,Wisconsin,Northwestern,33,24,0,37.0,197.305,51.75,176.76500000000001,0.639,0.461,0.636,0.872,14.75,20.539999999999992,0.0030000000000000027,-0.411,1
2017,Minnesota,Maryland,24,31,0,58.25,168.415,41.75,189.13750000000002,0.352,0.511,0.44,0.422,-16.5,-20.722500000000025,-0.08800000000000002,0.08900000000000002,0
2017,NC State,Syracuse,33,25,0,43.5,188.4275,61.25,164.6125,0.859,0.72,0.596,0.805,17.75,23.814999999999998,0.263,-0.08500000000000008,1
2017,Kansas State,Baylor,33,20,0,59.75,166.8775,32.0,203.8075,0.817,0.789,0.432,0.493,-27.75,-36.93000000000001,0.38499999999999995,0.29600000000000004,1
2017,Tennessee,Georgia,0,41,0,12.5,257.2575,8.0,274.405,0.223,0.247,0.804,0.895,-4.5,-17.14749999999998,-0.5810000000000001,-0.648,0
2017,Penn State,Indiana,45,14,0,22.75,226.20999999999998,49.0,179.5925,0.847,0.925,0.635,0.609,26.25,46.61749999999998,0.21199999999999997,0.31600000000000006,1
2017,Wake Forest,Florida State,19,26,0,60.0,164.9125,5.25,282.84250000000003,1.094,0.947,0.597,0.562,-54.75,-117.93000000000004,0.4970000000000001,0.3849999999999999,0
2017,Michigan State,Iowa,17,10,0,25.75,218.12,55.0,173.79500000000002,0.191,0.441,0.304,0.264,29.25,44.32499999999999,-0.11299999999999999,0.177,1
2017,Auburn,Mississippi State,49,10,0,8.25,274.5075,26.5,215.8125,0.516,0.552,0.782,0.758,18.25,58.69499999999999,-0.266,-0.20599999999999996,1
2017,Rutgers,Ohio State,0,56,0,56.0,172.73,4.0,292.0375,0.537,0.532,0.603,0.766,-52.0,-119.30750000000003,-0.06599999999999995,-0.23399999999999999,0
2017,Texas A&M,South Carolina,24,17,0,10.75,263.845,21.0,227.65,0.338,0.466,0.867,0.695,10.25,36.19500000000002,-0.5289999999999999,-0.22899999999999993,1
2017,Virginia Tech,Clemson,17,31,0,30.0,210.83499999999998,12.75,259.88250000000005,0.231,0.249,0.243,0.229,-17.25,-49.04750000000007,-0.011999999999999983,0.01999999999999999,0
2017,Texas Tech,Oklahoma State,34,41,0,40.5,190.45,35.75,198.18,0.339,0.402,0.739,0.762,-4.75,-7.730000000000018,-0.39999999999999997,-0.36,0
2017,Alabama,Ole Miss,66,3,0,1.0,313.08750000000003,11.25,261.01,0.731,0.791,0.303,0.369,10.25,52.07750000000004,0.428,0.42200000000000004,1
2017,UCLA,Colorado,27,23,0,12.5,261.2025,70.0,155.4125,0.668,0.67,0.746,0.671,57.5,105.78999999999999,-0.07799999999999996,-0.0010000000000000009,1
2017,NC State,Louisville,39,25,0,43.5,188.4275,38.0,193.77249999999998,0.859,0.72,0.67,0.699,-5.5,-5.34499999999997,0.18899999999999995,0.02100000000000002,1
2017,Oklahoma,Iowa State,31,38,0,16.0,244.8225,60.25,167.0625,0.594,0.526,0.908,0.944,44.25,77.75999999999999,-0.31400000000000006,-0.4179999999999999,0
2017,Northwestern,Penn State,7,31,0,51.75,176.76500000000001,22.75,226.20999999999998,0.636,0.872,0.847,0.925,-29.0,-49.444999999999965,-0.21099999999999997,-0.05300000000000005,0
2017,Clemson,Wake Forest,28,14,0,12.75,259.88250000000005,60.0,164.9125,0.243,0.229,1.094,0.947,47.25,94.97000000000006,-0.8510000000000001,-0.718,1
2017,Kansas,Texas Tech,19,65,0,60.5,167.6375,40.5,190.45,0.404,0.435,0.339,0.402,-20.0,-22.8125,0.065,0.032999999999999974,0
2017,Vanderbilt,Georgia,14,45,0,43.75,186.7975,8.0,274.405,0.937,0.943,0.804,0.895,-35.75,-87.60749999999996,0.133,0.04799999999999993,0
2017,Auburn,Ole Miss,44,23,0,8.25,274.5075,11.25,261.01,0.516,0.552,0.303,0.369,3.0,13.497500000000002,0.21300000000000002,0.18300000000000005,1
2017,Iowa,Illinois,45,16,0,55.0,173.79500000000002,61.0,166.27,0.304,0.264,0.508,0.541,6.0,7.525000000000006,-0.20400000000000001,-0.277,1
2017,Virginia,Duke,28,21,0,43.75,188.0225,54.25,173.9375,0.695,0.551,0.827,0.809,10.5,14.085000000000008,-0.132,-0.258,1
2017,Syracuse,Pittsburgh,27,24,0,61.25,164.6125,38.0,194.02749999999997,0.596,0.805,0.379,0.365,-23.25,-29.414999999999964,0.21699999999999997,0.44000000000000006,1
2017,Florida,LSU,16,17,0,11.25,261.9275,3.75,289.935,0.802,0.727,0.686,0.685,-7.5,-28.007499999999993,0.11599999999999999,0.041999999999999926,0
2017,North Carolina,Notre Dame,10,33,0,29.5,209.72,11.0,265.6075,0.156,0.127,0.516,0.388,-18.5,-55.88750000000002,-0.36,-0.261,0
2017,Florida State,Miami,20,24,0,5.25,282.84250000000003,18.75,238.25249999999997,0.597,0.562,0.305,0.324,13.5,44.59000000000006,0.292,0.23800000000000004,0
2017,TCU,West Virginia,31,24,0,34.5,202.675,35.75,197.0875,1.014,0.872,0.282,0.337,1.25,5.587500000000006,0.732,0.5349999999999999,1
2017,Purdue,Minnesota,31,17,0,69.5,156.5025,58.25,168.415,0.565,0.779,0.352,0.511,-11.25,-11.912499999999994,0.21299999999999997,0.268,1
2017,South Carolina,Arkansas,48,22,0,21.0,227.65,24.25,218.4875,0.867,0.695,0.566,0.544,3.25,9.162499999999994,0.30100000000000005,0.1509999999999999,1
2017,Ohio State,Maryland,62,14,0,4.0,292.0375,41.75,189.13750000000002,0.603,0.766,0.44,0.422,37.75,102.9,0.16299999999999998,0.34400000000000003,1
2017,Texas,Kansas State,40,34,0,12.75,256.88000000000005,59.75,166.8775,0.642,0.639,0.817,0.789,47.0,90.00250000000005,-0.17499999999999993,-0.15000000000000002,1
2017,Boston College,Virginia Tech,10,23,0,68.75,154.8625,30.0,210.83499999999998,0.524,0.555,0.231,0.249,-38.75,-55.97249999999997,0.29300000000000004,0.30600000000000005,0
2017,Texas A&M,Alabama,19,27,0,10.75,263.845,1.0,313.08750000000003,0.338,0.466,0.731,0.791,-9.75,-49.24250000000001,-0.39299999999999996,-0.325,0
2017,Kentucky,Missouri,40,34,0,32.0,204.5525,37.0,198.6975,0.665,0.654,0.822,0.881,5.0,5.855000000000018,-0.15699999999999992,-0.22699999999999998,1
2017,Michigan,Michigan State,10,14,0,17.25,249.37,25.75,218.12,0.624,0.619,0.191,0.441,8.5,31.25,0.433,0.178,0
2017,Nebraska,Wisconsin,17,38,0,28.25,212.36,37.0,197.305,0.19,0.241,0.639,0.461,8.75,15.055000000000007,-0.449,-0.22000000000000003,0
2017,Cincinnati,UCF,23,51,0,66.75,159.7375,70.75,155.4675,0.732,0.613,0.639,0.684,4.0,4.27000000000001,0.09299999999999997,-0.07100000000000006,0
2017,Utah,Stanford,20,23,0,48.75,181.49499999999998,26.25,222.975,0.553,0.673,0.596,0.65,-22.5,-41.48000000000002,-0.04299999999999993,0.02300000000000002,0
2017,Syracuse,Clemson,27,24,0,61.25,164.6125,12.75,259.88250000000005,0.596,0.805,0.243,0.229,-48.5,-95.27000000000004,0.353,0.5760000000000001,1
2017,West Virginia,Texas Tech,46,35,0,35.75,197.0875,40.5,190.45,0.282,0.337,0.339,0.402,4.75,6.637500000000017,-0.05700000000000005,-0.065,1
2017,Duke,Florida State,10,17,0,54.25,173.9375,5.25,282.84250000000003,0.827,0.809,0.597,0.562,-49.0,-108.90500000000003,0.22999999999999998,0.247,0
2017,Mississippi State,BYU,35,10,0,26.5,215.8125,61.0,164.29250000000002,0.782,0.758,0.306,0.255,34.5,51.51999999999998,0.47600000000000003,0.503,1
2017,Illinois,Rutgers,24,35,0,61.0,166.27,56.0,172.73,0.508,0.541,0.537,0.532,-5.0,-6.4599999999999795,-0.029000000000000026,0.009000000000000008,0
2017,Pittsburgh,NC State,17,35,0,38.0,194.02749999999997,43.5,188.4275,0.379,0.365,0.859,0.72,5.5,5.599999999999966,-0.48,-0.355,0
2017,Indiana,Michigan,20,27,0,49.0,179.5925,17.25,249.37,0.635,0.609,0.624,0.619,-31.75,-69.7775,0.01100000000000001,-0.010000000000000009,0
2017,Tennessee,South Carolina,9,15,0,12.5,257.2575,21.0,227.65,0.223,0.247,0.867,0.695,8.5,29.607499999999987,-0.644,-0.44799999999999995,0
2017,Iowa State,Kansas,45,0,0,60.25,167.0625,60.5,167.6375,0.908,0.944,0.404,0.435,0.25,-0.5749999999999886,0.504,0.5089999999999999,1
2017,Louisville,Boston College,42,45,0,38.0,193.77249999999998,68.75,154.8625,0.67,0.699,0.524,0.555,30.75,38.90999999999997,0.14600000000000002,0.1439999999999999,0
2017,Kansas State,TCU,6,26,0,59.75,166.8775,34.5,202.675,0.817,0.789,1.014,0.872,-25.25,-35.797500000000014,-0.19700000000000006,-0.08299999999999996,0
2017,Ole Miss,Vanderbilt,57,35,0,11.25,261.01,43.75,186.7975,0.303,0.369,0.937,0.943,32.5,74.21249999999998,-0.6340000000000001,-0.574,1
2017,Wisconsin,Purdue,17,9,0,37.0,197.305,69.5,156.5025,0.639,0.461,0.565,0.779,32.5,40.80250000000001,0.07400000000000007,-0.318,1
2017,Oklahoma State,Baylor,59,16,0,35.75,198.18,32.0,203.8075,0.739,0.762,0.432,0.493,-3.75,-5.627499999999998,0.307,0.269,1
2017,LSU,Auburn,27,23,0,3.75,289.935,8.25,274.5075,0.686,0.685,0.516,0.552,4.5,15.427500000000009,0.17000000000000004,0.133,1
2017,Miami,Georgia Tech,25,24,0,18.75,238.25249999999997,57.0,169.4075,0.305,0.324,0.506,0.347,38.25,68.84499999999997,-0.201,-0.022999999999999965,1
2017,Texas,Oklahoma,24,29,1,12.75,256.88000000000005,16.0,244.8225,0.642,0.639,0.594,0.526,3.25,12.057500000000061,0.04800000000000004,0.11299999999999999,0
2017,Maryland,Northwestern,21,37,0,41.75,189.13750000000002,51.75,176.76500000000001,0.44,0.422,0.636,0.872,10.0,12.372500000000002,-0.196,-0.45,0
2017,North Carolina,Virginia,14,20,0,29.5,209.72,43.75,188.0225,0.156,0.127,0.695,0.551,14.25,21.69749999999999,-0.5389999999999999,-0.42400000000000004,0
2017,Florida,Texas A&M,17,19,0,11.25,261.9275,10.75,263.845,0.802,0.727,0.338,0.466,-0.5,-1.9175000000000182,0.464,0.26099999999999995,0
2017,Alabama,Arkansas,41,9,0,1.0,313.08750000000003,24.25,218.4875,0.731,0.791,0.566,0.544,23.25,94.60000000000002,0.16500000000000004,0.247,1
2017,Georgia,Missouri,53,28,0,8.0,274.405,37.0,198.6975,0.804,0.895,0.822,0.881,29.0,75.70749999999998,-0.017999999999999905,0.014000000000000012,1
2017,Nebraska,Ohio State,14,56,0,28.25,212.36,4.0,292.0375,0.19,0.241,0.603,0.766,-24.25,-79.67750000000001,-0.413,-0.525,0
2017,USC,Utah,28,27,0,8.75,276.47249999999997,48.75,181.49499999999998,0.681,0.67,0.553,0.673,40.0,94.97749999999999,0.128,-0.0030000000000000027,1
2017,Minnesota,Michigan State,27,30,0,58.25,168.415,25.75,218.12,0.352,0.511,0.191,0.441,-32.5,-49.70500000000001,0.16099999999999998,0.07,0
2017,Stanford,Oregon,49,7,0,26.25,222.975,20.75,230.4525,0.596,0.65,0.489,0.658,-5.5,-7.477499999999992,0.10699999999999998,-0.008000000000000007,1
2017,Florida State,Louisville,28,31,0,5.25,282.84250000000003,38.0,193.77249999999998,0.597,0.562,0.67,0.699,32.75,89.07000000000005,-0.07300000000000006,-0.1369999999999999,0
2017,Rutgers,Purdue,14,12,0,56.0,172.73,69.5,156.5025,0.537,0.532,0.565,0.779,13.5,16.227499999999992,-0.027999999999999914,-0.247,1
2017,Northwestern,Iowa,17,10,0,51.75,176.76500000000001,55.0,173.79500000000002,0.636,0.872,0.304,0.264,3.25,2.969999999999999,0.332,0.608,1
2017,Texas,Oklahoma State,10,13,0,12.75,256.88000000000005,35.75,198.18,0.642,0.639,0.739,0.762,23.0,58.700000000000045,-0.09699999999999998,-0.123,0
2017,Wisconsin,Maryland,38,13,0,37.0,197.305,41.75,189.13750000000002,0.639,0.461,0.44,0.422,4.75,8.16749999999999,0.199,0.039000000000000035,1
2017,Texas Tech,Iowa State,13,31,0,40.5,190.45,60.25,167.0625,0.339,0.402,0.908,0.944,19.75,23.38749999999999,-0.569,-0.5419999999999999,0
2017,Duke,Pittsburgh,17,24,0,54.25,173.9375,38.0,194.02749999999997,0.827,0.809,0.379,0.365,-16.25,-20.089999999999975,0.44799999999999995,0.44400000000000006,0
2017,Virginia,Boston College,10,41,0,43.75,188.0225,68.75,154.8625,0.695,0.551,0.524,0.555,25.0,33.16,0.17099999999999993,-0.0040000000000000036,0
2017,Virginia Tech,North Carolina,59,7,0,30.0,210.83499999999998,29.5,209.72,0.231,0.249,0.156,0.127,-0.5,1.1149999999999807,0.07500000000000001,0.122,1
2017,Michigan State,Indiana,17,9,0,25.75,218.12,49.0,179.5925,0.191,0.441,0.635,0.609,23.25,38.5275,-0.444,-0.16799999999999998,1
2017,Minnesota,Illinois,24,17,0,58.25,168.415,61.0,166.27,0.352,0.511,0.508,0.541,2.75,2.144999999999982,-0.15600000000000003,-0.030000000000000027,1
2017,Miami,Syracuse,27,19,0,18.75,238.25249999999997,61.25,164.6125,0.305,0.324,0.596,0.805,42.5,73.63999999999996,-0.291,-0.48100000000000004,1
2017,Alabama,Tennessee,45,7,0,1.0,313.08750000000003,12.5,257.2575,0.731,0.791,0.223,0.247,11.5,55.83000000000004,0.508,0.544,1
2017,Mississippi State,Kentucky,45,7,0,26.5,215.8125,32.0,204.5525,0.782,0.758,0.665,0.654,5.5,11.259999999999991,0.11699999999999999,0.10399999999999998,1
2017,UCLA,Oregon,31,14,0,12.5,261.2025,20.75,230.4525,0.668,0.67,0.489,0.658,8.25,30.75,0.17900000000000005,0.01200000000000001,1
2017,Kansas State,Oklahoma,35,42,0,59.75,166.8775,16.0,244.8225,0.817,0.789,0.594,0.526,-43.75,-77.945,0.22299999999999998,0.263,0
2017,Ole Miss,LSU,24,40,0,11.25,261.01,3.75,289.935,0.303,0.369,0.686,0.685,-7.5,-28.92500000000001,-0.38300000000000006,-0.31600000000000006,0
2017,Arkansas,Auburn,20,52,0,24.25,218.4875,8.25,274.5075,0.566,0.544,0.516,0.552,-16.0,-56.01999999999998,0.04999999999999993,-0.008000000000000007,0
2017,Penn State,Michigan,42,13,0,22.75,226.20999999999998,17.25,249.37,0.847,0.925,0.624,0.619,-5.5,-23.160000000000025,0.22299999999999998,0.30600000000000005,1
2017,Georgia Tech,Wake Forest,38,24,0,57.0,169.4075,60.0,164.9125,0.506,0.347,1.094,0.947,3.0,4.4950000000000045,-0.5880000000000001,-0.6,1
2017,Notre Dame,USC,49,14,0,11.0,265.6075,8.75,276.47249999999997,0.516,0.388,0.681,0.67,-2.25,-10.864999999999952,-0.16500000000000004,-0.28200000000000003,1
2017,Baylor,West Virginia,36,38,0,32.0,203.8075,35.75,197.0875,0.432,0.493,0.282,0.337,3.75,6.719999999999999,0.15000000000000002,0.15599999999999997,0
2017,TCU,Kansas,43,0,0,34.5,202.675,60.5,167.6375,1.014,0.872,0.404,0.435,26.0,35.03750000000002,0.61,0.437,1
2017,Boston College,Florida State,35,3,0,68.75,154.8625,5.25,282.84250000000003,0.524,0.555,0.597,0.562,-63.5,-127.98000000000002,-0.07299999999999995,-0.007000000000000006,1
2017,Illinois,Wisconsin,10,24,0,61.0,166.27,37.0,197.305,0.508,0.541,0.639,0.461,-24.0,-31.034999999999997,-0.131,0.08000000000000002,0
2017,Baylor,Texas,7,38,0,32.0,203.8075,12.75,256.88000000000005,0.432,0.493,0.642,0.639,-19.25,-53.07250000000005,-0.21000000000000002,-0.14600000000000002,0
2017,Ole Miss,Arkansas,37,38,0,11.25,261.01,24.25,218.4875,0.303,0.369,0.566,0.544,13.0,42.52249999999998,-0.26299999999999996,-0.17500000000000004,0
2017,West Virginia,Oklahoma State,39,50,0,35.75,197.0875,35.75,198.18,0.282,0.337,0.739,0.762,0.0,-1.0925000000000011,-0.457,-0.425,0
2017,Michigan,Rutgers,35,14,0,17.25,249.37,56.0,172.73,0.624,0.619,0.537,0.532,38.75,76.64000000000001,0.08699999999999997,0.08699999999999997,1
2017,North Carolina,Miami,19,24,0,29.5,209.72,18.75,238.25249999999997,0.156,0.127,0.305,0.324,-10.75,-28.53249999999997,-0.149,-0.197,0
2017,Wake Forest,Louisville,42,32,0,60.0,164.9125,38.0,193.77249999999998,1.094,0.947,0.67,0.699,-22.0,-28.859999999999985,0.42400000000000004,0.248,1
2017,Pittsburgh,Virginia,31,14,0,38.0,194.02749999999997,43.75,188.0225,0.379,0.365,0.695,0.551,5.75,6.004999999999967,-0.31599999999999995,-0.18600000000000005,1
2017,Kansas,Kansas State,20,30,0,60.5,167.6375,59.75,166.8775,0.404,0.435,0.817,0.789,-0.75,0.7599999999999909,-0.4129999999999999,-0.35400000000000004,0
2017,Iowa State,TCU,14,7,0,60.25,167.0625,34.5,202.675,0.908,0.944,1.014,0.872,-25.75,-35.61250000000001,-0.10599999999999998,0.07199999999999995,1
2017,Maryland,Indiana,42,39,0,41.75,189.13750000000002,49.0,179.5925,0.44,0.422,0.635,0.609,7.25,9.545000000000016,-0.195,-0.187,1
2017,Florida,Georgia,7,42,1,11.25,261.9275,8.0,274.405,0.802,0.727,0.804,0.895,-3.25,-12.477499999999964,-0.0020000000000000018,-0.16800000000000004,0
2017,Notre Dame,NC State,35,14,0,11.0,265.6075,43.5,188.4275,0.516,0.388,0.859,0.72,32.5,77.18,-0.34299999999999997,-0.33199999999999996,1
2017,Ohio State,Penn State,39,38,0,4.0,292.0375,22.75,226.20999999999998,0.603,0.766,0.847,0.925,18.75,65.82750000000004,-0.244,-0.15900000000000003,1
2017,Northwestern,Michigan State,39,31,0,51.75,176.76500000000001,25.75,218.12,0.636,0.872,0.191,0.441,-26.0,-41.35499999999999,0.445,0.431,1
2017,Washington,UCLA,44,23,0,27.75,214.60500000000002,12.5,261.2025,0.832,0.872,0.668,0.67,-15.25,-46.59749999999997,0.16399999999999992,0.20199999999999996,1
2017,South Carolina,Vanderbilt,34,27,0,21.0,227.65,43.75,186.7975,0.867,0.695,0.937,0.943,22.75,40.85249999999999,-0.07000000000000006,-0.248,1
2017,Oregon,Utah,41,20,0,20.75,230.4525,48.75,181.49499999999998,0.489,0.658,0.553,0.673,28.0,48.95750000000001,-0.06400000000000006,-0.015000000000000013,1
2017,Iowa,Minnesota,17,10,0,55.0,173.79500000000002,58.25,168.415,0.304,0.264,0.352,0.511,3.25,5.380000000000024,-0.04799999999999999,-0.247,1
2017,Texas A&M,Mississippi State,14,35,0,10.75,263.845,26.5,215.8125,0.338,0.466,0.782,0.758,15.75,48.03250000000003,-0.444,-0.292,0
2017,Virginia Tech,Duke,24,3,0,30.0,210.83499999999998,54.25,173.9375,0.231,0.249,0.827,0.809,24.25,36.89749999999998,-0.596,-0.56,1
2017,Kentucky,Tennessee,29,26,0,32.0,204.5525,12.5,257.2575,0.665,0.654,0.223,0.247,-19.5,-52.704999999999984,0.44200000000000006,0.40700000000000003,1
2017,Purdue,Nebraska,24,25,0,69.5,156.5025,28.25,212.36,0.565,0.779,0.19,0.241,-41.25,-55.857500000000016,0.37499999999999994,0.538,0
2017,Oklahoma,Texas Tech,49,27,0,16.0,244.8225,40.5,190.45,0.594,0.526,0.339,0.402,24.5,54.3725,0.25499999999999995,0.124,1
2017,Clemson,Georgia Tech,24,10,0,12.75,259.88250000000005,57.0,169.4075,0.243,0.229,0.506,0.347,44.25,90.47500000000005,-0.263,-0.11799999999999997,1
2017,Utah,UCLA,48,17,0,48.75,181.49499999999998,12.5,261.2025,0.553,0.673,0.668,0.67,-36.25,-79.70750000000001,-0.11499999999999999,0.0030000000000000027,1
2017,Purdue,Illinois,29,10,0,69.5,156.5025,61.0,166.27,0.565,0.779,0.508,0.541,-8.5,-9.767500000000013,0.05699999999999994,0.238,1
2017,Kansas,Baylor,9,38,0,60.5,167.6375,32.0,203.8075,0.404,0.435,0.432,0.493,-28.5,-36.170000000000016,-0.02799999999999997,-0.057999999999999996,0
2017,Texas Tech,Kansas State,35,42,0,40.5,190.45,59.75,166.8775,0.339,0.402,0.817,0.789,19.25,23.57249999999999,-0.4779999999999999,-0.387,0
2017,Indiana,Wisconsin,17,45,0,49.0,179.5925,37.0,197.305,0.635,0.609,0.639,0.461,-12.0,-17.712500000000006,-0.0040000000000000036,0.14799999999999996,0
2017,Michigan State,Penn State,27,24,0,25.75,218.12,22.75,226.20999999999998,0.191,0.441,0.847,0.925,-3.0,-8.089999999999975,-0.6559999999999999,-0.48400000000000004,1
2017,Missouri,Florida,45,16,0,37.0,198.6975,11.25,261.9275,0.822,0.881,0.802,0.727,-25.75,-63.23000000000002,0.019999999999999907,0.15400000000000003,1
2017,Texas A&M,Auburn,27,42,0,10.75,263.845,8.25,274.5075,0.338,0.466,0.516,0.552,-2.5,-10.662499999999966,-0.178,-0.08600000000000002,0
2017,Florida State,Syracuse,27,24,0,5.25,282.84250000000003,61.25,164.6125,0.597,0.562,0.596,0.805,56.0,118.23000000000002,0.0010000000000000009,-0.243,1
2017,Virginia,Georgia Tech,40,36,0,43.75,188.0225,57.0,169.4075,0.695,0.551,0.506,0.347,13.25,18.61500000000001,0.18899999999999995,0.20400000000000007,1
2017,Iowa,Ohio State,55,24,0,55.0,173.79500000000002,4.0,292.0375,0.304,0.264,0.603,0.766,-51.0,-118.2425,-0.299,-0.502,1
2017,Nebraska,Northwestern,24,31,0,28.25,212.36,51.75,176.76500000000001,0.19,0.241,0.636,0.872,23.5,35.595,-0.446,-0.631,0
2017,Rutgers,Maryland,31,24,0,56.0,172.73,41.75,189.13750000000002,0.537,0.532,0.44,0.422,-14.25,-16.407500000000027,0.09700000000000003,0.11000000000000004,1
2017,NC State,Clemson,31,38,0,43.5,188.4275,12.75,259.88250000000005,0.859,0.72,0.243,0.229,-30.75,-71.45500000000004,0.616,0.491,0
2017,Notre Dame,Wake Forest,48,37,0,11.0,265.6075,60.0,164.9125,0.516,0.388,1.094,0.947,49.0,100.69500000000002,-0.5780000000000001,-0.5589999999999999,1
2017,Georgia,South Carolina,24,10,0,8.0,274.405,21.0,227.65,0.804,0.895,0.867,0.695,13.0,46.75499999999997,-0.06299999999999994,0.20000000000000007,1
2017,West Virginia,Iowa State,20,16,0,35.75,197.0875,60.25,167.0625,0.282,0.337,0.908,0.944,24.5,30.025000000000006,-0.6260000000000001,-0.607,1
2017,Kentucky,Ole Miss,34,37,0,32.0,204.5525,11.25,261.01,0.665,0.654,0.303,0.369,-20.75,-56.45749999999998,0.36200000000000004,0.28500000000000003,0
2017,Oklahoma State,Oklahoma,52,62,0,35.75,198.18,16.0,244.8225,0.739,0.762,0.594,0.526,-19.75,-46.642499999999984,0.14500000000000002,0.236,0
2017,TCU,Texas,24,7,0,34.5,202.675,12.75,256.88000000000005,1.014,0.872,0.642,0.639,-21.75,-54.20500000000004,0.372,0.23299999999999998,1
2017,Alabama,LSU,24,10,0,1.0,313.08750000000003,3.75,289.935,0.731,0.791,0.686,0.685,2.75,23.152500000000032,0.04499999999999993,0.10599999999999998,1
2017,Miami,Virginia Tech,28,10,0,18.75,238.25249999999997,30.0,210.83499999999998,0.305,0.324,0.231,0.249,11.25,27.41749999999999,0.07399999999999998,0.07500000000000001,1
2017,Michigan,Minnesota,33,10,0,17.25,249.37,58.25,168.415,0.624,0.619,0.352,0.511,41.0,80.95500000000001,0.272,0.10799999999999998,1
2017,Washington,Oregon,38,3,0,27.75,214.60500000000002,20.75,230.4525,0.832,0.872,0.489,0.658,-7.0,-15.847499999999968,0.34299999999999997,0.21399999999999997,1
2017,Pittsburgh,North Carolina,31,34,0,38.0,194.02749999999997,29.5,209.72,0.379,0.365,0.156,0.127,-8.5,-15.692500000000024,0.223,0.238,0
2017,Stanford,Washington,30,22,0,26.25,222.975,27.75,214.60500000000002,0.596,0.65,0.832,0.872,1.5,8.369999999999976,-0.236,-0.22199999999999998,1
2017,South Carolina,Florida,28,20,0,21.0,227.65,11.25,261.9275,0.867,0.695,0.802,0.727,-9.75,-34.2775,0.06499999999999995,-0.03200000000000003,1
2017,LSU,Arkansas,33,10,0,3.75,289.935,24.25,218.4875,0.686,0.685,0.566,0.544,20.5,71.44749999999999,0.1200000000000001,0.14100000000000001,1
2017,Ohio State,Michigan State,48,3,0,4.0,292.0375,25.75,218.12,0.603,0.766,0.191,0.441,21.75,73.91750000000002,0.412,0.325,1
2017,Baylor,Texas Tech,24,38,1,32.0,203.8075,40.5,190.45,0.432,0.493,0.339,0.402,8.5,13.357500000000016,0.09299999999999997,0.09099999999999997,0
2017,Iowa State,Oklahoma State,42,49,0,60.25,167.0625,35.75,198.18,0.908,0.944,0.739,0.762,-24.5,-31.117500000000007,0.16900000000000004,0.18199999999999994,0
2017,Illinois,Indiana,14,24,0,61.0,166.27,49.0,179.5925,0.508,0.541,0.635,0.609,-12.0,-13.322499999999991,-0.127,-0.06799999999999995,0
2017,Boston College,NC State,14,17,0,68.75,154.8625,43.5,188.4275,0.524,0.555,0.859,0.72,-25.25,-33.565,-0.33499999999999996,-0.16499999999999992,0
2017,Penn State,Rutgers,35,6,0,22.75,226.20999999999998,56.0,172.73,0.847,0.925,0.537,0.532,33.25,53.47999999999999,0.30999999999999994,0.393,1
2017,Minnesota,Nebraska,54,21,0,58.25,168.415,28.25,212.36,0.352,0.511,0.19,0.241,-30.0,-43.94500000000002,0.16199999999999998,0.27,1
2017,Georgia Tech,Virginia Tech,28,22,0,57.0,169.4075,30.0,210.83499999999998,0.506,0.347,0.231,0.249,-27.0,-41.42749999999998,0.275,0.09799999999999998,1
2017,Syracuse,Wake Forest,43,64,0,61.25,164.6125,60.0,164.9125,0.596,0.805,1.094,0.947,-1.25,-0.29999999999998295,-0.4980000000000001,-0.1419999999999999,0
2017,Maryland,Michigan,10,35,0,41.75,189.13750000000002,17.25,249.37,0.44,0.422,0.624,0.619,-24.5,-60.23249999999999,-0.184,-0.197,0
2017,Louisville,Virginia,38,21,0,38.0,193.77249999999998,43.75,188.0225,0.67,0.699,0.695,0.551,5.75,5.749999999999972,-0.02499999999999991,0.1479999999999999,1
2017,Wisconsin,Iowa,38,14,0,37.0,197.305,55.0,173.79500000000002,0.639,0.461,0.304,0.264,18.0,23.50999999999999,0.335,0.197,1
2017,Kansas State,West Virginia,23,28,0,59.75,166.8775,35.75,197.0875,0.817,0.789,0.282,0.337,-24.0,-30.210000000000008,0.5349999999999999,0.452,0
2017,Clemson,Florida State,31,14,0,12.75,259.88250000000005,5.25,282.84250000000003,0.243,0.229,0.597,0.562,-7.5,-22.95999999999998,-0.354,-0.3330000000000001,1
2017,Auburn,Georgia,40,17,0,8.25,274.5075,8.0,274.405,0.516,0.552,0.804,0.895,-0.25,0.10250000000002046,-0.28800000000000003,-0.34299999999999997,1
2017,Colorado,USC,24,38,0,70.0,155.4125,8.75,276.47249999999997,0.746,0.671,0.681,0.67,-61.25,-121.05999999999997,0.06499999999999995,0.0010000000000000009,0
2017,Vanderbilt,Kentucky,21,44,0,43.75,186.7975,32.0,204.5525,0.937,0.943,0.665,0.654,-11.75,-17.754999999999995,0.272,0.2889999999999999,0
2017,Texas,Kansas,42,27,0,12.75,256.88000000000005,60.5,167.6375,0.642,0.639,0.404,0.435,47.75,89.24250000000006,0.238,0.20400000000000001,1
2017,Mississippi State,Alabama,24,31,0,26.5,215.8125,1.0,313.08750000000003,0.782,0.758,0.731,0.791,-25.5,-97.27500000000003,0.051000000000000045,-0.03300000000000003,0
2017,Northwestern,Purdue,23,13,0,51.75,176.76500000000001,69.5,156.5025,0.636,0.872,0.565,0.779,17.75,20.262500000000017,0.07100000000000006,0.09299999999999997,1
2017,Missouri,Tennessee,50,17,0,37.0,198.6975,12.5,257.2575,0.822,0.881,0.223,0.247,-24.5,-58.56,0.599,0.634,1
2017,Miami,Notre Dame,41,8,0,18.75,238.25249999999997,11.0,265.6075,0.305,0.324,0.516,0.388,-7.75,-27.355000000000047,-0.21100000000000002,-0.064,1
2017,Oklahoma,TCU,38,20,0,16.0,244.8225,34.5,202.675,0.594,0.526,1.014,0.872,18.5,42.14749999999998,-0.42000000000000004,-0.346,1
2017,Wisconsin,Michigan,24,10,0,37.0,197.305,17.25,249.37,0.639,0.461,0.624,0.619,-19.75,-52.065,0.015000000000000013,-0.15799999999999997,1
2017,Arkansas,Mississippi State,21,28,0,24.25,218.4875,26.5,215.8125,0.566,0.544,0.782,0.758,2.25,2.6750000000000114,-0.21600000000000008,-0.21399999999999997,0
2017,Texas Tech,TCU,3,27,0,40.5,190.45,34.5,202.675,0.339,0.402,1.014,0.872,-6.0,-12.225000000000023,-0.675,-0.47,0
2017,Northwestern,Minnesota,39,0,0,51.75,176.76500000000001,58.25,168.415,0.636,0.872,0.352,0.511,6.5,8.350000000000023,0.28400000000000003,0.361,1
2017,Miami,Virginia,44,28,0,18.75,238.25249999999997,43.75,188.0225,0.305,0.324,0.695,0.551,25.0,50.22999999999996,-0.38999999999999996,-0.22700000000000004,1
2017,Indiana,Rutgers,41,0,0,49.0,179.5925,56.0,172.73,0.635,0.609,0.537,0.532,7.0,6.862500000000011,0.09799999999999998,0.07699999999999996,1
2017,West Virginia,Texas,14,28,0,35.75,197.0875,12.75,256.88000000000005,0.282,0.337,0.642,0.639,-23.0,-59.79250000000005,-0.36000000000000004,-0.302,0
2017,Virginia Tech,Pittsburgh,20,14,0,30.0,210.83499999999998,38.0,194.02749999999997,0.231,0.249,0.379,0.365,8.0,16.807500000000005,-0.148,-0.11599999999999999,1
2017,Baylor,Iowa State,13,23,0,32.0,203.8075,60.25,167.0625,0.432,0.493,0.908,0.944,28.25,36.745000000000005,-0.47600000000000003,-0.45099999999999996,0
2017,Iowa,Purdue,15,24,0,55.0,173.79500000000002,69.5,156.5025,0.304,0.264,0.565,0.779,14.5,17.292500000000018,-0.26099999999999995,-0.515,0
2017,Georgia,Kentucky,42,13,0,8.0,274.405,32.0,204.5525,0.804,0.895,0.665,0.654,24.0,69.85249999999996,0.139,0.241,1
2017,Oklahoma State,Kansas State,40,45,0,35.75,198.18,59.75,166.8775,0.739,0.762,0.817,0.789,24.0,31.30250000000001,-0.07799999999999996,-0.027000000000000024,0
2017,Ohio State,Illinois,52,14,0,4.0,292.0375,61.0,166.27,0.603,0.766,0.508,0.541,57.0,125.76750000000001,0.09499999999999997,0.22499999999999998,1
2017,Louisville,Syracuse,56,10,0,38.0,193.77249999999998,61.25,164.6125,0.67,0.699,0.596,0.805,23.25,29.159999999999968,0.07400000000000007,-0.1060000000000001,1
2017,Duke,Georgia Tech,43,20,0,54.25,173.9375,57.0,169.4075,0.827,0.809,0.506,0.347,2.75,4.530000000000001,0.32099999999999995,0.4620000000000001,1
2017,Kansas,Oklahoma,3,41,0,60.5,167.6375,16.0,244.8225,0.404,0.435,0.594,0.526,-44.5,-77.185,-0.18999999999999995,-0.09100000000000003,0
2017,Michigan State,Maryland,17,7,0,25.75,218.12,41.75,189.13750000000002,0.191,0.441,0.44,0.422,16.0,28.982499999999987,-0.249,0.019000000000000017,1
2017,Penn State,Nebraska,56,44,0,22.75,226.20999999999998,28.25,212.36,0.847,0.925,0.19,0.241,5.5,13.849999999999966,0.657,0.684,1
2017,Tennessee,LSU,10,30,0,12.5,257.2575,3.75,289.935,0.223,0.247,0.686,0.685,-8.75,-32.67750000000001,-0.4630000000000001,-0.43800000000000006,0
2017,Ole Miss,Texas A&M,24,31,0,11.25,261.01,10.75,263.845,0.303,0.369,0.338,0.466,-0.5,-2.8350000000000364,-0.03500000000000003,-0.09700000000000003,0
2017,Wake Forest,NC State,30,24,0,60.0,164.9125,43.5,188.4275,1.094,0.947,0.859,0.72,-16.5,-23.515000000000015,0.2350000000000001,0.22699999999999998,1
2017,USC,UCLA,28,23,0,8.75,276.47249999999997,12.5,261.2025,0.681,0.67,0.668,0.67,3.75,15.269999999999982,0.013000000000000012,0.0,1
2017,Vanderbilt,Missouri,17,45,0,43.75,186.7975,37.0,198.6975,0.937,0.943,0.822,0.881,-6.75,-11.899999999999977,0.1150000000000001,0.061999999999999944,0
2017,Washington,Utah,33,30,0,27.75,214.60500000000002,48.75,181.49499999999998,0.832,0.872,0.553,0.673,21.0,33.11000000000004,0.2789999999999999,0.19899999999999995,1
2017,Mississippi State,Ole Miss,28,31,0,26.5,215.8125,11.25,261.01,0.782,0.758,0.303,0.369,-15.25,-45.19749999999999,0.47900000000000004,0.389,0
2017,TCU,Baylor,45,22,0,34.5,202.675,32.0,203.8075,1.014,0.872,0.432,0.493,-2.5,-1.1324999999999932,0.5820000000000001,0.379,1
2017,Pittsburgh,Miami,24,14,0,38.0,194.02749999999997,18.75,238.25249999999997,0.379,0.365,0.305,0.324,-19.25,-44.224999999999994,0.07400000000000001,0.04099999999999998,1
2017,Arkansas,Missouri,45,48,0,24.25,218.4875,37.0,198.6975,0.566,0.544,0.822,0.881,12.75,19.79000000000002,-0.256,-0.33699999999999997,0
2017,Nebraska,Iowa,14,56,0,28.25,212.36,55.0,173.79500000000002,0.19,0.241,0.304,0.264,26.75,38.565,-0.11399999999999999,-0.02300000000000002,0
2017,Texas,Texas Tech,23,27,0,12.75,256.88000000000005,40.5,190.45,0.642,0.639,0.339,0.402,27.75,66.43000000000006,0.303,0.237,0
2017,Virginia,Virginia Tech,0,10,0,43.75,188.0225,30.0,210.83499999999998,0.695,0.551,0.231,0.249,-13.75,-22.81249999999997,0.46399999999999997,0.30200000000000005,0
2017,Oklahoma State,Kansas,58,17,0,35.75,198.18,60.5,167.6375,0.739,0.762,0.404,0.435,24.75,30.542500000000018,0.33499999999999996,0.327,1
2017,Michigan,Ohio State,20,31,0,17.25,249.37,4.0,292.0375,0.624,0.619,0.603,0.766,-13.25,-42.66750000000002,0.02100000000000002,-0.14700000000000002,0
2017,Georgia Tech,Georgia,7,38,0,57.0,169.4075,8.0,274.405,0.506,0.347,0.804,0.895,-49.0,-104.99749999999997,-0.29800000000000004,-0.548,0
2017,Purdue,Indiana,31,24,0,69.5,156.5025,49.0,179.5925,0.565,0.779,0.635,0.609,-20.5,-23.090000000000003,-0.07000000000000006,0.17000000000000004,1
2017,Kentucky,Louisville,17,44,0,32.0,204.5525,38.0,193.77249999999998,0.665,0.654,0.67,0.699,6.0,10.78000000000003,-0.0050000000000000044,-0.04499999999999993,0
2017,Florida,Florida State,22,38,0,11.25,261.9275,5.25,282.84250000000003,0.802,0.727,0.597,0.562,-6.0,-20.91500000000002,0.20500000000000007,0.16499999999999992,0
2017,Syracuse,Boston College,14,42,0,61.25,164.6125,68.75,154.8625,0.596,0.805,0.524,0.555,7.5,9.75,0.07199999999999995,0.25,0
2017,Wake Forest,Duke,23,31,0,60.0,164.9125,54.25,173.9375,1.094,0.947,0.827,0.809,-5.75,-9.025000000000006,0.2670000000000001,0.1379999999999999,0
2017,Maryland,Penn State,3,66,0,41.75,189.13750000000002,22.75,226.20999999999998,0.44,0.422,0.847,0.925,-19.0,-37.07249999999996,-0.407,-0.5030000000000001,0
2017,Minnesota,Wisconsin,0,31,0,58.25,168.415,37.0,197.305,0.352,0.511,0.639,0.461,-21.25,-28.890000000000015,-0.28700000000000003,0.04999999999999999,0
2017,Kansas State,Iowa State,20,19,0,59.75,166.8775,60.25,167.0625,0.817,0.789,0.908,0.944,0.5,-0.18500000000000227,-0.09100000000000008,-0.15499999999999992,1
2017,NC State,North Carolina,33,21,0,43.5,188.4275,29.5,209.72,0.859,0.72,0.156,0.127,-14.0,-21.29249999999999,0.703,0.593,1
2017,Auburn,Alabama,26,14,0,8.25,274.5075,1.0,313.08750000000003,0.516,0.552,0.731,0.791,-7.25,-38.58000000000004,-0.21499999999999997,-0.239,1
2017,Oklahoma,West Virginia,59,31,0,16.0,244.8225,35.75,197.0875,0.594,0.526,0.282,0.337,19.75,47.734999999999985,0.312,0.189,1
2017,Illinois,Northwestern,7,42,0,61.0,166.27,51.75,176.76500000000001,0.508,0.541,0.636,0.872,-9.25,-10.495000000000005,-0.128,-0.33099999999999996,0
2017,Tennessee,Vanderbilt,24,42,0,12.5,257.2575,43.75,186.7975,0.223,0.247,0.937,0.943,31.25,70.45999999999998,-0.7140000000000001,-0.696,0
2017,Rutgers,Michigan State,7,40,0,56.0,172.73,25.75,218.12,0.537,0.532,0.191,0.441,-30.25,-45.390000000000015,0.34600000000000003,0.09100000000000003,0
2017,South Carolina,Clemson,10,34,0,21.0,227.65,12.75,259.88250000000005,0.867,0.695,0.243,0.229,-8.25,-32.232500000000044,0.624,0.46599999999999997,0
2017,LSU,Texas A&M,45,21,0,3.75,289.935,10.75,263.845,0.686,0.685,0.338,0.466,7.0,26.089999999999975,0.34800000000000003,0.21900000000000003,1
2017,Stanford,Notre Dame,38,20,0,26.25,222.975,11.0,265.6075,0.596,0.65,0.516,0.388,-15.25,-42.63250000000002,0.07999999999999996,0.262,1
2017,Utah,Colorado,34,13,0,48.75,181.49499999999998,70.0,155.4125,0.553,0.673,0.746,0.671,21.25,26.082499999999982,-0.19299999999999995,0.0020000000000000018,1
2017,USC,Stanford,31,28,1,8.75,276.47249999999997,26.25,222.975,0.681,0.67,0.596,0.65,17.5,53.497499999999974,0.08500000000000008,0.020000000000000018,1
2017,Oklahoma,TCU,41,17,1,16.0,244.8225,34.5,202.675,0.594,0.526,1.014,0.872,18.5,42.14749999999998,-0.42000000000000004,-0.346,1
2017,Auburn,Georgia,7,28,1,8.25,274.5075,8.0,274.405,0.516,0.552,0.804,0.895,-0.25,0.10250000000002046,-0.28800000000000003,-0.34299999999999997,0
2017,Clemson,Miami,38,3,1,12.75,259.88250000000005,18.75,238.25249999999997,0.243,0.229,0.305,0.324,6.0,21.63000000000008,-0.062,-0.095,1
2017,Wisconsin,Ohio State,21,27,1,37.0,197.305,4.0,292.0375,0.639,0.461,0.603,0.766,-33.0,-94.73250000000002,0.03600000000000003,-0.305,0
2018,Purdue,Northwestern,27,31,0,72.25,155.7125,51.0,178.6225,0.768,0.902,0.615,0.641,-21.25,-22.909999999999997,0.15300000000000002,0.261,0
2018,Maryland,Texas,34,29,1,36.75,198.4025,14.75,252.69000000000003,0.668,0.792,0.654,0.824,-22.0,-54.28750000000002,0.014000000000000012,-0.03199999999999992,1
2018,Texas Tech,Ole Miss,27,47,1,41.25,190.6775,17.0,244.0375,0.156,0.224,0.622,0.526,-24.25,-53.359999999999985,-0.46599999999999997,-0.30200000000000005,0
2018,Tennessee,West Virginia,14,40,1,10.5,263.04499999999996,42.5,190.5,0.66,0.537,0.656,0.66,32.0,72.54499999999996,0.0040000000000000036,-0.123,0
2018,Auburn,Washington,21,16,1,8.0,271.62249999999995,28.75,212.24,0.828,0.704,0.783,0.774,20.75,59.382499999999936,0.04499999999999993,-0.07000000000000006,1
2018,UCLA,Cincinnati,17,26,0,15.75,249.4025,67.5,161.10500000000002,0.338,0.422,0.789,0.765,51.75,88.29749999999999,-0.451,-0.343,0
2018,Notre Dame,Michigan,24,17,0,12.25,257.245,17.5,251.1925,0.676,0.615,0.763,0.561,5.25,6.052500000000009,-0.08699999999999997,0.05399999999999994,1
2018,Alabama,Louisville,51,14,1,1.0,314.18,37.5,196.5525,0.777,0.756,0.373,0.302,36.5,117.6275,0.404,0.454,1
2018,LSU,Miami,33,17,1,4.0,291.58750000000003,18.25,238.005,0.17,0.158,0.722,0.803,14.25,53.58250000000004,-0.5519999999999999,-0.645,1
2018,Florida State,Virginia Tech,3,24,0,4.0,290.39,31.25,209.315,0.639,0.874,0.691,0.773,27.25,81.07499999999999,-0.051999999999999935,0.10099999999999998,0
2018,Kansas State,Mississippi State,10,31,0,59.0,169.5425,26.5,217.1775,0.573,0.724,0.875,0.89,-32.5,-47.63500000000002,-0.30200000000000005,-0.16600000000000004,0
2018,Northwestern,Duke,7,21,0,51.0,178.6225,48.25,182.8125,0.615,0.641,0.85,0.835,-2.75,-4.189999999999998,-0.235,-0.19399999999999995,0
2018,Oklahoma,UCLA,49,21,0,14.0,252.03750000000002,15.75,249.4025,0.408,0.441,0.338,0.422,1.75,2.6350000000000193,0.06999999999999995,0.019000000000000017,1
2018,South Carolina,Georgia,17,41,0,21.25,228.54250000000002,5.75,284.71000000000004,0.887,0.94,0.627,0.597,-15.5,-56.16750000000002,0.26,0.34299999999999997,0
2018,Ohio State,Rutgers,52,3,0,4.0,294.235,54.5,174.785,0.603,0.525,0.476,0.412,50.5,119.45000000000002,0.127,0.11300000000000004,1
2018,Nebraska,Colorado,28,33,0,28.5,213.26250000000002,61.75,168.535,0.438,0.483,0.586,0.521,33.25,44.72750000000002,-0.14799999999999996,-0.038000000000000034,0
2018,Iowa,Iowa State,13,3,0,51.25,178.665,57.5,172.315,0.827,0.598,0.567,0.657,6.25,6.349999999999994,0.26,-0.05900000000000005,1
2018,Texas A&M,Clemson,26,28,0,11.75,259.0525,13.0,257.195,0.613,0.69,0.793,0.779,1.25,1.857500000000016,-0.18000000000000005,-0.08900000000000008,0
2018,Indiana,Virginia,20,16,0,54.0,174.00750000000002,51.0,180.6775,0.291,0.483,0.438,0.413,-3.0,-6.6699999999999875,-0.14700000000000002,0.07,1
2018,Florida,Kentucky,16,27,0,13.25,251.7625,31.0,207.5975,0.704,0.721,0.335,0.471,17.75,44.16499999999999,0.36899999999999994,0.25,0
2018,Pittsburgh,Penn State,6,51,0,39.25,195.54749999999999,18.25,237.4025,0.508,0.449,0.589,0.631,-21.0,-41.85500000000002,-0.08099999999999996,-0.182,0
2018,Stanford,USC,17,3,0,16.75,240.8275,6.5,286.6375,0.871,0.809,0.294,0.269,-10.25,-45.81,0.577,0.54,1
2018,Wake Forest,Boston College,34,41,0,60.75,167.16,64.0,163.9675,0.355,0.481,0.809,0.698,3.25,3.1924999999999955,-0.45400000000000007,-0.21699999999999997,0
2018,Iowa State,Oklahoma,27,37,0,57.5,172.315,14.0,252.03750000000002,0.567,0.657,0.408,0.441,-43.5,-79.72250000000003,0.15899999999999997,0.21600000000000003,0
2018,Kansas,Rutgers,55,14,0,66.0,162.40499999999997,54.5,174.785,0.851,0.845,0.476,0.412,-11.5,-12.380000000000024,0.375,0.433,1
2018,Syracuse,Florida State,30,7,0,56.25,173.54,4.0,290.39,0.557,0.723,0.639,0.874,-52.25,-116.85,-0.08199999999999996,-0.15100000000000002,1
2018,Pittsburgh,Georgia Tech,24,19,0,39.25,195.54749999999999,51.5,178.1725,0.508,0.449,0.749,0.867,12.25,17.37499999999997,-0.241,-0.418,1
2018,Notre Dame,Vanderbilt,22,17,0,12.25,257.245,53.5,175.84499999999997,0.676,0.615,0.617,0.601,41.25,81.40000000000003,0.05900000000000005,0.014000000000000012,1
2018,Auburn,LSU,21,22,0,8.0,271.62249999999995,4.0,291.58750000000003,0.828,0.704,0.17,0.158,-4.0,-19.96500000000009,0.6579999999999999,0.5459999999999999,0
2018,Baylor,Duke,27,40,0,35.25,199.84,48.25,182.8125,0.832,0.689,0.85,0.835,13.0,17.027500000000003,-0.018000000000000016,-0.14600000000000002,0
2018,Wisconsin,BYU,21,24,0,36.75,198.0025,61.0,167.9975,0.856,0.882,0.885,0.836,24.25,30.004999999999995,-0.029000000000000026,0.04600000000000004,0
2018,Texas Tech,Houston,63,49,0,41.25,190.6775,67.25,159.42000000000002,0.156,0.224,0.321,0.32,26.0,31.257499999999993,-0.165,-0.096,1
2018,Ole Miss,Alabama,7,62,0,17.0,244.0375,1.0,314.18,0.622,0.526,0.777,0.756,-16.0,-70.14250000000001,-0.15500000000000003,-0.22999999999999998,0
2018,Purdue,Missouri,37,40,0,72.25,155.7125,37.0,198.1475,0.768,0.902,0.763,0.729,-35.25,-42.435,0.0050000000000000044,0.17300000000000004,0
2018,TCU,Ohio State,28,40,1,32.75,206.475,4.0,294.235,0.405,0.366,0.603,0.525,-28.75,-87.76000000000002,-0.19799999999999995,-0.15900000000000003,0
2018,Texas,USC,37,14,0,14.75,252.69000000000003,6.5,286.6375,0.654,0.824,0.294,0.269,-8.25,-33.94749999999996,0.36000000000000004,0.5549999999999999,1
2018,Utah,Washington,7,21,0,45.25,187.62249999999997,28.75,212.24,0.519,0.688,0.783,0.774,-16.5,-24.617500000000035,-0.264,-0.08600000000000008,0
2018,Illinois,Penn State,24,63,0,59.75,168.4925,18.25,237.4025,0.764,0.368,0.589,0.631,-41.5,-68.91,0.17500000000000004,-0.263,0
2018,Maryland,Minnesota,42,13,0,36.75,198.4025,56.25,173.2425,0.668,0.792,0.519,0.491,19.5,25.159999999999997,0.14900000000000002,0.30100000000000005,1
2018,Purdue,Boston College,30,13,0,72.25,155.7125,64.0,163.9675,0.768,0.902,0.809,0.698,-8.25,-8.254999999999995,-0.041000000000000036,0.20400000000000007,1
2018,Missouri,Georgia,29,43,0,37.0,198.1475,5.75,284.71000000000004,0.763,0.729,0.627,0.597,-31.25,-86.56250000000003,0.136,0.132,0
2018,Wake Forest,Notre Dame,27,56,0,60.75,167.16,12.25,257.245,0.355,0.481,0.676,0.615,-48.5,-90.08500000000001,-0.32100000000000006,-0.134,0
2018,Michigan,Nebraska,56,10,0,17.5,251.1925,28.5,213.26250000000002,0.763,0.561,0.438,0.483,11.0,37.92999999999998,0.325,0.07800000000000007,1
2018,North Carolina,Pittsburgh,38,35,0,29.75,210.06750000000002,39.25,195.54749999999999,0.824,0.831,0.508,0.449,9.5,14.520000000000039,0.31599999999999995,0.38199999999999995,1
2018,Virginia,Louisville,27,3,0,51.0,180.6775,37.5,196.5525,0.438,0.413,0.373,0.302,-13.5,-15.875,0.065,0.11099999999999999,1
2018,Alabama,Texas A&M,45,23,0,1.0,314.18,11.75,259.0525,0.777,0.756,0.613,0.69,10.75,55.1275,0.16400000000000003,0.06600000000000006,1
2018,Baylor,Kansas,26,7,0,35.25,199.84,66.0,162.40499999999997,0.832,0.689,0.851,0.845,30.75,37.43500000000003,-0.019000000000000017,-0.15600000000000003,1
2018,Georgia Tech,Clemson,21,49,0,51.5,178.1725,13.0,257.195,0.749,0.867,0.793,0.779,-38.5,-79.02249999999998,-0.04400000000000004,0.08799999999999997,0
2018,West Virginia,Kansas State,35,6,0,42.5,190.5,59.0,169.5425,0.656,0.66,0.573,0.724,16.5,20.95750000000001,0.08300000000000007,-0.06399999999999995,1
2018,Vanderbilt,South Carolina,14,37,0,53.5,175.84499999999997,21.25,228.54250000000002,0.617,0.601,0.887,0.94,-32.25,-52.69750000000005,-0.27,-0.33899999999999997,0
2018,Texas,TCU,31,16,0,14.75,252.69000000000003,32.75,206.475,0.654,0.824,0.405,0.366,18.0,46.21500000000003,0.249,0.45799999999999996,1
2018,Oklahoma State,Texas Tech,17,41,0,37.5,196.845,41.25,190.6775,0.295,0.445,0.156,0.224,3.75,6.16749999999999,0.13899999999999998,0.221,0
2018,Kentucky,Mississippi State,28,7,0,31.0,207.5975,26.5,217.1775,0.335,0.471,0.875,0.89,-4.5,-9.580000000000013,-0.54,-0.41900000000000004,1
2018,Tennessee,Florida,21,47,0,10.5,263.04499999999996,13.25,251.7625,0.66,0.537,0.704,0.721,2.75,11.28249999999997,-0.04399999999999993,-0.18399999999999994,0
2018,Indiana,Michigan State,21,35,0,54.0,174.00750000000002,25.5,220.5425,0.291,0.483,0.946,0.817,-28.5,-46.53499999999997,-0.655,-0.33399999999999996,0
2018,Auburn,Arkansas,34,3,0,8.0,271.62249999999995,25.25,217.5225,0.828,0.704,0.669,0.653,17.25,54.09999999999994,0.15899999999999992,0.050999999999999934,1
2018,Oregon,Stanford,31,38,0,20.75,231.1725,16.75,240.8275,0.658,0.616,0.871,0.809,-4.0,-9.654999999999973,-0.21299999999999997,-0.19300000000000006,0
2018,Iowa,Wisconsin,17,28,0,51.25,178.665,36.75,198.0025,0.827,0.598,0.856,0.882,-14.5,-19.337500000000006,-0.029000000000000026,-0.28400000000000003,0
2018,Miami,North Carolina,47,10,0,18.25,238.005,29.75,210.06750000000002,0.722,0.803,0.824,0.831,11.5,27.93749999999997,-0.10199999999999998,-0.027999999999999914,1
2018,Colorado,UCLA,38,16,0,61.75,168.535,15.75,249.4025,0.586,0.521,0.338,0.422,-46.0,-80.8675,0.24799999999999994,0.09900000000000003,1
2018,Texas A&M,Arkansas,24,17,1,11.75,259.0525,25.25,217.5225,0.613,0.69,0.669,0.653,13.5,41.53,-0.05600000000000005,0.03699999999999992,1
2018,Texas Tech,West Virginia,34,42,0,41.25,190.6775,42.5,190.5,0.156,0.224,0.656,0.66,1.25,0.1775000000000091,-0.5,-0.43600000000000005,0
2018,Clemson,Syracuse,27,23,0,13.0,257.195,56.25,173.54,0.793,0.779,0.557,0.723,43.25,83.655,0.236,0.05600000000000005,1
2018,Rutgers,Indiana,17,24,0,54.5,174.785,54.0,174.00750000000002,0.476,0.412,0.291,0.483,-0.5,0.777499999999975,0.185,-0.07100000000000001,0
2018,Kansas,Oklahoma State,28,48,0,66.0,162.40499999999997,37.5,196.845,0.851,0.845,0.295,0.445,-28.5,-34.440000000000026,0.556,0.39999999999999997,0
2018,NC State,Virginia,35,21,0,42.0,192.03249999999997,51.0,180.6775,0.788,0.689,0.438,0.413,9.0,11.354999999999961,0.35000000000000003,0.27599999999999997,1
2018,Nebraska,Purdue,28,42,0,28.5,213.26250000000002,72.25,155.7125,0.438,0.483,0.768,0.902,43.75,57.55000000000001,-0.33,-0.41900000000000004,0
2018,Oklahoma,Baylor,66,33,0,14.0,252.03750000000002,35.25,199.84,0.408,0.441,0.832,0.689,21.25,52.19750000000002,-0.424,-0.24799999999999994,1
2018,Kansas State,Texas,14,19,0,59.0,169.5425,14.75,252.69000000000003,0.573,0.724,0.654,0.824,-44.25,-83.14750000000004,-0.08100000000000007,-0.09999999999999998,0
2018,Louisville,Florida State,24,28,0,37.5,196.5525,4.0,290.39,0.373,0.302,0.639,0.874,-33.5,-93.83749999999998,-0.266,-0.5720000000000001,0
2018,Georgia,Tennessee,38,12,0,5.75,284.71000000000004,10.5,263.04499999999996,0.627,0.597,0.66,0.537,4.75,21.665000000000077,-0.03300000000000003,0.05999999999999994,1
2018,UCF,Pittsburgh,45,14,0,64.75,165.22250000000003,39.25,195.54749999999999,0.779,0.79,0.508,0.449,-25.5,-30.32499999999996,0.271,0.341,1
2018,Northwestern,Michigan,17,20,0,51.0,178.6225,17.5,251.1925,0.615,0.641,0.763,0.561,-33.5,-72.57,-0.14800000000000002,0.07999999999999996,0
2018,Mississippi State,Florida,6,13,0,26.5,217.1775,13.25,251.7625,0.875,0.89,0.704,0.721,-13.25,-34.58499999999998,0.17100000000000004,0.16900000000000004,0
2018,Duke,Virginia Tech,14,31,0,48.25,182.8125,31.25,209.315,0.85,0.835,0.691,0.773,-17.0,-26.502499999999998,0.15900000000000003,0.061999999999999944,0
2018,TCU,Iowa State,17,14,0,32.75,206.475,57.5,172.315,0.405,0.366,0.567,0.657,24.75,34.16,-0.16199999999999992,-0.29100000000000004,1
2018,Kentucky,South Carolina,24,10,0,31.0,207.5975,21.25,228.54250000000002,0.335,0.471,0.887,0.94,-9.75,-20.94500000000002,-0.552,-0.469,1
2018,Notre Dame,Stanford,38,17,0,12.25,257.245,16.75,240.8275,0.676,0.615,0.871,0.809,4.5,16.417500000000018,-0.19499999999999995,-0.19400000000000006,1
2018,Penn State,Ohio State,26,27,0,18.25,237.4025,4.0,294.235,0.589,0.631,0.603,0.525,-14.25,-56.83250000000001,-0.014000000000000012,0.10599999999999998,0
2018,Washington,BYU,35,7,0,28.75,212.24,61.0,167.9975,0.783,0.774,0.885,0.836,32.25,44.24250000000001,-0.10199999999999998,-0.061999999999999944,1
2018,LSU,Ole Miss,45,16,0,4.0,291.58750000000003,17.0,244.0375,0.17,0.158,0.622,0.526,13.0,47.55000000000004,-0.45199999999999996,-0.368,1
2018,Louisville,Georgia Tech,31,66,0,37.5,196.5525,51.5,178.1725,0.373,0.302,0.749,0.867,14.0,18.379999999999995,-0.376,-0.565,0
2018,West Virginia,Kansas,38,22,0,42.5,190.5,66.0,162.40499999999997,0.656,0.66,0.851,0.845,23.5,28.095000000000027,-0.19499999999999995,-0.18499999999999994,1
2018,Michigan State,Northwestern,19,29,0,25.5,220.5425,51.0,178.6225,0.946,0.817,0.615,0.641,25.5,41.91999999999999,0.33099999999999996,0.17599999999999993,0
2018,Rutgers,Illinois,17,38,0,54.5,174.785,59.75,168.4925,0.476,0.412,0.764,0.368,5.25,6.29249999999999,-0.28800000000000003,0.043999999999999984,0
2018,Oklahoma,Texas,45,48,1,14.0,252.03750000000002,14.75,252.69000000000003,0.408,0.441,0.654,0.824,0.75,-0.6525000000000034,-0.24600000000000005,-0.38299999999999995,0
2018,Michigan,Maryland,42,21,0,17.5,251.1925,36.75,198.4025,0.763,0.561,0.668,0.792,19.25,52.78999999999999,0.09499999999999997,-0.23099999999999998,1
2018,Arkansas,Alabama,31,65,0,25.25,217.5225,1.0,314.18,0.669,0.653,0.777,0.756,-24.25,-96.6575,-0.10799999999999998,-0.10299999999999998,0
2018,South Carolina,Missouri,37,35,0,21.25,228.54250000000002,37.0,198.1475,0.887,0.94,0.763,0.729,15.75,30.39500000000001,0.124,0.21099999999999997,1
2018,Pittsburgh,Syracuse,44,37,0,39.25,195.54749999999999,56.25,173.54,0.508,0.449,0.557,0.723,17.0,22.007499999999993,-0.049000000000000044,-0.27399999999999997,1
2018,NC State,Boston College,28,23,0,42.0,192.03249999999997,64.0,163.9675,0.788,0.689,0.809,0.698,22.0,28.06499999999997,-0.02100000000000002,-0.009000000000000008,1
2018,Oklahoma State,Iowa State,42,48,0,37.5,196.845,57.5,172.315,0.295,0.445,0.567,0.657,20.0,24.53,-0.27199999999999996,-0.21200000000000002,0
2018,Minnesota,Iowa,31,48,0,56.25,173.2425,51.25,178.665,0.519,0.491,0.827,0.598,-5.0,-5.422499999999985,-0.30799999999999994,-0.10699999999999998,0
2018,Florida,LSU,27,19,0,13.25,251.7625,4.0,291.58750000000003,0.704,0.721,0.17,0.158,-9.25,-39.825000000000045,0.5339999999999999,0.563,1
2018,Miami,Florida State,28,27,0,18.25,238.005,4.0,290.39,0.722,0.803,0.639,0.874,-14.25,-52.38499999999999,0.08299999999999996,-0.07099999999999995,1
2018,Baylor,Kansas State,37,34,0,35.25,199.84,59.0,169.5425,0.832,0.689,0.573,0.724,23.75,30.297500000000014,0.259,-0.03500000000000003,1
2018,Wake Forest,Clemson,3,63,0,60.75,167.16,13.0,257.195,0.355,0.481,0.793,0.779,-47.75,-90.035,-0.43800000000000006,-0.29800000000000004,0
2018,Ohio State,Indiana,49,26,0,4.0,294.235,54.0,174.00750000000002,0.603,0.525,0.291,0.483,50.0,120.22749999999999,0.312,0.04200000000000004,1
2018,Texas A&M,Kentucky,20,14,0,11.75,259.0525,31.0,207.5975,0.613,0.69,0.335,0.471,19.25,51.45500000000001,0.27799999999999997,0.21899999999999997,1
2018,Wisconsin,Nebraska,41,24,0,36.75,198.0025,28.5,213.26250000000002,0.856,0.882,0.438,0.483,-8.25,-15.26000000000002,0.418,0.399,1
2018,Georgia,Vanderbilt,41,13,0,5.75,284.71000000000004,53.5,175.84499999999997,0.627,0.597,0.617,0.601,47.75,108.86500000000007,0.010000000000000009,-0.0040000000000000036,1
2018,UCLA,Washington,24,31,0,15.75,249.4025,28.75,212.24,0.338,0.422,0.783,0.774,13.0,37.162499999999994,-0.445,-0.35200000000000004,0
2018,Mississippi State,Auburn,23,9,0,26.5,217.1775,8.0,271.62249999999995,0.875,0.89,0.828,0.704,-18.5,-54.444999999999936,0.04700000000000004,0.18600000000000005,1
2018,Virginia Tech,Notre Dame,23,45,0,31.25,209.315,12.25,257.245,0.691,0.773,0.676,0.615,-19.0,-47.93000000000001,0.014999999999999902,0.15800000000000003,0
2018,Stanford,Utah,21,40,0,16.75,240.8275,45.25,187.62249999999997,0.871,0.809,0.519,0.688,28.5,53.20500000000001,0.352,0.12100000000000011,0
2018,TCU,Texas Tech,14,17,0,32.75,206.475,41.25,190.6775,0.405,0.366,0.156,0.224,8.5,15.797499999999985,0.24900000000000003,0.142,0
2018,Vanderbilt,Florida,27,37,0,53.5,175.84499999999997,13.25,251.7625,0.617,0.601,0.704,0.721,-40.25,-75.91750000000002,-0.08699999999999997,-0.12,0
2018,Indiana,Iowa,16,42,0,54.0,174.00750000000002,51.25,178.665,0.291,0.483,0.827,0.598,-2.75,-4.65749999999997,-0.536,-0.11499999999999999,0
2018,Maryland,Rutgers,34,7,0,36.75,198.4025,54.5,174.785,0.668,0.792,0.476,0.412,17.75,23.617500000000007,0.19200000000000006,0.38000000000000006,1
2018,Ohio State,Minnesota,30,14,0,4.0,294.235,56.25,173.2425,0.603,0.525,0.519,0.491,52.25,120.9925,0.08399999999999996,0.03400000000000003,1
2018,Auburn,Tennessee,24,30,0,8.0,271.62249999999995,10.5,263.04499999999996,0.828,0.704,0.66,0.537,2.5,8.577499999999986,0.16799999999999993,0.16699999999999993,0
2018,Kansas State,Oklahoma State,31,12,0,59.0,169.5425,37.5,196.845,0.573,0.724,0.295,0.445,-21.5,-27.30250000000001,0.27799999999999997,0.27899999999999997,1
2018,Northwestern,Nebraska,34,31,0,51.0,178.6225,28.5,213.26250000000002,0.615,0.641,0.438,0.483,-22.5,-34.640000000000015,0.177,0.15800000000000003,1
2018,Georgia Tech,Duke,14,28,0,51.5,178.1725,48.25,182.8125,0.749,0.867,0.85,0.835,-3.25,-4.639999999999986,-0.10099999999999998,0.03200000000000003,0
2018,Boston College,Louisville,38,20,0,64.0,163.9675,37.5,196.5525,0.809,0.698,0.373,0.302,-26.5,-32.58500000000001,0.43600000000000005,0.39599999999999996,1
2018,Notre Dame,Pittsburgh,19,14,0,12.25,257.245,39.25,195.54749999999999,0.676,0.615,0.508,0.449,27.0,61.69750000000002,0.16800000000000004,0.16599999999999998,1
2018,Penn State,Michigan State,17,21,0,18.25,237.4025,25.5,220.5425,0.589,0.631,0.946,0.817,7.25,16.860000000000014,-0.357,-0.18599999999999994,0
2018,Oregon,Washington,30,27,0,20.75,231.1725,28.75,212.24,0.658,0.616,0.783,0.774,8.0,18.932500000000005,-0.125,-0.15800000000000003,1
2018,Illinois,Purdue,7,46,0,59.75,168.4925,72.25,155.7125,0.764,0.368,0.768,0.902,12.5,12.780000000000001,-0.0040000000000000036,-0.534,0
2018,South Carolina,Texas A&M,23,26,0,21.25,228.54250000000002,11.75,259.0525,0.887,0.94,0.613,0.69,-9.5,-30.50999999999999,0.274,0.25,0
2018,LSU,Georgia,36,16,0,4.0,291.58750000000003,5.75,284.71000000000004,0.17,0.158,0.627,0.597,1.75,6.877499999999998,-0.45699999999999996,-0.43899999999999995,1
2018,Texas,Baylor,23,17,0,14.75,252.69000000000003,35.25,199.84,0.654,0.824,0.832,0.689,20.5,52.85000000000002,-0.17799999999999994,0.135,1
2018,Iowa State,West Virginia,30,14,0,57.5,172.315,42.5,190.5,0.567,0.657,0.656,0.66,-15.0,-18.185000000000002,-0.08900000000000008,-0.0030000000000000027,1
2018,Alabama,Missouri,39,10,0,1.0,314.18,37.0,198.1475,0.777,0.756,0.763,0.729,36.0,116.0325,0.014000000000000012,0.027000000000000024,1
2018,North Carolina,Virginia Tech,19,22,0,29.75,210.06750000000002,31.25,209.315,0.824,0.831,0.691,0.773,1.5,0.7525000000000261,0.133,0.05799999999999994,0
2018,Virginia,Miami,16,13,0,51.0,180.6775,18.25,238.005,0.438,0.413,0.722,0.803,-32.75,-57.327499999999986,-0.284,-0.39000000000000007,1
2018,Michigan,Wisconsin,38,13,0,17.5,251.1925,36.75,198.0025,0.763,0.561,0.856,0.882,19.25,53.19,-0.09299999999999997,-0.32099999999999995,1
2018,Arkansas,Ole Miss,33,37,0,25.25,217.5225,17.0,244.0375,0.669,0.653,0.622,0.526,-8.25,-26.514999999999986,0.04700000000000004,0.127,0
2018,USC,Colorado,31,20,0,6.5,286.6375,61.75,168.535,0.294,0.269,0.586,0.521,55.25,118.10249999999999,-0.292,-0.252,1
2018,Iowa,Maryland,23,0,0,51.25,178.665,36.75,198.4025,0.827,0.598,0.668,0.792,-14.5,-19.73750000000001,0.15899999999999992,-0.19400000000000006,1
2018,TCU,Oklahoma,27,52,0,32.75,206.475,14.0,252.03750000000002,0.405,0.366,0.408,0.441,-18.75,-45.56250000000003,-0.002999999999999947,-0.07500000000000001,0
2018,Ole Miss,Auburn,16,31,0,17.0,244.0375,8.0,271.62249999999995,0.622,0.526,0.828,0.704,-9.0,-27.58499999999995,-0.20599999999999996,-0.17799999999999994,0
2018,Rutgers,Northwestern,15,18,0,54.5,174.785,51.0,178.6225,0.476,0.412,0.615,0.641,-3.5,-3.8375000000000057,-0.139,-0.22900000000000004,0
2018,Michigan State,Michigan,7,21,0,25.5,220.5425,17.5,251.1925,0.946,0.817,0.763,0.561,-8.0,-30.650000000000006,0.18299999999999994,0.2559999999999999,0
2018,Wisconsin,Illinois,49,20,0,36.75,198.0025,59.75,168.4925,0.856,0.882,0.764,0.368,23.0,29.50999999999999,0.09199999999999997,0.514,1
2018,Syracuse,North Carolina,40,37,0,56.25,173.54,29.75,210.06750000000002,0.557,0.723,0.824,0.831,-26.5,-36.52750000000003,-0.2669999999999999,-0.10799999999999998,1
2018,Duke,Virginia,14,28,0,48.25,182.8125,51.0,180.6775,0.85,0.835,0.438,0.413,2.75,2.134999999999991,0.412,0.422,0
2018,Texas Tech,Kansas,48,16,0,41.25,190.6775,66.0,162.40499999999997,0.156,0.224,0.851,0.845,24.75,28.272500000000036,-0.695,-0.621,1
2018,Washington,Colorado,27,13,0,28.75,212.24,61.75,168.535,0.783,0.774,0.586,0.521,33.0,43.70500000000001,0.19700000000000006,0.253,1
2018,Indiana,Penn State,28,33,0,54.0,174.00750000000002,18.25,237.4025,0.291,0.483,0.589,0.631,-35.75,-63.39499999999998,-0.298,-0.14800000000000002,0
2018,Tennessee,Alabama,21,58,0,10.5,263.04499999999996,1.0,314.18,0.66,0.537,0.777,0.756,-9.5,-51.13500000000005,-0.11699999999999999,-0.21899999999999997,0
2018,Florida State,Wake Forest,38,17,0,4.0,290.39,60.75,167.16,0.639,0.874,0.355,0.481,56.75,123.22999999999999,0.28400000000000003,0.393,1
2018,Clemson,NC State,41,7,0,13.0,257.195,42.0,192.03249999999997,0.793,0.779,0.788,0.689,29.0,65.16250000000002,0.0050000000000000044,0.09000000000000008,1
2018,Nebraska,Minnesota,53,28,0,28.5,213.26250000000002,56.25,173.2425,0.438,0.483,0.519,0.491,27.75,40.02000000000001,-0.08100000000000002,-0.008000000000000007,1
2018,LSU,Mississippi State,19,3,0,4.0,291.58750000000003,26.5,217.1775,0.17,0.158,0.875,0.89,22.5,74.41000000000003,-0.705,-0.732,1
2018,Kentucky,Vanderbilt,14,7,0,31.0,207.5975,53.5,175.84499999999997,0.335,0.471,0.617,0.601,22.5,31.752500000000026,-0.282,-0.13,1
2018,Purdue,Ohio State,49,20,0,72.25,155.7125,4.0,294.235,0.768,0.902,0.603,0.525,-68.25,-138.5225,0.16500000000000004,0.377,1
2018,Utah,USC,41,28,0,45.25,187.62249999999997,6.5,286.6375,0.519,0.688,0.294,0.269,-38.75,-99.01500000000001,0.22500000000000003,0.41899999999999993,1
2018,West Virginia,Baylor,58,14,0,42.5,190.5,35.25,199.84,0.656,0.66,0.832,0.689,-7.25,-9.340000000000003,-0.17599999999999993,-0.028999999999999915,1
2018,Virginia Tech,Georgia Tech,28,49,0,31.25,209.315,51.5,178.1725,0.691,0.773,0.749,0.867,20.25,31.142499999999984,-0.05800000000000005,-0.09399999999999997,0
2018,Boston College,Miami,27,14,0,64.0,163.9675,18.25,238.005,0.809,0.698,0.722,0.803,-45.75,-74.0375,0.08700000000000008,-0.1050000000000001,1
2018,Minnesota,Indiana,38,31,0,56.25,173.2425,54.0,174.00750000000002,0.519,0.491,0.291,0.483,-2.25,-0.7650000000000148,0.22800000000000004,0.008000000000000007,1
2018,UCLA,Utah,10,41,0,15.75,249.4025,45.25,187.62249999999997,0.338,0.422,0.519,0.688,29.5,61.78000000000003,-0.181,-0.26599999999999996,0
2018,Iowa State,Texas Tech,40,31,0,57.5,172.315,41.25,190.6775,0.567,0.657,0.156,0.224,-16.25,-18.36250000000001,0.4109999999999999,0.43300000000000005,1
2018,Northwestern,Wisconsin,31,17,0,51.0,178.6225,36.75,198.0025,0.615,0.641,0.856,0.882,-14.25,-19.379999999999995,-0.241,-0.241,1
2018,Michigan State,Purdue,23,13,0,25.5,220.5425,72.25,155.7125,0.946,0.817,0.768,0.902,46.75,64.82999999999998,0.17799999999999994,-0.08500000000000008,1
2018,Arkansas,Vanderbilt,31,45,0,25.25,217.5225,53.5,175.84499999999997,0.669,0.653,0.617,0.601,28.25,41.67750000000004,0.052000000000000046,0.052000000000000046,0
2018,Florida State,Clemson,10,59,0,4.0,290.39,13.0,257.195,0.639,0.874,0.793,0.779,9.0,33.19499999999999,-0.15400000000000003,0.09499999999999997,0
2018,Louisville,Wake Forest,35,56,0,37.5,196.5525,60.75,167.16,0.373,0.302,0.355,0.481,23.25,29.392500000000013,0.018000000000000016,-0.179,0
2018,Virginia,North Carolina,31,21,0,51.0,180.6775,29.75,210.06750000000002,0.438,0.413,0.824,0.831,-21.25,-29.390000000000015,-0.38599999999999995,-0.418,1
2018,Kansas,TCU,27,26,0,66.0,162.40499999999997,32.75,206.475,0.851,0.845,0.405,0.366,-33.25,-44.07000000000002,0.44599999999999995,0.479,1
2018,Pittsburgh,Duke,54,45,0,39.25,195.54749999999999,48.25,182.8125,0.508,0.449,0.85,0.835,9.0,12.734999999999985,-0.34199999999999997,-0.38599999999999995,1
2018,Penn State,Iowa,30,24,0,18.25,237.4025,51.25,178.665,0.589,0.631,0.827,0.598,33.0,58.73750000000001,-0.238,0.03300000000000003,1
2018,Oklahoma,Kansas State,51,14,0,14.0,252.03750000000002,59.0,169.5425,0.408,0.441,0.573,0.724,45.0,82.49500000000003,-0.16499999999999998,-0.283,1
2018,Georgia,Florida,36,17,1,5.75,284.71000000000004,13.25,251.7625,0.627,0.597,0.704,0.721,7.5,32.94750000000005,-0.07699999999999996,-0.124,1
2018,Maryland,Illinois,63,33,0,36.75,198.4025,59.75,168.4925,0.668,0.792,0.764,0.368,23.0,29.909999999999997,-0.09599999999999997,0.42400000000000004,1
2018,Missouri,Kentucky,14,15,0,37.0,198.1475,31.0,207.5975,0.763,0.729,0.335,0.471,-6.0,-9.449999999999989,0.428,0.258,0
2018,Mississippi State,Texas A&M,28,13,0,26.5,217.1775,11.75,259.0525,0.875,0.89,0.613,0.69,-14.75,-41.875,0.262,0.20000000000000007,1
2018,Syracuse,NC State,51,41,0,56.25,173.54,42.0,192.03249999999997,0.557,0.723,0.788,0.689,-14.25,-18.49249999999998,-0.23099999999999998,0.03400000000000003,1
2018,South Carolina,Tennessee,27,24,0,21.25,228.54250000000002,10.5,263.04499999999996,0.887,0.94,0.66,0.537,-10.75,-34.50249999999994,0.22699999999999998,0.4029999999999999,1
2018,Oklahoma State,Texas,38,35,0,37.5,196.845,14.75,252.69000000000003,0.295,0.445,0.654,0.824,-22.75,-55.84500000000003,-0.35900000000000004,-0.37899999999999995,1
2018,Virginia,Pittsburgh,13,23,0,51.0,180.6775,39.25,195.54749999999999,0.438,0.413,0.508,0.449,-11.75,-14.869999999999976,-0.07,-0.03600000000000003,0
2018,Ohio State,Nebraska,36,31,0,4.0,294.235,28.5,213.26250000000002,0.603,0.525,0.438,0.483,24.5,80.9725,0.16499999999999998,0.04200000000000004,1
2018,Wake Forest,Syracuse,24,41,0,60.75,167.16,56.25,173.54,0.355,0.481,0.557,0.723,-4.5,-6.3799999999999955,-0.20200000000000007,-0.242,0
2018,Ole Miss,South Carolina,44,48,0,17.0,244.0375,21.25,228.54250000000002,0.622,0.526,0.887,0.94,4.25,15.494999999999976,-0.265,-0.4139999999999999,0
2018,Baylor,Oklahoma State,35,31,0,35.25,199.84,37.5,196.845,0.832,0.689,0.295,0.445,2.25,2.9950000000000045,0.5369999999999999,0.24399999999999994,1
2018,Kansas,Iowa State,3,27,0,66.0,162.40499999999997,57.5,172.315,0.851,0.845,0.567,0.657,-8.5,-9.910000000000025,0.28400000000000003,0.18799999999999994,0
2018,Wisconsin,Rutgers,31,17,0,36.75,198.0025,54.5,174.785,0.856,0.882,0.476,0.412,17.75,23.2175,0.38,0.47000000000000003,1
2018,Maryland,Michigan State,3,24,0,36.75,198.4025,25.5,220.5425,0.668,0.792,0.946,0.817,-11.25,-22.139999999999986,-0.2779999999999999,-0.02499999999999991,0
2018,Clemson,Louisville,77,16,0,13.0,257.195,37.5,196.5525,0.793,0.779,0.373,0.302,24.5,60.642499999999984,0.42000000000000004,0.47700000000000004,1
2018,Auburn,Texas A&M,28,24,0,8.0,271.62249999999995,11.75,259.0525,0.828,0.704,0.613,0.69,3.75,12.569999999999936,0.21499999999999997,0.014000000000000012,1
2018,North Carolina,Georgia Tech,28,38,0,29.75,210.06750000000002,51.5,178.1725,0.824,0.831,0.749,0.867,21.75,31.89500000000001,0.07499999999999996,-0.03600000000000003,0
2018,TCU,Kansas State,14,13,0,32.75,206.475,59.0,169.5425,0.405,0.366,0.573,0.724,26.25,36.932500000000005,-0.16799999999999993,-0.358,1
2018,Purdue,Iowa,38,36,0,72.25,155.7125,51.25,178.665,0.768,0.902,0.827,0.598,-21.0,-22.952499999999986,-0.05899999999999994,0.30400000000000005,1
2018,NC State,Florida State,47,28,0,42.0,192.03249999999997,4.0,290.39,0.788,0.689,0.639,0.874,-38.0,-98.35750000000002,0.14900000000000002,-0.18500000000000005,1
2018,Kentucky,Georgia,17,34,0,31.0,207.5975,5.75,284.71000000000004,0.335,0.471,0.627,0.597,-25.25,-77.11250000000004,-0.292,-0.126,0
2018,Texas,West Virginia,41,42,0,14.75,252.69000000000003,42.5,190.5,0.654,0.824,0.656,0.66,27.75,62.190000000000026,-0.0020000000000000018,0.16399999999999992,0
2018,Illinois,Minnesota,55,31,0,59.75,168.4925,56.25,173.2425,0.764,0.368,0.519,0.491,-3.5,-4.75,0.245,-0.123,1
2018,Michigan,Penn State,42,7,0,17.5,251.1925,18.25,237.4025,0.763,0.561,0.589,0.631,0.75,13.789999999999992,0.17400000000000004,-0.06999999999999995,1
2018,Virginia Tech,Boston College,21,31,0,31.25,209.315,64.0,163.9675,0.691,0.773,0.809,0.698,32.75,45.3475,-0.1180000000000001,0.07500000000000007,0
2018,Florida,Missouri,17,38,0,13.25,251.7625,37.0,198.1475,0.704,0.721,0.763,0.729,23.75,53.61499999999998,-0.05900000000000005,-0.008000000000000007,0
2018,Miami,Duke,12,20,0,18.25,238.005,48.25,182.8125,0.722,0.803,0.85,0.835,30.0,55.192499999999995,-0.128,-0.03199999999999992,0
2018,Northwestern,Notre Dame,21,31,0,51.0,178.6225,12.25,257.245,0.615,0.641,0.676,0.615,-38.75,-78.6225,-0.061000000000000054,0.026000000000000023,0
2018,Oregon,UCLA,42,21,0,20.75,231.1725,15.75,249.4025,0.658,0.616,0.338,0.422,-5.0,-18.22999999999999,0.32,0.194,1
2018,Texas Tech,Oklahoma,46,51,0,41.25,190.6775,14.0,252.03750000000002,0.156,0.224,0.408,0.441,-27.25,-61.360000000000014,-0.252,-0.217,0
2018,LSU,Alabama,0,29,0,4.0,291.58750000000003,1.0,314.18,0.17,0.158,0.777,0.756,-3.0,-22.592499999999973,-0.607,-0.598,0
2018,Washington,Stanford,27,23,0,28.75,212.24,16.75,240.8275,0.783,0.774,0.871,0.809,-12.0,-28.587499999999977,-0.08799999999999997,-0.03500000000000003,1
2018,NC State,Wake Forest,23,27,0,42.0,192.03249999999997,60.75,167.16,0.788,0.689,0.355,0.481,18.75,24.872499999999974,0.43300000000000005,0.20799999999999996,0
2018,Syracuse,Louisville,54,23,0,56.25,173.54,37.5,196.5525,0.557,0.723,0.373,0.302,-18.75,-23.012500000000017,0.18400000000000005,0.421,1
2018,Texas A&M,Ole Miss,38,24,0,11.75,259.0525,17.0,244.0375,0.613,0.69,0.622,0.526,5.25,15.015000000000015,-0.009000000000000008,0.16399999999999992,1
2018,Missouri,Vanderbilt,33,28,0,37.0,198.1475,53.5,175.84499999999997,0.763,0.729,0.617,0.601,16.5,22.302500000000038,0.14600000000000002,0.128,1
2018,Florida,South Carolina,35,31,0,13.25,251.7625,21.25,228.54250000000002,0.704,0.721,0.887,0.94,8.0,23.21999999999997,-0.18300000000000005,-0.21899999999999997,1
2018,Penn State,Wisconsin,22,10,0,18.25,237.4025,36.75,198.0025,0.589,0.631,0.856,0.882,18.5,39.400000000000006,-0.267,-0.251,1
2018,Kansas State,Kansas,21,17,0,59.0,169.5425,66.0,162.40499999999997,0.573,0.724,0.851,0.845,7.0,7.137500000000017,-0.278,-0.121,1
2018,West Virginia,TCU,47,10,0,42.5,190.5,32.75,206.475,0.656,0.66,0.405,0.366,-9.75,-15.974999999999994,0.251,0.29400000000000004,1
2018,Nebraska,Illinois,54,35,0,28.5,213.26250000000002,59.75,168.4925,0.438,0.483,0.764,0.368,31.25,44.77000000000001,-0.326,0.11499999999999999,1
2018,Michigan State,Ohio State,6,26,0,25.5,220.5425,4.0,294.235,0.946,0.817,0.603,0.525,-21.5,-73.69250000000002,0.34299999999999997,0.2919999999999999,0
2018,Indiana,Maryland,34,32,0,54.0,174.00750000000002,36.75,198.4025,0.291,0.483,0.668,0.792,-17.25,-24.394999999999982,-0.37700000000000006,-0.30900000000000005,1
2018,Duke,North Carolina,42,35,0,48.25,182.8125,29.75,210.06750000000002,0.85,0.835,0.824,0.831,-18.5,-27.255000000000024,0.026000000000000023,0.0040000000000000036,1
2018,Tennessee,Kentucky,24,7,0,10.5,263.04499999999996,31.0,207.5975,0.66,0.537,0.335,0.471,20.5,55.44749999999996,0.325,0.06600000000000006,1
2018,Pittsburgh,Virginia Tech,52,22,0,39.25,195.54749999999999,31.25,209.315,0.508,0.449,0.691,0.773,-8.0,-13.767500000000013,-0.18299999999999994,-0.324,1
2018,Oklahoma,Oklahoma State,48,47,0,14.0,252.03750000000002,37.5,196.845,0.408,0.441,0.295,0.445,23.5,55.192500000000024,0.11299999999999999,-0.0040000000000000036,1
2018,Minnesota,Purdue,41,10,0,56.25,173.2425,72.25,155.7125,0.519,0.491,0.768,0.902,16.0,17.53,-0.249,-0.41100000000000003,1
2018,Rutgers,Michigan,7,42,0,54.5,174.785,17.5,251.1925,0.476,0.412,0.763,0.561,-37.0,-76.4075,-0.28700000000000003,-0.14900000000000008,0
2018,Iowa State,Baylor,28,14,0,57.5,172.315,35.25,199.84,0.567,0.657,0.832,0.689,-22.25,-27.525000000000006,-0.265,-0.03199999999999992,1
2018,Iowa,Northwestern,10,14,0,51.25,178.665,51.0,178.6225,0.827,0.598,0.615,0.641,-0.25,0.04249999999998977,0.21199999999999997,-0.04300000000000004,0
2018,Alabama,Mississippi State,24,0,0,1.0,314.18,26.5,217.1775,0.777,0.756,0.875,0.89,25.5,97.0025,-0.09799999999999998,-0.134,1
2018,Utah,Oregon,32,25,0,45.25,187.62249999999997,20.75,231.1725,0.519,0.688,0.658,0.616,-24.5,-43.55000000000004,-0.139,0.07199999999999995,1
2018,Georgia Tech,Miami,27,21,0,51.5,178.1725,18.25,238.005,0.749,0.867,0.722,0.803,-33.25,-59.83249999999998,0.027000000000000024,0.06399999999999995,1
2018,Georgia,Auburn,27,10,0,5.75,284.71000000000004,8.0,271.62249999999995,0.627,0.597,0.828,0.704,2.25,13.087500000000091,-0.20099999999999996,-0.10699999999999998,1
2018,Notre Dame,Florida State,42,13,0,12.25,257.245,4.0,290.39,0.676,0.615,0.639,0.874,-8.25,-33.14499999999998,0.03700000000000003,-0.259,1
2018,Arkansas,LSU,17,24,0,25.25,217.5225,4.0,291.58750000000003,0.669,0.653,0.17,0.158,-21.25,-74.06500000000003,0.499,0.495,0
2018,Texas Tech,Texas,34,41,0,41.25,190.6775,14.75,252.69000000000003,0.156,0.224,0.654,0.824,-26.5,-62.01250000000002,-0.498,-0.6,0
2018,Boston College,Clemson,7,27,0,64.0,163.9675,13.0,257.195,0.809,0.698,0.793,0.779,-51.0,-93.22749999999999,0.016000000000000014,-0.08100000000000007,0
2018,Rutgers,Penn State,7,20,0,54.5,174.785,18.25,237.4025,0.476,0.412,0.589,0.631,-36.25,-62.61750000000001,-0.11299999999999999,-0.21900000000000003,0
2018,Maryland,Ohio State,51,52,0,36.75,198.4025,4.0,294.235,0.668,0.792,0.603,0.525,-32.75,-95.83250000000001,0.06500000000000006,0.267,0
2018,Minnesota,Northwestern,14,24,0,56.25,173.2425,51.0,178.6225,0.519,0.491,0.615,0.641,-5.25,-5.3799999999999955,-0.09599999999999997,-0.15000000000000002,0
2018,Wake Forest,Pittsburgh,13,34,0,60.75,167.16,39.25,195.54749999999999,0.355,0.481,0.508,0.449,-21.5,-28.38749999999999,-0.15300000000000002,0.03199999999999997,0
2018,Baylor,TCU,9,16,0,35.25,199.84,32.75,206.475,0.832,0.689,0.405,0.366,-2.5,-6.634999999999991,0.42699999999999994,0.32299999999999995,0
2018,Nebraska,Michigan State,9,6,0,28.5,213.26250000000002,25.5,220.5425,0.438,0.483,0.946,0.817,-3.0,-7.279999999999973,-0.508,-0.33399999999999996,1
2018,Mississippi State,Arkansas,52,6,0,26.5,217.1775,25.25,217.5225,0.875,0.89,0.669,0.653,-1.25,-0.34499999999999886,0.20599999999999996,0.237,1
2018,Louisville,NC State,10,52,0,37.5,196.5525,42.0,192.03249999999997,0.373,0.302,0.788,0.689,4.5,4.520000000000039,-0.41500000000000004,-0.38699999999999996,0
2018,Colorado,Utah,7,30,0,61.75,168.535,45.25,187.62249999999997,0.586,0.521,0.519,0.688,-16.5,-19.087499999999977,0.06699999999999995,-0.16699999999999993,0
2018,Notre Dame,Syracuse,36,3,1,12.25,257.245,56.25,173.54,0.676,0.615,0.557,0.723,44.0,83.70500000000001,0.119,-0.10799999999999998,1
2018,Florida State,Boston College,22,21,0,4.0,290.39,64.0,163.9675,0.639,0.874,0.809,0.698,60.0,126.42249999999999,-0.17000000000000004,0.17600000000000005,1
2018,UCLA,USC,34,27,0,15.75,249.4025,6.5,286.6375,0.338,0.422,0.294,0.269,-9.25,-37.234999999999985,0.04400000000000004,0.15299999999999997,1
2018,Georgia Tech,Virginia,30,27,0,51.5,178.1725,51.0,180.6775,0.749,0.867,0.438,0.413,-0.5,-2.5049999999999955,0.311,0.454,1
2018,Kansas State,Texas Tech,21,6,0,59.0,169.5425,41.25,190.6775,0.573,0.724,0.156,0.224,-17.75,-21.13500000000002,0.4169999999999999,0.5,1
2018,Tennessee,Missouri,17,50,0,10.5,263.04499999999996,37.0,198.1475,0.66,0.537,0.763,0.729,26.5,64.89749999999995,-0.10299999999999998,-0.19199999999999995,0
2018,Virginia Tech,Miami,14,38,0,31.25,209.315,18.25,238.005,0.691,0.773,0.722,0.803,-13.0,-28.689999999999998,-0.031000000000000028,-0.030000000000000027,0
2018,Illinois,Iowa,0,63,0,59.75,168.4925,51.25,178.665,0.764,0.368,0.827,0.598,-8.5,-10.172499999999985,-0.06299999999999994,-0.22999999999999998,0
2018,Purdue,Wisconsin,44,47,0,72.25,155.7125,36.75,198.0025,0.768,0.902,0.856,0.882,-35.5,-42.28999999999999,-0.08799999999999997,0.020000000000000018,0
2018,Oklahoma State,West Virginia,45,41,0,37.5,196.845,42.5,190.5,0.295,0.445,0.656,0.66,5.0,6.344999999999999,-0.36100000000000004,-0.21500000000000002,1
2018,Michigan,Indiana,31,20,0,17.5,251.1925,54.0,174.00750000000002,0.763,0.561,0.291,0.483,36.5,77.18499999999997,0.47200000000000003,0.07800000000000007,1
2018,Clemson,Duke,35,6,0,13.0,257.195,48.25,182.8125,0.793,0.779,0.85,0.835,35.25,74.3825,-0.05699999999999994,-0.05599999999999994,1
2018,Vanderbilt,Ole Miss,36,29,0,53.5,175.84499999999997,17.0,244.0375,0.617,0.601,0.622,0.526,-36.5,-68.19250000000002,-0.0050000000000000044,0.07499999999999996,1
2018,Oklahoma,Kansas,55,40,0,14.0,252.03750000000002,66.0,162.40499999999997,0.408,0.441,0.851,0.845,52.0,89.63250000000005,-0.443,-0.40399999999999997,1
2018,UCF,Cincinnati,38,13,0,64.75,165.22250000000003,67.5,161.10500000000002,0.779,0.79,0.789,0.765,2.75,4.117500000000007,-0.010000000000000009,0.025000000000000022,1
2018,Texas,Iowa State,24,10,0,14.75,252.69000000000003,57.5,172.315,0.654,0.824,0.567,0.657,42.75,80.37500000000003,0.08700000000000008,0.16699999999999993,1
2018,Ole Miss,Mississippi State,3,35,0,17.0,244.0375,26.5,217.1775,0.622,0.526,0.875,0.89,9.5,26.859999999999985,-0.253,-0.364,0
2018,Kansas,Texas,17,24,0,66.0,162.40499999999997,14.75,252.69000000000003,0.851,0.845,0.654,0.824,-51.25,-90.28500000000005,0.19699999999999995,0.02100000000000002,0
2018,Iowa,Nebraska,31,28,0,51.25,178.665,28.5,213.26250000000002,0.827,0.598,0.438,0.483,-22.75,-34.597500000000025,0.38899999999999996,0.11499999999999999,1
2018,Missouri,Arkansas,38,0,0,37.0,198.1475,25.25,217.5225,0.763,0.729,0.669,0.653,-11.75,-19.375,0.09399999999999997,0.07599999999999996,1
2018,Virginia Tech,Virginia,34,31,0,31.25,209.315,51.0,180.6775,0.691,0.773,0.438,0.413,19.75,28.63749999999999,0.25299999999999995,0.36000000000000004,1
2018,West Virginia,Oklahoma,56,59,0,42.5,190.5,14.0,252.03750000000002,0.656,0.66,0.408,0.441,-28.5,-61.53750000000002,0.24800000000000005,0.21900000000000003,0
2018,Indiana,Purdue,21,28,0,54.0,174.00750000000002,72.25,155.7125,0.291,0.483,0.768,0.902,18.25,18.295000000000016,-0.47700000000000004,-0.41900000000000004,0
2018,Florida State,Florida,14,41,0,4.0,290.39,13.25,251.7625,0.639,0.874,0.704,0.721,9.25,38.6275,-0.06499999999999995,0.15300000000000002,0
2018,Boston College,Syracuse,21,42,0,64.0,163.9675,56.25,173.54,0.809,0.698,0.557,0.723,-7.75,-9.572499999999991,0.252,-0.025000000000000022,0
2018,Ohio State,Michigan,62,39,0,4.0,294.235,17.5,251.1925,0.603,0.525,0.763,0.561,13.5,43.04250000000002,-0.16000000000000003,-0.03600000000000003,1
2018,Georgia,Georgia Tech,45,21,0,5.75,284.71000000000004,51.5,178.1725,0.627,0.597,0.749,0.867,45.75,106.53750000000002,-0.122,-0.27,1
2018,Texas Tech,Baylor,24,35,1,41.25,190.6775,35.25,199.84,0.156,0.224,0.832,0.689,-6.0,-9.162499999999994,-0.6759999999999999,-0.46499999999999997,0
2018,North Carolina,NC State,28,34,0,29.75,210.06750000000002,42.0,192.03249999999997,0.824,0.831,0.788,0.689,12.25,18.035000000000053,0.03599999999999992,0.14200000000000002,0
2018,Duke,Wake Forest,7,59,0,48.25,182.8125,60.75,167.16,0.85,0.835,0.355,0.481,12.5,15.652500000000003,0.495,0.354,0
2018,UCLA,Stanford,42,49,0,15.75,249.4025,16.75,240.8275,0.338,0.422,0.871,0.809,1.0,8.575000000000017,-0.5329999999999999,-0.38700000000000007,0
2018,Miami,Pittsburgh,24,3,0,18.25,238.005,39.25,195.54749999999999,0.722,0.803,0.508,0.449,21.0,42.45750000000001,0.21399999999999997,0.35400000000000004,1
2018,Wisconsin,Minnesota,15,37,0,36.75,198.0025,56.25,173.2425,0.856,0.882,0.519,0.491,19.5,24.75999999999999,0.33699999999999997,0.391,0
2018,Northwestern,Illinois,24,16,0,51.0,178.6225,59.75,168.4925,0.615,0.641,0.764,0.368,8.75,10.129999999999995,-0.14900000000000002,0.273,1
2018,Alabama,Auburn,52,21,0,1.0,314.18,8.0,271.62249999999995,0.777,0.756,0.828,0.704,7.0,42.55750000000006,-0.050999999999999934,0.052000000000000046,1
2018,Penn State,Maryland,38,3,0,18.25,237.4025,36.75,198.4025,0.589,0.631,0.668,0.792,18.5,39.0,-0.07900000000000007,-0.16100000000000003,1
2018,Vanderbilt,Tennessee,38,13,0,53.5,175.84499999999997,10.5,263.04499999999996,0.617,0.601,0.66,0.537,-43.0,-87.19999999999999,-0.04300000000000004,0.06399999999999995,1
2018,Michigan State,Rutgers,14,10,0,25.5,220.5425,54.5,174.785,0.946,0.817,0.476,0.412,29.0,45.75749999999999,0.47,0.40499999999999997,1
2018,Iowa State,Kansas State,42,38,0,57.5,172.315,59.0,169.5425,0.567,0.657,0.573,0.724,1.5,2.772500000000008,-0.006000000000000005,-0.06699999999999995,1
2018,Louisville,Kentucky,10,56,0,37.5,196.5525,31.0,207.5975,0.373,0.302,0.335,0.471,-6.5,-11.044999999999987,0.03799999999999998,-0.16899999999999998,0
2018,Clemson,South Carolina,56,35,0,13.0,257.195,21.25,228.54250000000002,0.793,0.779,0.887,0.94,8.25,28.652499999999975,-0.09399999999999997,-0.16099999999999992,1
2018,Texas A&M,LSU,74,72,0,11.75,259.0525,4.0,291.58750000000003,0.613,0.69,0.17,0.158,-7.75,-32.535000000000025,0.44299999999999995,0.5319999999999999,1
2018,USC,Notre Dame,17,24,0,6.5,286.6375,12.25,257.245,0.294,0.269,0.676,0.615,5.75,29.392499999999984,-0.38200000000000006,-0.346,0
2018,TCU,Oklahoma State,31,24,0,32.75,206.475,37.5,196.845,0.405,0.366,0.295,0.445,4.75,9.629999999999995,0.11000000000000004,-0.07900000000000001,1
2018,Utah,BYU,35,27,0,45.25,187.62249999999997,61.0,167.9975,0.519,0.688,0.885,0.836,15.75,19.62499999999997,-0.366,-0.14800000000000002,1
2018,Washington,Utah,10,3,1,28.75,212.24,45.25,187.62249999999997,0.783,0.774,0.519,0.688,16.5,24.617500000000035,0.264,0.08600000000000008,1
2018,Oklahoma,Texas,39,27,1,14.0,252.03750000000002,14.75,252.69000000000003,0.408,0.441,0.654,0.824,0.75,-0.6525000000000034,-0.24600000000000005,-0.38299999999999995,1
2018,Georgia,Alabama,28,35,1,5.75,284.71000000000004,1.0,314.18,0.627,0.597,0.777,0.756,-4.75,-29.46999999999997,-0.15000000000000002,-0.15900000000000003,0
2018,Ohio State,Northwestern,45,24,1,4.0,294.235,51.0,178.6225,0.603,0.525,0.615,0.641,47.0,115.61250000000001,-0.01200000000000001,-0.11599999999999999,1
2018,Pittsburgh,Clemson,10,42,1,39.25,195.54749999999999,13.0,257.195,0.508,0.449,0.793,0.779,-26.25,-61.64750000000001,-0.28500000000000003,-0.33,0
2019,Florida,Miami,24,20,1,14.5,249.8025,17.25,244.2025,0.857,0.854,0.487,0.524,2.75,5.600000000000023,0.37,0.32999999999999996,1
2019,Cincinnati,UCLA,24,14,0,63.25,168.90750000000003,16.0,248.91000000000003,0.823,0.861,0.551,0.65,-47.25,-80.0025,0.2719999999999999,0.21099999999999997,1
2019,Clemson,Georgia Tech,52,14,0,10.75,267.93,49.0,183.48000000000002,0.813,0.752,0.471,0.506,38.25,84.44999999999999,0.34199999999999997,0.246,1
2019,BYU,Utah,12,30,0,64.5,167.7,37.0,199.9425,0.746,0.543,0.953,0.87,-27.5,-32.24250000000001,-0.20699999999999996,-0.32699999999999996,0
2019,Alabama,Duke,42,3,1,2.0,306.73749999999995,48.75,185.4375,0.696,0.632,0.289,0.391,46.75,121.29999999999995,0.407,0.241,1
2019,North Carolina,South Carolina,24,20,1,27.25,214.74,21.0,229.22,0.515,0.423,0.717,0.772,-6.25,-14.47999999999999,-0.20199999999999996,-0.34900000000000003,1
2019,Stanford,Northwestern,17,7,0,23.5,228.8875,53.75,177.9975,0.597,0.643,0.359,0.347,30.25,50.889999999999986,0.238,0.29600000000000004,1
2019,Boston College,Virginia Tech,35,28,0,69.0,162.805,30.25,211.46999999999997,0.666,0.799,0.746,0.707,-38.75,-48.664999999999964,-0.07999999999999996,0.09200000000000008,1
2019,Auburn,Oregon,27,21,1,9.5,268.03499999999997,18.75,238.11749999999998,0.415,0.447,0.735,0.828,9.25,29.91749999999999,-0.32,-0.38099999999999995,1
2019,Pittsburgh,Virginia,14,30,0,40.0,196.93,57.5,173.99249999999998,0.51,0.584,0.666,0.668,17.5,22.93750000000003,-0.15600000000000003,-0.08400000000000007,0
2019,Vanderbilt,Georgia,6,30,0,52.25,180.5925,4.0,297.19,0.593,0.476,0.532,0.601,-48.25,-116.5975,0.06099999999999994,-0.125,0
2019,Oklahoma,Houston,49,31,0,12.75,258.95750000000004,66.75,165.07000000000002,0.363,0.424,0.884,0.892,54.0,93.88750000000002,-0.521,-0.468,1
2019,Louisville,Notre Dame,17,35,0,33.75,204.0375,12.0,259.35,0.82,0.728,0.659,0.617,-21.75,-55.31250000000003,0.16099999999999992,0.11099999999999999,0
2019,Maryland,Syracuse,63,20,0,33.5,205.2425,56.0,176.60750000000002,0.724,0.587,0.377,0.434,22.5,28.63499999999999,0.347,0.15299999999999997,1
2019,Purdue,Vanderbilt,42,24,0,67.75,163.785,52.25,180.5925,0.414,0.258,0.593,0.476,-15.5,-16.807500000000005,-0.179,-0.21799999999999997,1
2019,Ohio State,Cincinnati,42,0,0,3.75,299.48,63.25,168.90750000000003,0.281,0.324,0.823,0.861,59.5,130.5725,-0.5419999999999999,-0.5369999999999999,1
2019,Iowa,Rutgers,30,0,0,46.5,186.54,54.5,177.32,0.609,0.811,0.1,0.732,8.0,9.219999999999999,0.509,0.07900000000000007,1
2019,Missouri,West Virginia,38,7,0,38.5,197.86,41.5,193.8675,0.426,0.454,0.269,0.476,3.0,3.992500000000007,0.15699999999999997,-0.021999999999999964,1
2019,Clemson,Texas A&M,24,10,0,10.75,267.93,14.75,252.3325,0.813,0.752,0.648,0.667,4.0,15.597499999999997,0.16499999999999992,0.08499999999999996,1
2019,Colorado,Nebraska,34,31,0,56.5,178.33749999999998,25.5,220.19,0.851,0.679,0.704,0.703,-31.0,-41.85250000000002,0.14700000000000002,-0.02399999999999991,1
2019,Tennessee,BYU,26,29,0,14.0,252.1875,64.5,167.7,0.865,0.871,0.746,0.543,50.5,84.48750000000001,0.119,0.32799999999999996,0
2019,Ole Miss,Arkansas,31,17,0,21.25,236.63,30.25,211.675,0.283,0.33,0.398,0.466,9.0,24.954999999999984,-0.11500000000000005,-0.136,1
2019,Texas,LSU,38,45,0,11.25,267.7425,7.25,280.36,0.708,0.684,0.858,0.731,-4.0,-12.617500000000007,-0.15000000000000002,-0.04699999999999993,0
2019,North Carolina,Miami,28,25,0,27.25,214.74,17.25,244.2025,0.515,0.423,0.487,0.524,-10.0,-29.462499999999977,0.028000000000000025,-0.10100000000000003,1
2019,USC,Stanford,45,20,0,5.0,293.22249999999997,23.5,228.8875,0.856,0.845,0.597,0.643,18.5,64.33499999999998,0.259,0.20199999999999996,1
2019,Wake Forest,North Carolina,24,18,0,60.0,171.13750000000002,27.25,214.74,0.678,0.759,0.515,0.423,-32.75,-43.60249999999999,0.16300000000000003,0.336,1
2019,Boston College,Kansas,24,48,0,69.0,162.805,68.5,162.76749999999998,0.666,0.799,0.416,0.504,-0.5,0.03750000000002274,0.25000000000000006,0.29500000000000004,0
2019,Penn State,Pittsburgh,17,10,0,13.75,253.545,40.0,196.93,0.401,0.198,0.51,0.584,26.25,56.61499999999998,-0.10899999999999999,-0.38599999999999995,1
2019,Indiana,Ohio State,10,51,0,54.5,176.585,3.75,299.48,0.82,0.871,0.281,0.324,-50.75,-122.89500000000001,0.5389999999999999,0.5469999999999999,0
2019,Mississippi State,Kansas State,24,31,0,24.25,221.815,63.25,168.8825,0.547,0.384,0.533,0.396,39.0,52.932500000000005,0.014000000000000012,-0.01200000000000001,0
2019,West Virginia,NC State,44,27,0,41.5,193.8675,40.0,196.84749999999997,0.269,0.476,0.131,0.248,-1.5,-2.9799999999999613,0.138,0.22799999999999998,1
2019,BYU,USC,30,27,0,64.5,167.7,5.0,293.22249999999997,0.746,0.543,0.856,0.845,-59.5,-125.52249999999998,-0.10999999999999999,-0.30199999999999994,1
2019,South Carolina,Alabama,23,47,0,21.0,229.22,2.0,306.73749999999995,0.717,0.772,0.696,0.632,-19.0,-77.51749999999996,0.02100000000000002,0.14,0
2019,UCF,Stanford,45,27,0,63.25,169.5975,23.5,228.8875,0.811,0.87,0.597,0.643,-39.75,-59.28999999999999,0.21400000000000008,0.22699999999999998,1
2019,Iowa State,Iowa,17,18,0,56.5,175.70000000000002,46.5,186.54,0.574,0.47,0.609,0.811,-10.0,-10.839999999999975,-0.03500000000000003,-0.3410000000000001,0
2019,Kentucky,Florida,21,29,0,34.75,202.97500000000002,14.5,249.8025,0.602,0.568,0.857,0.854,-20.25,-46.827499999999986,-0.255,-0.28600000000000003,0
2019,Virginia,Florida State,31,24,0,57.5,173.99249999999998,5.75,285.04749999999996,0.666,0.668,0.526,0.421,-51.75,-111.05499999999998,0.14,0.24700000000000005,1
2019,Syracuse,Clemson,6,41,0,56.0,176.60750000000002,10.75,267.93,0.377,0.434,0.813,0.752,-45.25,-91.32249999999999,-0.43599999999999994,-0.318,0
2019,Purdue,TCU,13,34,0,67.75,163.785,28.25,215.34749999999997,0.414,0.258,0.693,0.595,-39.5,-51.56249999999997,-0.27899999999999997,-0.33699999999999997,0
2019,UCLA,Oklahoma,14,48,0,16.0,248.91000000000003,12.75,258.95750000000004,0.551,0.65,0.363,0.424,-3.25,-10.047500000000014,0.18800000000000006,0.22600000000000003,0
2019,USC,Utah,30,23,0,5.0,293.22249999999997,37.0,199.9425,0.856,0.845,0.953,0.87,32.0,93.27999999999997,-0.09699999999999998,-0.025000000000000022,1
2019,Northwestern,Michigan State,10,31,0,53.75,177.9975,26.75,219.19,0.359,0.347,0.929,0.861,-27.0,-41.192499999999995,-0.5700000000000001,-0.514,0
2019,Florida,Tennessee,34,3,0,14.5,249.8025,14.0,252.1875,0.857,0.854,0.865,0.871,-0.5,-2.384999999999991,-0.008000000000000007,-0.017000000000000015,1
2019,Wisconsin,Michigan,35,14,0,40.0,195.4025,18.0,250.4475,0.707,0.652,0.752,0.618,-22.0,-55.04499999999999,-0.04500000000000004,0.03400000000000003,1
2019,Rutgers,Boston College,16,30,0,54.5,177.32,69.0,162.805,0.1,0.732,0.666,0.799,14.5,14.514999999999986,-0.5660000000000001,-0.06700000000000006,0
2019,Vanderbilt,LSU,38,66,0,52.25,180.5925,7.25,280.36,0.593,0.476,0.858,0.731,-45.0,-99.76750000000001,-0.265,-0.255,0
2019,Texas A&M,Auburn,20,28,0,14.75,252.3325,9.5,268.03499999999997,0.648,0.667,0.415,0.447,-5.25,-15.702499999999958,0.23300000000000004,0.22000000000000003,0
2019,Pittsburgh,UCF,35,34,0,40.0,196.93,63.25,169.5975,0.51,0.584,0.811,0.87,23.25,27.33250000000001,-0.30100000000000005,-0.28600000000000003,1
2019,Florida State,Louisville,35,24,0,5.75,285.04749999999996,33.75,204.0375,0.526,0.421,0.82,0.728,28.0,81.00999999999996,-0.29399999999999993,-0.307,1
2019,BYU,Washington,19,45,0,64.5,167.7,23.25,225.91750000000002,0.746,0.543,0.525,0.387,-41.25,-58.21750000000003,0.22099999999999997,0.15600000000000003,0
2019,Missouri,South Carolina,34,14,0,38.5,197.86,21.0,229.22,0.426,0.454,0.717,0.772,-17.5,-31.359999999999985,-0.291,-0.318,1
2019,Mississippi State,Kentucky,28,13,0,24.25,221.815,34.75,202.97500000000002,0.547,0.384,0.602,0.568,10.5,18.839999999999975,-0.05499999999999994,-0.18399999999999994,1
2019,Kansas,West Virginia,24,29,0,68.5,162.76749999999998,41.5,193.8675,0.416,0.504,0.269,0.476,-27.0,-31.100000000000023,0.14699999999999996,0.028000000000000025,0
2019,Stanford,Oregon,6,21,0,23.5,228.8875,18.75,238.11749999999998,0.597,0.643,0.735,0.828,-4.75,-9.22999999999999,-0.138,-0.18499999999999994,0
2019,Texas,Oklahoma State,36,30,0,11.25,267.7425,39.25,194.93,0.708,0.684,0.438,0.312,28.0,72.8125,0.26999999999999996,0.37200000000000005,1
2019,Georgia,Notre Dame,23,17,0,4.0,297.19,12.0,259.35,0.532,0.601,0.659,0.617,8.0,37.839999999999975,-0.127,-0.016000000000000014,1
2019,Illinois,Nebraska,38,42,0,55.25,176.6125,25.5,220.19,0.632,0.463,0.704,0.703,-29.75,-43.577499999999986,-0.07199999999999995,-0.23999999999999994,0
2019,Virginia Tech,Duke,10,45,0,30.25,211.46999999999997,48.75,185.4375,0.746,0.707,0.289,0.391,18.5,26.03249999999997,0.457,0.31599999999999995,0
2019,Maryland,Penn State,0,59,0,33.5,205.2425,13.75,253.545,0.724,0.587,0.401,0.198,-19.75,-48.30249999999998,0.32299999999999995,0.38899999999999996,0
2019,Michigan,Rutgers,52,0,0,18.0,250.4475,54.5,177.32,0.752,0.618,0.1,0.732,36.5,73.1275,0.652,-0.11399999999999999,1
2019,TCU,Kansas,51,14,0,28.25,215.34749999999997,68.5,162.76749999999998,0.693,0.595,0.416,0.504,40.25,52.579999999999984,0.27699999999999997,0.09099999999999997,1
2019,Wisconsin,Northwestern,24,15,0,40.0,195.4025,53.75,177.9975,0.707,0.652,0.359,0.347,13.75,17.405,0.348,0.30500000000000005,1
2019,Arkansas,Texas A&M,27,31,1,30.25,211.675,14.75,252.3325,0.398,0.466,0.648,0.667,-15.5,-40.6575,-0.25,-0.201,0
2019,Oklahoma,Texas Tech,55,16,0,12.75,258.95750000000004,49.25,185.19,0.363,0.424,0.579,0.626,36.5,73.76750000000004,-0.21599999999999997,-0.202,1
2019,Washington,USC,28,14,0,23.25,225.91750000000002,5.0,293.22249999999997,0.525,0.387,0.856,0.845,-18.25,-67.30499999999995,-0.33099999999999996,-0.45799999999999996,1
2019,Alabama,Ole Miss,59,31,0,2.0,306.73749999999995,21.25,236.63,0.696,0.632,0.283,0.33,19.25,70.10749999999996,0.413,0.302,1
2019,North Carolina,Clemson,20,21,0,27.25,214.74,10.75,267.93,0.515,0.423,0.813,0.752,-16.5,-53.19,-0.29799999999999993,-0.329,0
2019,Boston College,Wake Forest,24,27,0,69.0,162.805,60.0,171.13750000000002,0.666,0.799,0.678,0.759,-9.0,-8.33250000000001,-0.01200000000000001,0.040000000000000036,0
2019,Michigan State,Indiana,40,31,0,26.75,219.19,54.5,176.585,0.929,0.861,0.82,0.871,27.75,42.60499999999999,0.1090000000000001,-0.010000000000000009,1
2019,Baylor,Iowa State,23,21,0,36.25,199.0625,56.5,175.70000000000002,0.78,0.797,0.574,0.47,20.25,23.362499999999983,0.20600000000000007,0.32700000000000007,1
2019,Purdue,Minnesota,31,38,0,67.75,163.785,51.5,181.8275,0.414,0.258,1.004,0.993,-16.25,-18.04249999999999,-0.5900000000000001,-0.735,0
2019,Notre Dame,Virginia,35,20,0,12.0,259.35,57.5,173.99249999999998,0.659,0.617,0.666,0.668,45.5,85.35750000000004,-0.007000000000000006,-0.051000000000000045,1
2019,Oklahoma State,Kansas State,26,13,0,39.25,194.93,63.25,168.8825,0.438,0.312,0.533,0.396,24.0,26.047500000000014,-0.09500000000000003,-0.08400000000000002,1
2019,Auburn,Mississippi State,56,23,0,9.5,268.03499999999997,24.25,221.815,0.415,0.447,0.547,0.384,14.75,46.21999999999997,-0.13200000000000006,0.063,1
2019,Florida State,NC State,31,13,0,5.75,285.04749999999996,40.0,196.84749999999997,0.526,0.421,0.131,0.248,34.25,88.19999999999999,0.395,0.173,1
2019,South Carolina,Kentucky,24,7,0,21.0,229.22,34.75,202.97500000000002,0.717,0.772,0.602,0.568,13.75,26.244999999999976,0.11499999999999999,0.20400000000000007,1
2019,Nebraska,Ohio State,7,48,0,25.5,220.19,3.75,299.48,0.704,0.703,0.281,0.324,-21.75,-79.29000000000002,0.42299999999999993,0.37899999999999995,0
2019,Cincinnati,UCF,27,24,0,63.25,168.90750000000003,63.25,169.5975,0.823,0.861,0.811,0.87,0.0,-0.6899999999999693,0.0119999999999999,-0.009000000000000008,1
2019,Penn State,Purdue,35,7,0,13.75,253.545,67.75,163.785,0.401,0.198,0.414,0.258,54.0,89.75999999999999,-0.012999999999999956,-0.06,1
2019,Michigan,Iowa,10,3,0,18.0,250.4475,46.5,186.54,0.752,0.618,0.609,0.811,28.5,63.9075,0.14300000000000002,-0.19300000000000006,1
2019,Texas Tech,Oklahoma State,45,35,0,49.25,185.19,39.25,194.93,0.579,0.626,0.438,0.312,-10.0,-9.740000000000009,0.14099999999999996,0.314,1
2019,Rutgers,Maryland,7,48,0,54.5,177.32,33.5,205.2425,0.1,0.732,0.724,0.587,-21.0,-27.922500000000014,-0.624,0.14500000000000002,0
2019,Kansas,Oklahoma,20,45,0,68.5,162.76749999999998,12.75,258.95750000000004,0.416,0.504,0.363,0.424,-55.75,-96.19000000000005,0.05299999999999999,0.08000000000000002,0
2019,Louisville,Boston College,41,39,0,33.75,204.0375,69.0,162.805,0.82,0.728,0.666,0.799,35.25,41.23249999999999,0.15399999999999991,-0.07100000000000006,1
2019,Iowa State,TCU,49,24,0,56.5,175.70000000000002,28.25,215.34749999999997,0.574,0.47,0.693,0.595,-28.25,-39.64749999999995,-0.119,-0.125,1
2019,Kansas State,Baylor,12,31,0,63.25,168.8825,36.25,199.0625,0.533,0.396,0.78,0.797,-27.0,-30.180000000000007,-0.247,-0.401,0
2019,West Virginia,Texas,31,42,0,41.5,193.8675,11.25,267.7425,0.269,0.476,0.708,0.684,-30.25,-73.875,-0.43899999999999995,-0.20800000000000007,0
2019,Minnesota,Illinois,40,17,0,51.5,181.8275,55.25,176.6125,1.004,0.993,0.632,0.463,3.75,5.214999999999975,0.372,0.53,1
2019,Miami,Virginia Tech,35,42,0,17.25,244.2025,30.25,211.46999999999997,0.487,0.524,0.746,0.707,13.0,32.732500000000016,-0.259,-0.18299999999999994,0
2019,Florida,Auburn,24,13,0,14.5,249.8025,9.5,268.03499999999997,0.857,0.854,0.415,0.447,-5.0,-18.23249999999996,0.442,0.407,1
2019,Nebraska,Northwestern,13,10,0,25.5,220.19,53.75,177.9975,0.704,0.703,0.359,0.347,28.25,42.192499999999995,0.345,0.356,1
2019,Georgia Tech,North Carolina,22,38,0,49.0,183.48000000000002,27.25,214.74,0.471,0.506,0.515,0.423,-21.75,-31.25999999999999,-0.04400000000000004,0.08300000000000002,0
2019,Tennessee,Georgia,14,43,0,14.0,252.1875,4.0,297.19,0.865,0.871,0.532,0.601,-10.0,-45.0025,0.33299999999999996,0.27,0
2019,Ohio State,Michigan State,34,10,0,3.75,299.48,26.75,219.19,0.281,0.324,0.929,0.861,23.0,80.29000000000002,-0.648,-0.5369999999999999,1
2019,Ole Miss,Vanderbilt,31,6,0,21.25,236.63,52.25,180.5925,0.283,0.33,0.593,0.476,31.0,56.037499999999994,-0.31,-0.14599999999999996,1
2019,Duke,Pittsburgh,30,33,0,48.75,185.4375,40.0,196.93,0.289,0.391,0.51,0.584,-8.75,-11.492500000000007,-0.22100000000000003,-0.19299999999999995,0
2019,Stanford,Washington,23,13,0,23.5,228.8875,23.25,225.91750000000002,0.597,0.643,0.525,0.387,-0.25,2.9699999999999704,0.07199999999999995,0.256,1
2019,NC State,Syracuse,16,10,0,40.0,196.84749999999997,56.0,176.60750000000002,0.131,0.248,0.377,0.434,16.0,20.239999999999952,-0.246,-0.186,1
2019,Miami,Virginia,17,9,0,17.25,244.2025,57.5,173.99249999999998,0.487,0.524,0.666,0.668,40.25,70.21000000000001,-0.17900000000000005,-0.14400000000000002,1
2019,Oregon,Colorado,45,3,0,18.75,238.11749999999998,56.5,178.33749999999998,0.735,0.828,0.851,0.679,37.75,59.78,-0.11599999999999999,0.1489999999999999,1
2019,Indiana,Rutgers,35,0,0,54.5,176.585,54.5,177.32,0.82,0.871,0.1,0.732,0.0,-0.7349999999999852,0.72,0.139,1
2019,Georgia,South Carolina,17,20,0,4.0,297.19,21.0,229.22,0.532,0.601,0.717,0.772,17.0,67.97,-0.18499999999999994,-0.17100000000000004,0
2019,Texas,Oklahoma,27,34,1,11.25,267.7425,12.75,258.95750000000004,0.708,0.684,0.363,0.424,1.5,8.784999999999968,0.345,0.26000000000000006,0
2019,Illinois,Michigan,25,42,0,55.25,176.6125,18.0,250.4475,0.632,0.463,0.752,0.618,-37.25,-73.83499999999998,-0.12,-0.15499999999999997,0
2019,Purdue,Maryland,40,14,0,67.75,163.785,33.5,205.2425,0.414,0.258,0.724,0.587,-34.25,-41.45750000000001,-0.31,-0.32899999999999996,1
2019,Tennessee,Mississippi State,20,10,0,14.0,252.1875,24.25,221.815,0.865,0.871,0.547,0.384,10.25,30.372500000000002,0.31799999999999995,0.487,1
2019,Duke,Georgia Tech,41,23,0,48.75,185.4375,49.0,183.48000000000002,0.289,0.391,0.471,0.506,0.25,1.9574999999999818,-0.182,-0.11499999999999999,1
2019,Clemson,Florida State,45,14,0,10.75,267.93,5.75,285.04749999999996,0.813,0.752,0.526,0.421,-5.0,-17.11749999999995,0.2869999999999999,0.331,1
2019,Houston,Cincinnati,23,38,0,66.75,165.07000000000002,63.25,168.90750000000003,0.884,0.892,0.823,0.861,-3.5,-3.8375000000000057,0.061000000000000054,0.031000000000000028,0
2019,Texas A&M,Alabama,28,47,0,14.75,252.3325,2.0,306.73749999999995,0.648,0.667,0.696,0.632,-12.75,-54.404999999999944,-0.04799999999999993,0.03500000000000003,0
2019,Wisconsin,Michigan State,38,0,0,40.0,195.4025,26.75,219.19,0.707,0.652,0.929,0.861,-13.25,-23.787499999999994,-0.2220000000000001,-0.20899999999999996,1
2019,Baylor,Texas Tech,33,30,0,36.25,199.0625,49.25,185.19,0.78,0.797,0.579,0.626,13.0,13.872500000000002,0.20100000000000007,0.17100000000000004,1
2019,West Virginia,Iowa State,14,38,0,41.5,193.8675,56.5,175.70000000000002,0.269,0.476,0.574,0.47,15.0,18.16749999999999,-0.30499999999999994,0.006000000000000005,0
2019,Missouri,Ole Miss,38,27,0,38.5,197.86,21.25,236.63,0.426,0.454,0.283,0.33,-17.25,-38.76999999999998,0.14300000000000002,0.124,1
2019,Minnesota,Nebraska,34,7,0,51.5,181.8275,25.5,220.19,1.004,0.993,0.704,0.703,-26.0,-38.36250000000001,0.30000000000000004,0.29000000000000004,1
2019,Iowa,Penn State,12,17,0,46.5,186.54,13.75,253.545,0.609,0.811,0.401,0.198,-32.75,-67.005,0.20799999999999996,0.613,0
2019,Kentucky,Arkansas,24,20,0,34.75,202.97500000000002,30.25,211.675,0.602,0.568,0.398,0.466,-4.5,-8.699999999999989,0.20399999999999996,0.10199999999999992,1
2019,Notre Dame,USC,30,27,0,12.0,259.35,5.0,293.22249999999997,0.659,0.617,0.856,0.845,-7.0,-33.872499999999945,-0.19699999999999995,-0.22799999999999998,1
2019,Wake Forest,Louisville,59,62,0,60.0,171.13750000000002,33.75,204.0375,0.678,0.759,0.82,0.728,-26.25,-32.89999999999998,-0.1419999999999999,0.031000000000000028,0
2019,LSU,Florida,42,28,0,7.25,280.36,14.5,249.8025,0.858,0.731,0.857,0.854,7.25,30.557500000000005,0.0010000000000000009,-0.123,1
2019,Stanford,UCLA,16,34,0,23.5,228.8875,16.0,248.91000000000003,0.597,0.643,0.551,0.65,-7.5,-20.022500000000036,0.04599999999999993,-0.007000000000000006,0
2019,Syracuse,Pittsburgh,20,27,0,56.0,176.60750000000002,40.0,196.93,0.377,0.434,0.51,0.584,-16.0,-20.32249999999999,-0.133,-0.14999999999999997,0
2019,Northwestern,Ohio State,3,52,0,53.75,177.9975,3.75,299.48,0.359,0.347,0.281,0.324,-50.0,-121.48250000000002,0.07799999999999996,0.022999999999999965,0
2019,Boston College,NC State,45,24,0,69.0,162.805,40.0,196.84749999999997,0.666,0.799,0.131,0.248,-29.0,-34.04249999999996,0.535,0.551,1
2019,Illinois,Wisconsin,24,23,0,55.25,176.6125,40.0,195.4025,0.632,0.463,0.707,0.652,-15.25,-18.789999999999992,-0.07499999999999996,-0.189,1
2019,South Carolina,Florida,27,38,0,21.0,229.22,14.5,249.8025,0.717,0.772,0.857,0.854,-6.5,-20.58250000000001,-0.14,-0.08199999999999996,0
2019,Texas Tech,Iowa State,24,34,0,49.25,185.19,56.5,175.70000000000002,0.579,0.626,0.574,0.47,7.25,9.48999999999998,0.0050000000000000044,0.15600000000000003,0
2019,Iowa,Purdue,26,20,0,46.5,186.54,67.75,163.785,0.609,0.811,0.414,0.258,21.25,22.754999999999995,0.195,0.553,1
2019,Miami,Georgia Tech,21,28,0,17.25,244.2025,49.0,183.48000000000002,0.487,0.524,0.471,0.506,31.75,60.72249999999997,0.016000000000000014,0.018000000000000016,0
2019,Oklahoma,West Virginia,52,14,0,12.75,258.95750000000004,41.5,193.8675,0.363,0.424,0.269,0.476,28.75,65.09000000000003,0.09399999999999997,-0.05199999999999999,1
2019,Arkansas,Auburn,10,51,0,30.25,211.675,9.5,268.03499999999997,0.398,0.466,0.415,0.447,-20.75,-56.35999999999996,-0.01699999999999996,0.019000000000000017,0
2019,Louisville,Clemson,10,45,0,33.75,204.0375,10.75,267.93,0.82,0.728,0.813,0.752,-23.0,-63.89250000000001,0.007000000000000006,-0.02400000000000002,0
2019,Kansas State,TCU,24,17,0,63.25,168.8825,28.25,215.34749999999997,0.533,0.396,0.693,0.595,-35.0,-46.464999999999975,-0.15999999999999992,-0.19899999999999995,1
2019,Rutgers,Minnesota,7,42,0,54.5,177.32,51.5,181.8275,0.1,0.732,1.004,0.993,-3.0,-4.507499999999993,-0.904,-0.261,0
2019,Washington,Oregon,31,35,0,23.25,225.91750000000002,18.75,238.11749999999998,0.525,0.387,0.735,0.828,-4.5,-12.19999999999996,-0.20999999999999996,-0.44099999999999995,0
2019,Mississippi State,LSU,13,36,0,24.25,221.815,7.25,280.36,0.547,0.384,0.858,0.731,-17.0,-58.545000000000016,-0.31099999999999994,-0.347,0
2019,Maryland,Indiana,28,34,0,33.5,205.2425,54.5,176.585,0.724,0.587,0.82,0.871,21.0,28.6575,-0.09599999999999997,-0.28400000000000003,0
2019,Virginia Tech,North Carolina,43,41,0,30.25,211.46999999999997,27.25,214.74,0.746,0.707,0.515,0.423,-3.0,-3.2700000000000387,0.23099999999999998,0.284,1
2019,Virginia,Duke,48,14,0,57.5,173.99249999999998,48.75,185.4375,0.666,0.668,0.289,0.391,-8.75,-11.445000000000022,0.37700000000000006,0.277,1
2019,Oklahoma State,Baylor,27,45,0,39.25,194.93,36.25,199.0625,0.438,0.312,0.78,0.797,-3.0,-4.132499999999993,-0.342,-0.48500000000000004,0
2019,Vanderbilt,Missouri,21,14,0,52.25,180.5925,38.5,197.86,0.593,0.476,0.426,0.454,-13.75,-17.267500000000013,0.16699999999999998,0.021999999999999964,1
2019,Georgia,Kentucky,21,0,0,4.0,297.19,34.75,202.97500000000002,0.532,0.601,0.602,0.568,30.75,94.21499999999997,-0.06999999999999995,0.03300000000000003,1
2019,Texas,Kansas,50,48,0,11.25,267.7425,68.5,162.76749999999998,0.708,0.684,0.416,0.504,57.25,104.97500000000002,0.292,0.18000000000000005,1
2019,Ole Miss,Texas A&M,17,24,0,21.25,236.63,14.75,252.3325,0.283,0.33,0.648,0.667,-6.5,-15.702500000000015,-0.36500000000000005,-0.337,0
2019,Wake Forest,Florida State,22,20,0,60.0,171.13750000000002,5.75,285.04749999999996,0.678,0.759,0.526,0.421,-54.25,-113.90999999999994,0.15200000000000002,0.338,1
2019,Penn State,Michigan,28,21,0,13.75,253.545,18.0,250.4475,0.401,0.198,0.752,0.618,4.25,3.0974999999999966,-0.351,-0.42,1
2019,Alabama,Tennessee,35,13,0,2.0,306.73749999999995,14.0,252.1875,0.696,0.632,0.865,0.871,12.0,54.549999999999955,-0.16900000000000004,-0.239,1
2019,Colorado,USC,31,35,0,56.5,178.33749999999998,5.0,293.22249999999997,0.851,0.679,0.856,0.845,-51.5,-114.88499999999999,-0.0050000000000000044,-0.16599999999999993,0
2019,Kansas State,Oklahoma,48,41,0,63.25,168.8825,12.75,258.95750000000004,0.533,0.396,0.363,0.424,-50.5,-90.07500000000005,0.17000000000000004,-0.02799999999999997,1
2019,Ohio State,Wisconsin,38,7,0,3.75,299.48,40.0,195.4025,0.281,0.324,0.707,0.652,36.25,104.07750000000001,-0.42599999999999993,-0.328,1
2019,Northwestern,Iowa,0,20,0,53.75,177.9975,46.5,186.54,0.359,0.347,0.609,0.811,-7.25,-8.54249999999999,-0.25,-0.4640000000000001,0
2019,Pittsburgh,Miami,12,16,0,40.0,196.93,17.25,244.2025,0.51,0.584,0.487,0.524,-22.75,-47.27249999999998,0.02300000000000002,0.05999999999999994,0
2019,Texas A&M,Mississippi State,49,30,0,14.75,252.3325,24.25,221.815,0.648,0.667,0.547,0.384,9.5,30.517500000000013,0.10099999999999998,0.28300000000000003,1
2019,Purdue,Illinois,6,24,0,67.75,163.785,55.25,176.6125,0.414,0.258,0.632,0.463,-12.5,-12.827500000000015,-0.21800000000000003,-0.20500000000000002,0
2019,Iowa State,Oklahoma State,27,34,0,56.5,175.70000000000002,39.25,194.93,0.574,0.47,0.438,0.312,-17.25,-19.22999999999999,0.13599999999999995,0.15799999999999997,0
2019,TCU,Texas,37,27,0,28.25,215.34749999999997,11.25,267.7425,0.693,0.595,0.708,0.684,-17.0,-52.39500000000004,-0.015000000000000013,-0.08900000000000008,1
2019,Minnesota,Maryland,52,10,0,51.5,181.8275,33.5,205.2425,1.004,0.993,0.724,0.587,-18.0,-23.41500000000002,0.28,0.406,1
2019,Michigan State,Penn State,7,28,0,26.75,219.19,13.75,253.545,0.929,0.861,0.401,0.198,-13.0,-34.35499999999999,0.528,0.663,0
2019,LSU,Auburn,23,20,0,7.25,280.36,9.5,268.03499999999997,0.858,0.731,0.415,0.447,2.25,12.325000000000045,0.443,0.284,1
2019,Nebraska,Indiana,31,38,0,25.5,220.19,54.5,176.585,0.704,0.703,0.82,0.871,29.0,43.60499999999999,-0.11599999999999999,-0.16800000000000004,0
2019,Florida State,Syracuse,35,17,0,5.75,285.04749999999996,56.0,176.60750000000002,0.526,0.421,0.377,0.434,50.25,108.43999999999994,0.14900000000000002,-0.013000000000000012,1
2019,Louisville,Virginia,28,21,0,33.75,204.0375,57.5,173.99249999999998,0.82,0.728,0.666,0.668,23.75,30.045000000000016,0.15399999999999991,0.05999999999999994,1
2019,Tennessee,South Carolina,41,21,0,14.0,252.1875,21.0,229.22,0.865,0.871,0.717,0.772,7.0,22.9675,0.14800000000000002,0.09899999999999998,1
2019,North Carolina,Duke,20,17,0,27.25,214.74,48.75,185.4375,0.515,0.423,0.289,0.391,21.5,29.30250000000001,0.22600000000000003,0.03199999999999997,1
2019,Alabama,Arkansas,48,7,0,2.0,306.73749999999995,30.25,211.675,0.696,0.632,0.398,0.466,28.25,95.06249999999994,0.29799999999999993,0.16599999999999998,1
2019,Kansas,Texas Tech,37,34,0,68.5,162.76749999999998,49.25,185.19,0.416,0.504,0.579,0.626,-19.25,-22.422500000000014,-0.16299999999999998,-0.122,1
2019,Michigan,Notre Dame,45,14,0,18.0,250.4475,12.0,259.35,0.752,0.618,0.659,0.617,-6.0,-8.902500000000032,0.09299999999999997,0.0010000000000000009,1
2019,Clemson,Boston College,59,7,0,10.75,267.93,69.0,162.805,0.813,0.752,0.666,0.799,58.25,105.125,0.1469999999999999,-0.04700000000000004,1
2019,Kentucky,Missouri,29,7,0,34.75,202.97500000000002,38.5,197.86,0.602,0.568,0.426,0.454,3.75,5.115000000000009,0.176,0.11399999999999993,1
2019,Baylor,West Virginia,17,14,0,36.25,199.0625,41.5,193.8675,0.78,0.797,0.269,0.476,5.25,5.194999999999993,0.511,0.32100000000000006,1
2019,Syracuse,Boston College,27,58,0,56.0,176.60750000000002,69.0,162.805,0.377,0.434,0.666,0.799,13.0,13.802500000000009,-0.28900000000000003,-0.36500000000000005,0
2019,Wake Forest,NC State,44,10,0,60.0,171.13750000000002,40.0,196.84749999999997,0.678,0.759,0.131,0.248,-20.0,-25.70999999999995,0.547,0.511,1
2019,UCF,Houston,44,29,0,63.25,169.5975,66.75,165.07000000000002,0.811,0.87,0.884,0.892,3.5,4.527499999999975,-0.07299999999999995,-0.02200000000000002,1
2019,Purdue,Nebraska,31,27,0,67.75,163.785,25.5,220.19,0.414,0.258,0.704,0.703,-42.25,-56.405,-0.29,-0.44499999999999995,1
2019,Maryland,Michigan,7,38,0,33.5,205.2425,18.0,250.4475,0.724,0.587,0.752,0.618,-15.5,-45.204999999999984,-0.028000000000000025,-0.031000000000000028,0
2019,Notre Dame,Virginia Tech,21,20,0,12.0,259.35,30.25,211.46999999999997,0.659,0.617,0.746,0.707,18.25,47.88000000000005,-0.08699999999999997,-0.08999999999999997,1
2019,Illinois,Rutgers,38,10,0,55.25,176.6125,54.5,177.32,0.632,0.463,0.1,0.732,-0.75,-0.7074999999999818,0.532,-0.26899999999999996,1
2019,Florida,Georgia,17,24,1,14.5,249.8025,4.0,297.19,0.857,0.854,0.532,0.601,-10.5,-47.38749999999999,0.32499999999999996,0.253,0
2019,Oklahoma State,TCU,34,27,0,39.25,194.93,28.25,215.34749999999997,0.438,0.312,0.693,0.595,-11.0,-20.41749999999996,-0.25499999999999995,-0.283,1
2019,Kansas,Kansas State,10,38,0,68.5,162.76749999999998,63.25,168.8825,0.416,0.504,0.533,0.396,-5.25,-6.115000000000009,-0.11700000000000005,0.10799999999999998,0
2019,Florida State,Miami,10,27,0,5.75,285.04749999999996,17.25,244.2025,0.526,0.421,0.487,0.524,11.5,40.84499999999997,0.039000000000000035,-0.10300000000000004,0
2019,Georgia Tech,Pittsburgh,10,20,0,49.0,183.48000000000002,40.0,196.93,0.471,0.506,0.51,0.584,-9.0,-13.449999999999989,-0.039000000000000035,-0.07799999999999996,0
2019,Washington,Utah,28,33,0,23.25,225.91750000000002,37.0,199.9425,0.525,0.387,0.953,0.87,13.75,25.975000000000023,-0.42799999999999994,-0.483,0
2019,Arkansas,Mississippi State,24,54,0,30.25,211.675,24.25,221.815,0.398,0.466,0.547,0.384,-6.0,-10.139999999999986,-0.14900000000000002,0.08200000000000002,0
2019,Auburn,Ole Miss,20,14,0,9.5,268.03499999999997,21.25,236.63,0.415,0.447,0.283,0.33,11.75,31.404999999999973,0.132,0.11699999999999999,1
2019,Indiana,Northwestern,34,3,0,54.5,176.585,53.75,177.9975,0.82,0.871,0.359,0.347,-0.75,-1.4124999999999943,0.46099999999999997,0.524,1
2019,South Carolina,Vanderbilt,24,7,0,21.0,229.22,52.25,180.5925,0.717,0.772,0.593,0.476,31.25,48.6275,0.124,0.29600000000000004,1
2019,North Carolina,Virginia,31,38,0,27.25,214.74,57.5,173.99249999999998,0.515,0.423,0.666,0.668,30.25,40.74750000000003,-0.15100000000000002,-0.24500000000000005,0
2019,USC,Oregon,24,56,0,5.0,293.22249999999997,18.75,238.11749999999998,0.856,0.845,0.735,0.828,13.75,55.10499999999999,0.121,0.017000000000000015,0
2019,UCLA,Colorado,31,14,0,16.0,248.91000000000003,56.5,178.33749999999998,0.551,0.65,0.851,0.679,40.5,70.57250000000005,-0.29999999999999993,-0.029000000000000026,1
2019,Florida,Vanderbilt,56,0,0,14.5,249.8025,52.25,180.5925,0.857,0.854,0.593,0.476,37.75,69.21000000000001,0.264,0.378,1
2019,TCU,Baylor,23,29,0,28.25,215.34749999999997,36.25,199.0625,0.693,0.595,0.78,0.797,8.0,16.284999999999968,-0.08700000000000008,-0.20200000000000007,0
2019,West Virginia,Texas Tech,17,38,0,41.5,193.8675,49.25,185.19,0.269,0.476,0.579,0.626,7.75,8.677500000000009,-0.30999999999999994,-0.15000000000000002,0
2019,Boston College,Florida State,31,38,0,69.0,162.805,5.75,285.04749999999996,0.666,0.799,0.526,0.421,-63.25,-122.24249999999995,0.14,0.37800000000000006,0
2019,Ohio State,Maryland,73,14,0,3.75,299.48,33.5,205.2425,0.281,0.324,0.724,0.587,29.75,94.23750000000001,-0.44299999999999995,-0.26299999999999996,1
2019,Northwestern,Purdue,22,24,0,53.75,177.9975,67.75,163.785,0.359,0.347,0.414,0.258,14.0,14.212500000000006,-0.05499999999999999,0.08899999999999997,0
2019,Minnesota,Penn State,31,26,0,51.5,181.8275,13.75,253.545,1.004,0.993,0.401,0.198,-37.75,-71.7175,0.603,0.7949999999999999,1
2019,Virginia,Georgia Tech,33,28,0,57.5,173.99249999999998,49.0,183.48000000000002,0.666,0.668,0.471,0.506,-8.5,-9.48750000000004,0.19500000000000006,0.16200000000000003,1
2019,Colorado,Stanford,16,13,0,56.5,178.33749999999998,23.5,228.8875,0.851,0.679,0.597,0.643,-33.0,-50.55000000000001,0.254,0.03600000000000003,1
2019,Texas,Kansas State,27,24,0,11.25,267.7425,63.25,168.8825,0.708,0.684,0.533,0.396,52.0,98.86000000000001,0.17499999999999993,0.28800000000000003,1
2019,Miami,Louisville,52,27,0,17.25,244.2025,33.75,204.0375,0.487,0.524,0.82,0.728,16.5,40.16499999999999,-0.33299999999999996,-0.20399999999999996,1
2019,Virginia Tech,Wake Forest,36,17,0,30.25,211.46999999999997,60.0,171.13750000000002,0.746,0.707,0.678,0.759,29.75,40.33249999999995,0.06799999999999995,-0.052000000000000046,1
2019,Michigan State,Illinois,34,37,0,26.75,219.19,55.25,176.6125,0.929,0.861,0.632,0.463,28.5,42.577499999999986,0.29700000000000004,0.39799999999999996,0
2019,Alabama,LSU,41,46,0,2.0,306.73749999999995,7.25,280.36,0.696,0.632,0.858,0.731,5.25,26.37749999999994,-0.16200000000000003,-0.09899999999999998,0
2019,Wisconsin,Iowa,24,22,0,40.0,195.4025,46.5,186.54,0.707,0.652,0.609,0.811,6.5,8.862500000000011,0.09799999999999998,-0.15900000000000003,1
2019,Georgia,Missouri,27,0,0,4.0,297.19,38.5,197.86,0.532,0.601,0.426,0.454,34.5,99.32999999999998,0.10600000000000004,0.14699999999999996,1
2019,Kentucky,Tennessee,13,17,0,34.75,202.97500000000002,14.0,252.1875,0.602,0.568,0.865,0.871,-20.75,-49.21249999999998,-0.263,-0.30300000000000005,0
2019,Duke,Notre Dame,7,38,0,48.75,185.4375,12.0,259.35,0.289,0.391,0.659,0.617,-36.75,-73.91250000000002,-0.37000000000000005,-0.22599999999999998,0
2019,NC State,Clemson,10,55,0,40.0,196.84749999999997,10.75,267.93,0.131,0.248,0.813,0.752,-29.25,-71.08250000000004,-0.6819999999999999,-0.504,0
2019,Oklahoma,Iowa State,42,41,0,12.75,258.95750000000004,56.5,175.70000000000002,0.363,0.424,0.574,0.47,43.75,83.25750000000002,-0.21099999999999997,-0.045999999999999985,1
2019,Pittsburgh,North Carolina,34,27,0,40.0,196.93,27.25,214.74,0.51,0.584,0.515,0.423,-12.75,-17.810000000000002,-0.0050000000000000044,0.16099999999999998,1
2019,Nebraska,Wisconsin,21,37,0,25.5,220.19,40.0,195.4025,0.704,0.703,0.707,0.652,14.5,24.787499999999994,-0.0030000000000000027,0.050999999999999934,0
2019,Michigan,Michigan State,44,10,0,18.0,250.4475,26.75,219.19,0.752,0.618,0.929,0.861,8.75,31.257499999999993,-0.17700000000000005,-0.243,1
2019,Texas Tech,TCU,31,33,0,49.25,185.19,28.25,215.34749999999997,0.579,0.626,0.693,0.595,-21.0,-30.15749999999997,-0.11399999999999999,0.031000000000000028,0
2019,Missouri,Florida,6,23,0,38.5,197.86,14.5,249.8025,0.426,0.454,0.857,0.854,-24.0,-51.942499999999995,-0.431,-0.39999999999999997,0
2019,Oklahoma State,Kansas,31,13,0,39.25,194.93,68.5,162.76749999999998,0.438,0.312,0.416,0.504,29.25,32.16250000000002,0.02200000000000002,-0.192,1
2019,Mississippi State,Alabama,7,38,0,24.25,221.815,2.0,306.73749999999995,0.547,0.384,0.696,0.632,-22.25,-84.92249999999996,-0.1489999999999999,-0.248,0
2019,Penn State,Indiana,34,27,0,13.75,253.545,54.5,176.585,0.401,0.198,0.82,0.871,40.75,76.95999999999998,-0.41899999999999993,-0.673,1
2019,Vanderbilt,Kentucky,14,38,0,52.25,180.5925,34.75,202.97500000000002,0.593,0.476,0.602,0.568,-17.5,-22.38250000000002,-0.009000000000000008,-0.09199999999999997,0
2019,Auburn,Georgia,14,21,0,9.5,268.03499999999997,4.0,297.19,0.415,0.447,0.532,0.601,-5.5,-29.15500000000003,-0.11700000000000005,-0.15399999999999997,0
2019,Clemson,Wake Forest,52,3,0,10.75,267.93,60.0,171.13750000000002,0.813,0.752,0.678,0.759,49.25,96.79249999999999,0.1349999999999999,-0.007000000000000006,1
2019,Georgia Tech,Virginia Tech,0,45,0,49.0,183.48000000000002,30.25,211.46999999999997,0.471,0.506,0.746,0.707,-18.75,-27.989999999999952,-0.275,-0.20099999999999996,0
2019,Iowa State,Texas,23,21,0,56.5,175.70000000000002,11.25,267.7425,0.574,0.47,0.708,0.684,-45.25,-92.04249999999999,-0.134,-0.21400000000000008,1
2019,Kansas State,West Virginia,20,24,0,63.25,168.8825,41.5,193.8675,0.533,0.396,0.269,0.476,-21.75,-24.985000000000014,0.264,-0.07999999999999996,0
2019,Rutgers,Ohio State,21,56,0,54.5,177.32,3.75,299.48,0.1,0.732,0.281,0.324,-50.75,-122.16000000000003,-0.18100000000000002,0.408,0
2019,Duke,Syracuse,6,49,0,48.75,185.4375,56.0,176.60750000000002,0.289,0.391,0.377,0.434,7.25,8.829999999999984,-0.08800000000000002,-0.04299999999999998,0
2019,Iowa,Minnesota,23,19,0,46.5,186.54,51.5,181.8275,0.609,0.811,1.004,0.993,5.0,4.712500000000006,-0.395,-0.18199999999999994,1
2019,Ole Miss,LSU,37,58,0,21.25,236.63,7.25,280.36,0.283,0.33,0.858,0.731,-14.0,-43.73000000000002,-0.575,-0.40099999999999997,0
2019,Baylor,Oklahoma,31,34,0,36.25,199.0625,12.75,258.95750000000004,0.78,0.797,0.363,0.424,-23.5,-59.89500000000004,0.41700000000000004,0.37300000000000005,0
2019,NC State,Louisville,20,34,0,40.0,196.84749999999997,33.75,204.0375,0.131,0.248,0.82,0.728,-6.25,-7.190000000000026,-0.689,-0.48,0
2019,Texas A&M,South Carolina,30,6,0,14.75,252.3325,21.0,229.22,0.648,0.667,0.717,0.772,6.25,23.11250000000001,-0.06899999999999995,-0.10499999999999998,1
2019,Utah,UCLA,49,3,0,37.0,199.9425,16.0,248.91000000000003,0.953,0.87,0.551,0.65,-21.0,-48.96750000000003,0.4019999999999999,0.21999999999999997,1
2019,Georgia Tech,NC State,28,26,0,49.0,183.48000000000002,40.0,196.84749999999997,0.471,0.506,0.131,0.248,-9.0,-13.36749999999995,0.33999999999999997,0.258,1
2019,Northwestern,Minnesota,22,38,0,53.75,177.9975,51.5,181.8275,0.359,0.347,1.004,0.993,-2.25,-3.829999999999984,-0.645,-0.646,0
2019,Iowa,Illinois,19,10,0,46.5,186.54,55.25,176.6125,0.609,0.811,0.632,0.463,8.75,9.92749999999998,-0.02300000000000002,0.34800000000000003,1
2019,Iowa State,Kansas,41,31,0,56.5,175.70000000000002,68.5,162.76749999999998,0.574,0.47,0.416,0.504,12.0,12.932500000000033,0.15799999999999997,-0.03400000000000003,1
2019,Rutgers,Michigan State,0,27,0,54.5,177.32,26.75,219.19,0.1,0.732,0.929,0.861,-27.75,-41.870000000000005,-0.8290000000000001,-0.129,0
2019,West Virginia,Oklahoma State,13,20,0,41.5,193.8675,39.25,194.93,0.269,0.476,0.438,0.312,-2.25,-1.0625,-0.16899999999999998,0.16399999999999998,0
2019,Ohio State,Penn State,28,17,0,3.75,299.48,13.75,253.545,0.281,0.324,0.401,0.198,10.0,45.93500000000003,-0.12,0.126,1
2019,Notre Dame,Boston College,40,7,0,12.0,259.35,69.0,162.805,0.659,0.617,0.666,0.799,57.0,96.54500000000002,-0.007000000000000006,-0.18200000000000005,1
2019,Indiana,Michigan,14,39,0,54.5,176.585,18.0,250.4475,0.82,0.871,0.752,0.618,-36.5,-73.86249999999998,0.06799999999999995,0.253,0
2019,Georgia,Texas A&M,19,13,0,4.0,297.19,14.75,252.3325,0.532,0.601,0.648,0.667,10.75,44.85749999999999,-0.11599999999999999,-0.06600000000000006,1
2019,Virginia Tech,Pittsburgh,28,0,0,30.25,211.46999999999997,40.0,196.93,0.746,0.707,0.51,0.584,9.75,14.539999999999964,0.236,0.123,1
2019,Maryland,Nebraska,7,54,0,33.5,205.2425,25.5,220.19,0.724,0.587,0.704,0.703,-8.0,-14.947499999999991,0.020000000000000018,-0.11599999999999999,0
2019,USC,UCLA,52,35,0,5.0,293.22249999999997,16.0,248.91000000000003,0.856,0.845,0.551,0.65,11.0,44.31249999999994,0.30499999999999994,0.19499999999999995,1
2019,Baylor,Texas,24,10,0,36.25,199.0625,11.25,267.7425,0.78,0.797,0.708,0.684,-25.0,-68.68,0.07200000000000006,0.11299999999999999,1
2019,Louisville,Syracuse,56,34,0,33.75,204.0375,56.0,176.60750000000002,0.82,0.728,0.377,0.434,22.25,27.42999999999998,0.44299999999999995,0.294,1
2019,Wisconsin,Purdue,45,24,0,40.0,195.4025,67.75,163.785,0.707,0.652,0.414,0.258,27.75,31.617500000000007,0.293,0.394,1
2019,LSU,Arkansas,56,20,0,7.25,280.36,30.25,211.675,0.858,0.731,0.398,0.466,23.0,68.685,0.45999999999999996,0.26499999999999996,1
2019,Texas Tech,Kansas State,27,30,0,49.25,185.19,63.25,168.8825,0.579,0.626,0.533,0.396,14.0,16.307500000000005,0.04599999999999993,0.22999999999999998,0
2019,Missouri,Tennessee,20,24,0,38.5,197.86,14.0,252.1875,0.426,0.454,0.865,0.871,-24.5,-54.327499999999986,-0.439,-0.417,0
2019,Wake Forest,Duke,39,27,0,60.0,171.13750000000002,48.75,185.4375,0.678,0.759,0.289,0.391,-11.25,-14.299999999999983,0.38900000000000007,0.368,1
2019,Oklahoma,TCU,28,24,0,12.75,258.95750000000004,28.25,215.34749999999997,0.363,0.424,0.693,0.595,15.5,43.61000000000007,-0.32999999999999996,-0.17099999999999999,1
2019,Colorado,Washington,20,14,0,56.5,178.33749999999998,23.25,225.91750000000002,0.851,0.679,0.525,0.387,-33.25,-47.58000000000004,0.32599999999999996,0.29200000000000004,1
2019,Mississippi State,Ole Miss,21,20,0,24.25,221.815,21.25,236.63,0.547,0.384,0.283,0.33,-3.0,-14.814999999999998,0.26400000000000007,0.05399999999999999,1
2019,Texas,Texas Tech,49,24,0,11.25,267.7425,49.25,185.19,0.708,0.684,0.579,0.626,38.0,82.55250000000001,0.129,0.05800000000000005,1
2019,Virginia,Virginia Tech,39,30,0,57.5,173.99249999999998,30.25,211.46999999999997,0.666,0.668,0.746,0.707,-27.25,-37.47749999999999,-0.07999999999999996,-0.038999999999999924,1
2019,Arkansas,Missouri,14,24,0,30.25,211.675,38.5,197.86,0.398,0.466,0.426,0.454,8.25,13.814999999999998,-0.02799999999999997,0.01200000000000001,0
2019,Nebraska,Iowa,24,27,0,25.5,220.19,46.5,186.54,0.704,0.703,0.609,0.811,21.0,33.650000000000006,0.09499999999999997,-0.1080000000000001,0
2019,TCU,West Virginia,17,20,0,28.25,215.34749999999997,41.5,193.8675,0.693,0.595,0.269,0.476,13.25,21.47999999999996,0.42399999999999993,0.119,0
2019,Illinois,Northwestern,10,29,0,55.25,176.6125,53.75,177.9975,0.632,0.463,0.359,0.347,-1.5,-1.384999999999991,0.273,0.11600000000000005,0
2019,Georgia Tech,Georgia,7,52,0,49.0,183.48000000000002,4.0,297.19,0.471,0.506,0.532,0.601,-45.0,-113.70999999999998,-0.061000000000000054,-0.09499999999999997,0
2019,South Carolina,Clemson,3,38,0,21.0,229.22,10.75,267.93,0.717,0.772,0.813,0.752,-10.25,-38.71000000000001,-0.09599999999999997,0.020000000000000018,0
2019,Purdue,Indiana,41,44,0,67.75,163.785,54.5,176.585,0.414,0.258,0.82,0.871,-13.25,-12.800000000000011,-0.40599999999999997,-0.613,0
2019,Michigan,Ohio State,27,56,0,18.0,250.4475,3.75,299.48,0.752,0.618,0.281,0.324,-14.25,-49.03250000000003,0.471,0.294,0
2019,Kentucky,Louisville,45,13,0,34.75,202.97500000000002,33.75,204.0375,0.602,0.568,0.82,0.728,-1.0,-1.0624999999999716,-0.21799999999999997,-0.16000000000000003,1
2019,Syracuse,Wake Forest,39,30,0,56.0,176.60750000000002,60.0,171.13750000000002,0.377,0.434,0.678,0.759,4.0,5.469999999999999,-0.30100000000000005,-0.325,1
2019,Duke,Miami,27,17,0,48.75,185.4375,17.25,244.2025,0.289,0.391,0.487,0.524,-31.5,-58.764999999999986,-0.198,-0.133,1
2019,Pittsburgh,Boston College,19,26,0,40.0,196.93,69.0,162.805,0.51,0.584,0.666,0.799,29.0,34.125,-0.15600000000000003,-0.21500000000000008,0
2019,Auburn,Alabama,48,45,0,9.5,268.03499999999997,2.0,306.73749999999995,0.415,0.447,0.696,0.632,-7.5,-38.702499999999986,-0.28099999999999997,-0.185,1
2019,Kansas,Baylor,6,61,0,68.5,162.76749999999998,36.25,199.0625,0.416,0.504,0.78,0.797,-32.25,-36.295000000000016,-0.36400000000000005,-0.29300000000000004,0
2019,Minnesota,Wisconsin,17,38,0,51.5,181.8275,40.0,195.4025,1.004,0.993,0.707,0.652,-11.5,-13.575000000000017,0.29700000000000004,0.34099999999999997,0
2019,Penn State,Rutgers,27,6,0,13.75,253.545,54.5,177.32,0.401,0.198,0.1,0.732,40.75,76.225,0.30100000000000005,-0.534,1
2019,Michigan State,Maryland,19,16,0,26.75,219.19,33.5,205.2425,0.929,0.861,0.724,0.587,6.75,13.947499999999991,0.20500000000000007,0.274,1
2019,Stanford,Notre Dame,24,45,0,23.5,228.8875,12.0,259.35,0.597,0.643,0.659,0.617,-11.5,-30.462500000000034,-0.062000000000000055,0.026000000000000023,0
2019,Tennessee,Vanderbilt,28,10,0,14.0,252.1875,52.25,180.5925,0.865,0.871,0.593,0.476,38.25,71.595,0.272,0.395,1
2019,Kansas State,Iowa State,27,17,0,63.25,168.8825,56.5,175.70000000000002,0.533,0.396,0.574,0.47,-6.75,-6.817500000000024,-0.040999999999999925,-0.07399999999999995,1
2019,LSU,Texas A&M,50,7,0,7.25,280.36,14.75,252.3325,0.858,0.731,0.648,0.667,7.5,28.027500000000003,0.20999999999999996,0.06399999999999995,1
2019,NC State,North Carolina,10,41,0,40.0,196.84749999999997,27.25,214.74,0.131,0.248,0.515,0.423,-12.75,-17.89250000000004,-0.384,-0.175,0
2019,Florida,Florida State,40,17,0,14.5,249.8025,5.75,285.04749999999996,0.857,0.854,0.526,0.421,-8.75,-35.24499999999995,0.33099999999999996,0.433,1
2019,Utah,Colorado,45,15,0,37.0,199.9425,56.5,178.33749999999998,0.953,0.87,0.851,0.679,19.5,21.605000000000018,0.10199999999999998,0.19099999999999995,1
2019,Oklahoma State,Oklahoma,16,34,0,39.25,194.93,12.75,258.95750000000004,0.438,0.312,0.363,0.424,-26.5,-64.02750000000003,0.07500000000000001,-0.11199999999999999,0
2019,Oregon,Utah,37,15,1,18.75,238.11749999999998,37.0,199.9425,0.735,0.828,0.953,0.87,18.25,38.17499999999998,-0.21799999999999997,-0.04200000000000004,1
2019,Oklahoma,Baylor,30,23,1,12.75,258.95750000000004,36.25,199.0625,0.363,0.424,0.78,0.797,23.5,59.89500000000004,-0.41700000000000004,-0.37300000000000005,1
2019,LSU,Georgia,37,10,1,7.25,280.36,4.0,297.19,0.858,0.731,0.532,0.601,-3.25,-16.829999999999984,0.32599999999999996,0.13,1
2019,Clemson,Virginia,62,17,1,10.75,267.93,57.5,173.99249999999998,0.813,0.752,0.666,0.668,46.75,93.93750000000003,0.1469999999999999,0.08399999999999996,1
2019,Wisconsin,Ohio State,21,34,1,40.0,195.4025,3.75,299.48,0.707,0.652,0.281,0.324,-36.25,-104.07750000000001,0.42599999999999993,0.328,0
2020,North Carolina,Syracuse,31,6,0,27.75,215.87000000000003,55.5,179.26,0.939,0.95,0.551,0.639,27.75,36.61000000000004,0.3879999999999999,0.31099999999999994,1
2020,Notre Dame,Duke,27,13,0,12.75,257.0425,48.0,189.34,0.591,0.64,0.377,0.476,35.25,67.70250000000001,0.21399999999999997,0.16400000000000003,1
2020,Florida State,Georgia Tech,13,16,0,9.75,274.36,50.75,184.1875,0.623,0.527,0.994,0.888,41.0,90.17250000000001,-0.371,-0.361,0
2020,Wake Forest,Clemson,13,37,0,61.5,172.48999999999998,11.0,267.3225,0.36,0.33,0.764,0.849,-50.5,-94.83250000000001,-0.404,-0.5189999999999999,0
2020,Pittsburgh,Syracuse,21,10,0,43.0,196.5175,55.5,179.26,0.738,0.782,0.551,0.639,12.5,17.25750000000002,0.18699999999999994,0.14300000000000002,1
2020,Duke,Boston College,6,26,0,48.0,189.34,69.75,164.7575,0.377,0.476,0.465,0.514,21.75,24.58250000000001,-0.08800000000000002,-0.038000000000000034,0
2020,Georgia Tech,UCF,21,49,0,50.75,184.1875,60.25,174.32500000000002,0.994,0.888,0.682,0.768,9.5,9.862499999999983,0.31199999999999994,0.12,0
2020,Louisville,Miami,34,47,0,42.75,195.17,17.25,245.8475,0.912,0.961,0.554,0.476,-25.5,-50.67750000000001,0.358,0.485,0
2020,NC State,Wake Forest,45,42,0,40.0,198.9975,61.5,172.48999999999998,0.6,0.712,0.36,0.33,21.5,26.50750000000002,0.24,0.38199999999999995,1
2020,Ole Miss,Florida,35,51,0,22.5,234.73000000000002,11.5,262.15000000000003,0.899,0.853,0.572,0.631,-11.0,-27.420000000000016,0.32700000000000007,0.22199999999999998,0
2020,Auburn,Kentucky,29,13,0,10.25,266.4425,33.75,205.55,0.73,0.71,0.52,0.657,23.5,60.892499999999984,0.20999999999999996,0.052999999999999936,1
2020,Syracuse,Georgia Tech,37,20,0,55.5,179.26,50.75,184.1875,0.551,0.639,0.994,0.888,-4.75,-4.927500000000009,-0.44299999999999995,-0.249,1
2020,Oklahoma,Kansas State,35,38,0,10.5,266.355,65.25,169.47750000000002,0.278,0.372,0.754,0.684,54.75,96.8775,-0.476,-0.31200000000000006,0
2020,Pittsburgh,Louisville,23,20,0,43.0,196.5175,42.75,195.17,0.738,0.782,0.912,0.961,-0.25,1.347500000000025,-0.17400000000000004,-0.17899999999999994,1
2020,TCU,Iowa State,34,37,0,26.75,220.14249999999998,52.0,182.13750000000002,0.726,0.568,0.754,0.817,25.25,38.00499999999997,-0.028000000000000025,-0.249,0
2020,LSU,Mississippi State,34,44,0,7.25,280.2825,25.75,221.6,0.252,0.273,0.495,0.585,18.5,58.68250000000003,-0.243,-0.31199999999999994,0
2020,Oklahoma State,West Virginia,27,13,0,38.75,197.63250000000002,44.75,192.32,0.868,0.856,0.877,0.79,6.0,5.312500000000028,-0.009000000000000008,0.06599999999999995,1
2020,Texas Tech,Texas,56,63,0,56.5,178.8175,9.5,271.5425,0.531,0.487,0.702,0.841,-47.0,-92.72500000000002,-0.17099999999999993,-0.354,0
2020,Virginia,Duke,38,20,0,54.75,179.235,48.0,189.34,0.265,0.234,0.377,0.476,-6.75,-10.10499999999999,-0.11199999999999999,-0.24199999999999997,1
2020,Arkansas,Georgia,10,37,0,30.5,215.34,3.0,303.83500000000004,0.667,0.505,0.356,0.304,-27.5,-88.49500000000003,0.31100000000000005,0.201,0
2020,Missouri,Alabama,19,38,0,41.5,193.8975,2.0,308.33750000000003,0.292,0.519,0.501,0.593,-39.5,-114.44000000000003,-0.20900000000000002,-0.07399999999999995,0
2020,Texas A&M,Vanderbilt,17,12,0,13.0,256.045,54.0,180.855,0.803,0.801,0.238,0.194,41.0,75.19000000000003,0.5650000000000001,0.607,1
2020,South Carolina,Tennessee,27,31,0,20.25,233.4125,16.25,247.89,0.417,0.579,0.543,0.709,-4.0,-14.477499999999992,-0.12600000000000006,-0.13,0
2020,Baylor,Kansas,47,14,0,36.0,200.94,67.75,165.7425,0.791,0.781,0.431,0.439,31.75,35.19749999999999,0.36000000000000004,0.342,1
2020,Miami,Florida State,52,10,0,17.25,245.8475,9.75,274.36,0.554,0.476,0.623,0.527,-7.5,-28.512500000000017,-0.06899999999999995,-0.051000000000000045,1
2020,Virginia Tech,NC State,45,24,0,29.5,214.45499999999998,40.0,198.9975,0.622,0.571,0.6,0.712,10.5,15.457499999999982,0.02200000000000002,-0.14100000000000001,1
2020,West Virginia,Baylor,27,21,0,44.75,192.32,36.0,200.94,0.877,0.79,0.791,0.781,-8.75,-8.620000000000005,0.08599999999999997,0.009000000000000008,1
2020,Texas,TCU,31,33,0,9.5,271.5425,26.75,220.14249999999998,0.702,0.841,0.726,0.568,17.25,51.400000000000034,-0.02400000000000002,0.273,0
2020,Tennessee,Missouri,35,12,0,16.25,247.89,41.5,193.8975,0.543,0.709,0.292,0.519,25.25,53.99249999999998,0.25100000000000006,0.18999999999999995,1
2020,Florida,South Carolina,38,24,0,11.5,262.15000000000003,20.25,233.4125,0.572,0.631,0.417,0.579,8.75,28.73750000000004,0.15499999999999997,0.052000000000000046,1
2020,Pittsburgh,NC State,29,30,0,43.0,196.5175,40.0,198.9975,0.738,0.782,0.6,0.712,-3.0,-2.4799999999999898,0.138,0.07000000000000006,0
2020,Boston College,North Carolina,22,26,0,69.75,164.7575,27.75,215.87000000000003,0.465,0.514,0.939,0.95,-42.0,-51.11250000000004,-0.4739999999999999,-0.43599999999999994,0
2020,Alabama,Texas A&M,52,24,0,2.0,308.33750000000003,13.0,256.045,0.501,0.593,0.803,0.801,11.0,52.29250000000002,-0.30200000000000005,-0.20800000000000007,1
2020,Kansas,Oklahoma State,7,47,0,67.75,165.7425,38.75,197.63250000000002,0.431,0.439,0.868,0.856,-29.0,-31.890000000000015,-0.437,-0.417,0
2020,Kansas State,Texas Tech,31,21,0,65.25,169.47750000000002,56.5,178.8175,0.754,0.684,0.531,0.487,-8.75,-9.339999999999975,0.22299999999999998,0.19700000000000006,1
2020,Kentucky,Ole Miss,41,42,0,33.75,205.55,22.5,234.73000000000002,0.52,0.657,0.899,0.853,-11.25,-29.180000000000007,-0.379,-0.19599999999999995,0
2020,Duke,Virginia Tech,31,38,0,48.0,189.34,29.5,214.45499999999998,0.377,0.476,0.622,0.571,-18.5,-25.11499999999998,-0.245,-0.09499999999999997,0
2020,Mississippi State,Arkansas,14,21,0,25.75,221.6,30.5,215.34,0.495,0.585,0.667,0.505,4.75,6.259999999999991,-0.17200000000000004,0.07999999999999996,0
2020,Vanderbilt,LSU,7,41,0,54.0,180.855,7.25,280.2825,0.238,0.194,0.252,0.273,-46.75,-99.42750000000004,-0.014000000000000012,-0.07900000000000001,0
2020,Georgia,Auburn,27,6,0,3.0,303.83500000000004,10.25,266.4425,0.356,0.304,0.73,0.71,7.25,37.39250000000004,-0.374,-0.40599999999999997,1
2020,Iowa State,Oklahoma,37,30,0,52.0,182.13750000000002,10.5,266.355,0.754,0.817,0.278,0.372,-41.5,-84.2175,0.476,0.44499999999999995,1
2020,Clemson,Virginia,41,23,0,11.0,267.3225,54.75,179.235,0.764,0.849,0.265,0.234,43.75,88.08749999999998,0.499,0.615,1
2020,Georgia Tech,Louisville,46,27,0,50.75,184.1875,42.75,195.17,0.994,0.888,0.912,0.961,-8.0,-10.982499999999987,0.08199999999999996,-0.07299999999999995,1
2020,Texas A&M,Florida,41,38,0,13.0,256.045,11.5,262.15000000000003,0.803,0.801,0.572,0.631,-1.5,-6.105000000000018,0.2310000000000001,0.17000000000000004,1
2020,North Carolina,Virginia Tech,56,45,0,27.75,215.87000000000003,29.5,214.45499999999998,0.939,0.95,0.622,0.571,1.75,1.4150000000000489,0.31699999999999995,0.379,1
2020,Virginia,NC State,21,38,0,54.75,179.235,40.0,198.9975,0.265,0.234,0.6,0.712,-14.75,-19.76249999999999,-0.33499999999999996,-0.478,0
2020,Oklahoma,Texas,53,45,1,10.5,266.355,9.5,271.5425,0.278,0.372,0.702,0.841,-1.0,-5.1875,-0.42399999999999993,-0.469,1
2020,LSU,Missouri,41,45,0,7.25,280.2825,41.5,193.8975,0.252,0.273,0.292,0.519,34.25,86.38500000000002,-0.03999999999999998,-0.246,0
2020,Vanderbilt,South Carolina,7,41,0,54.0,180.855,20.25,233.4125,0.238,0.194,0.417,0.579,-33.75,-52.557500000000005,-0.179,-0.38499999999999995,0
2020,Syracuse,Duke,24,38,0,55.5,179.26,48.0,189.34,0.551,0.639,0.377,0.476,-7.5,-10.080000000000013,0.17400000000000004,0.16300000000000003,0
2020,Georgia,Tennessee,44,21,0,3.0,303.83500000000004,16.25,247.89,0.356,0.304,0.543,0.709,13.25,55.94500000000005,-0.18700000000000006,-0.40499999999999997,1
2020,Iowa State,Texas Tech,31,15,0,52.0,182.13750000000002,56.5,178.8175,0.754,0.817,0.531,0.487,4.5,3.3200000000000216,0.22299999999999998,0.32999999999999996,1
2020,Auburn,Arkansas,30,28,0,10.25,266.4425,30.5,215.34,0.73,0.71,0.667,0.505,20.25,51.10249999999999,0.06299999999999994,0.20499999999999996,1
2020,Boston College,Pittsburgh,31,30,0,69.75,164.7575,43.0,196.5175,0.465,0.514,0.738,0.782,-26.75,-31.76000000000002,-0.27299999999999996,-0.268,1
2020,TCU,Kansas State,14,21,0,26.75,220.14249999999998,65.25,169.47750000000002,0.726,0.568,0.754,0.684,38.5,50.664999999999964,-0.028000000000000025,-0.1160000000000001,0
2020,Clemson,Miami,42,17,0,11.0,267.3225,17.25,245.8475,0.764,0.849,0.554,0.476,6.25,21.474999999999994,0.20999999999999996,0.373,1
2020,Kentucky,Mississippi State,24,2,0,33.75,205.55,25.75,221.6,0.52,0.657,0.495,0.585,-8.0,-16.049999999999983,0.025000000000000022,0.07200000000000006,1
2020,Notre Dame,Florida State,42,26,0,12.75,257.0425,9.75,274.36,0.591,0.64,0.623,0.527,-3.0,-17.317499999999995,-0.03200000000000003,0.11299999999999999,1
2020,Ole Miss,Alabama,48,63,0,22.5,234.73000000000002,2.0,308.33750000000003,0.899,0.853,0.501,0.593,-20.5,-73.60750000000002,0.398,0.26,0
2020,Houston,BYU,26,43,0,62.5,173.5225,68.5,165.625,0.784,0.757,0.669,0.728,6.0,7.897500000000008,0.11499999999999999,0.029000000000000026,0
2020,South Carolina,Auburn,30,22,0,20.25,233.4125,10.25,266.4425,0.417,0.579,0.73,0.71,-10.0,-33.03,-0.313,-0.131,1
2020,West Virginia,Kansas,38,17,0,44.75,192.32,67.75,165.7425,0.877,0.79,0.431,0.439,23.0,26.577499999999986,0.446,0.35100000000000003,1
2020,Miami,Pittsburgh,31,19,0,17.25,245.8475,43.0,196.5175,0.554,0.476,0.738,0.782,25.75,49.329999999999984,-0.18399999999999994,-0.30600000000000005,1
2020,Georgia Tech,Clemson,7,73,0,50.75,184.1875,11.0,267.3225,0.994,0.888,0.764,0.849,-39.75,-83.13499999999999,0.22999999999999998,0.039000000000000035,0
2020,Tennessee,Kentucky,7,34,0,16.25,247.89,33.75,205.55,0.543,0.709,0.52,0.657,17.5,42.339999999999975,0.02300000000000002,0.051999999999999935,0
2020,Notre Dame,Louisville,12,7,0,12.75,257.0425,42.75,195.17,0.591,0.64,0.912,0.961,30.0,61.87250000000003,-0.32100000000000006,-0.32099999999999995,1
2020,Arkansas,Ole Miss,33,21,0,30.5,215.34,22.5,234.73000000000002,0.667,0.505,0.899,0.853,-8.0,-19.390000000000015,-0.23199999999999998,-0.348,1
2020,NC State,Duke,31,20,0,40.0,198.9975,48.0,189.34,0.6,0.712,0.377,0.476,8.0,9.657499999999999,0.22299999999999998,0.236,1
2020,Wake Forest,Virginia,40,23,0,61.5,172.48999999999998,54.75,179.235,0.36,0.33,0.265,0.234,-6.75,-6.745000000000033,0.09499999999999997,0.096,1
2020,Mississippi State,Texas A&M,14,28,0,25.75,221.6,13.0,256.045,0.495,0.585,0.803,0.801,-12.75,-34.44500000000002,-0.30800000000000005,-0.21600000000000008,0
2020,Florida State,North Carolina,31,28,0,9.75,274.36,27.75,215.87000000000003,0.623,0.527,0.939,0.95,18.0,58.48999999999998,-0.31599999999999995,-0.42299999999999993,1
2020,Virginia Tech,Boston College,40,14,0,29.5,214.45499999999998,69.75,164.7575,0.622,0.571,0.465,0.514,40.25,49.69749999999999,0.15699999999999997,0.05699999999999994,1
2020,Alabama,Georgia,41,24,0,2.0,308.33750000000003,3.0,303.83500000000004,0.501,0.593,0.356,0.304,1.0,4.502499999999998,0.14500000000000002,0.289,1
2020,Wisconsin,Illinois,45,7,0,37.0,202.8175,56.5,177.27,0.686,0.649,0.836,0.711,19.5,25.547499999999985,-0.1499999999999999,-0.061999999999999944,1
2020,Michigan State,Rutgers,27,38,0,29.0,217.55,56.5,177.85500000000002,0.149,0.396,0.878,0.931,27.5,39.69499999999999,-0.729,-0.535,0
2020,TCU,Oklahoma,14,33,0,26.75,220.14249999999998,10.5,266.355,0.726,0.568,0.278,0.372,-16.25,-46.212500000000034,0.44799999999999995,0.19599999999999995,0
2020,Ohio State,Nebraska,52,17,0,5.5,294.875,22.5,228.535,0.623,0.615,0.624,0.729,17.0,66.34,-0.0010000000000000009,-0.11399999999999999,1
2020,Kansas State,Kansas,55,14,0,65.25,169.47750000000002,67.75,165.7425,0.754,0.684,0.431,0.439,2.5,3.7350000000000136,0.323,0.24500000000000005,1
2020,Ole Miss,Auburn,28,35,0,22.5,234.73000000000002,10.25,266.4425,0.899,0.853,0.73,0.71,-12.25,-31.712499999999977,0.16900000000000004,0.14300000000000002,0
2020,Louisville,Florida State,48,16,0,42.75,195.17,9.75,274.36,0.912,0.961,0.623,0.527,-33.0,-79.19000000000003,0.28900000000000003,0.43399999999999994,1
2020,Clemson,Syracuse,47,21,0,11.0,267.3225,55.5,179.26,0.764,0.849,0.551,0.639,44.5,88.0625,0.21299999999999997,0.20999999999999996,1
2020,North Carolina,NC State,48,21,0,27.75,215.87000000000003,40.0,198.9975,0.939,0.95,0.6,0.712,12.25,16.87250000000003,0.33899999999999997,0.238,1
2020,Tennessee,Alabama,17,48,0,16.25,247.89,2.0,308.33750000000003,0.543,0.709,0.501,0.593,-14.25,-60.44750000000005,0.04200000000000004,0.11599999999999999,0
2020,Oklahoma State,Iowa State,24,21,0,38.75,197.63250000000002,52.0,182.13750000000002,0.868,0.856,0.754,0.817,13.25,15.495000000000005,0.11399999999999999,0.039000000000000035,1
2020,Texas,Baylor,27,16,0,9.5,271.5425,36.0,200.94,0.702,0.841,0.791,0.781,26.5,70.60250000000002,-0.08900000000000008,0.05999999999999994,1
2020,Wake Forest,Virginia Tech,23,16,0,61.5,172.48999999999998,29.5,214.45499999999998,0.36,0.33,0.622,0.571,-32.0,-41.965,-0.262,-0.24099999999999994,1
2020,Purdue,Iowa,24,20,0,57.25,179.2525,42.0,193.88250000000002,0.819,0.933,0.581,0.522,-15.25,-14.630000000000024,0.238,0.41100000000000003,1
2020,Indiana,Penn State,36,35,0,50.25,183.405,13.25,258.71250000000003,0.593,0.594,0.792,0.819,-37.0,-75.30750000000003,-0.19900000000000007,-0.22499999999999998,1
2020,Pittsburgh,Notre Dame,3,45,0,43.0,196.5175,12.75,257.0425,0.738,0.782,0.591,0.64,-30.25,-60.525000000000006,0.14700000000000002,0.14200000000000002,0
2020,Missouri,Kentucky,20,10,0,41.5,193.8975,33.75,205.55,0.292,0.519,0.52,0.657,-7.75,-11.652500000000003,-0.22800000000000004,-0.138,1
2020,Boston College,Georgia Tech,48,27,0,69.75,164.7575,50.75,184.1875,0.465,0.514,0.994,0.888,-19.0,-19.430000000000007,-0.5289999999999999,-0.374,1
2020,Texas Tech,West Virginia,34,27,0,56.5,178.8175,44.75,192.32,0.531,0.487,0.877,0.79,-11.75,-13.502499999999998,-0.346,-0.30300000000000005,1
2020,LSU,South Carolina,52,24,0,7.25,280.2825,20.25,233.4125,0.252,0.273,0.417,0.579,13.0,46.87000000000003,-0.16499999999999998,-0.30599999999999994,1
2020,Minnesota,Michigan,24,49,0,47.0,188.695,10.75,271.03,0.727,0.632,0.107,0.115,-36.25,-82.33499999999998,0.62,0.517,0
2020,Northwestern,Maryland,43,3,0,53.0,181.325,33.5,207.70999999999998,0.841,0.969,0.583,0.501,-19.5,-26.38499999999999,0.258,0.46799999999999997,1
2020,Miami,Virginia,19,14,0,17.25,245.8475,54.75,179.235,0.554,0.476,0.265,0.234,37.5,66.61249999999998,0.28900000000000003,0.24199999999999997,1
2020,Maryland,Minnesota,45,44,0,33.5,207.70999999999998,47.0,188.695,0.583,0.501,0.727,0.632,13.5,19.014999999999986,-0.14400000000000002,-0.131,1
2020,Illinois,Purdue,24,31,0,56.5,177.27,57.25,179.2525,0.836,0.711,0.819,0.933,0.75,-1.9824999999999875,0.017000000000000015,-0.2220000000000001,0
2020,West Virginia,Kansas State,37,10,0,44.75,192.32,65.25,169.47750000000002,0.877,0.79,0.754,0.684,20.5,22.842499999999973,0.123,0.10599999999999998,1
2020,Kentucky,Georgia,3,14,0,33.75,205.55,3.0,303.83500000000004,0.52,0.657,0.356,0.304,-30.75,-98.28500000000003,0.16400000000000003,0.35300000000000004,0
2020,Clemson,Boston College,34,28,0,11.0,267.3225,69.75,164.7575,0.764,0.849,0.465,0.514,58.75,102.565,0.299,0.33499999999999996,1
2020,Kansas,Iowa State,22,52,0,67.75,165.7425,52.0,182.13750000000002,0.431,0.439,0.754,0.817,-15.75,-16.39500000000001,-0.323,-0.37799999999999995,0
2020,Syracuse,Wake Forest,14,38,0,55.5,179.26,61.5,172.48999999999998,0.551,0.639,0.36,0.33,6.0,6.77000000000001,0.19100000000000006,0.309,0
2020,Michigan,Michigan State,24,27,0,10.75,271.03,29.0,217.55,0.107,0.115,0.149,0.396,18.25,53.47999999999996,-0.041999999999999996,-0.281,0
2020,Houston,UCF,21,44,0,62.5,173.5225,60.25,174.32500000000002,0.784,0.757,0.682,0.768,-2.25,-0.8025000000000091,0.10199999999999998,-0.01100000000000001,0
2020,Baylor,TCU,23,33,0,36.0,200.94,26.75,220.14249999999998,0.791,0.781,0.726,0.568,-9.25,-19.202499999999986,0.06500000000000006,0.21300000000000008,0
2020,Georgia Tech,Notre Dame,13,31,0,50.75,184.1875,12.75,257.0425,0.994,0.888,0.591,0.64,-38.0,-72.85500000000002,0.403,0.248,0
2020,Iowa,Northwestern,20,21,0,42.0,193.88250000000002,53.0,181.325,0.581,0.522,0.841,0.969,11.0,12.557500000000033,-0.26,-0.44699999999999995,0
2020,Auburn,LSU,48,11,0,10.25,266.4425,7.25,280.2825,0.73,0.71,0.252,0.273,-3.0,-13.840000000000032,0.478,0.43699999999999994,1
2020,Rutgers,Indiana,21,37,0,56.5,177.85500000000002,50.25,183.405,0.878,0.931,0.593,0.594,-6.25,-5.549999999999983,0.28500000000000003,0.3370000000000001,0
2020,Oklahoma State,Texas,34,41,0,38.75,197.63250000000002,9.5,271.5425,0.868,0.856,0.702,0.841,-29.25,-73.91,0.16600000000000004,0.015000000000000013,0
2020,Louisville,Virginia Tech,35,42,0,42.75,195.17,29.5,214.45499999999998,0.912,0.961,0.622,0.571,-13.25,-19.284999999999997,0.29000000000000004,0.39,0
2020,Vanderbilt,Ole Miss,21,54,0,54.0,180.855,22.5,234.73000000000002,0.238,0.194,0.899,0.853,-31.5,-53.87500000000003,-0.661,-0.659,0
2020,Alabama,Mississippi State,41,0,0,2.0,308.33750000000003,25.75,221.6,0.501,0.593,0.495,0.585,23.75,86.73750000000004,0.006000000000000005,0.008000000000000007,1
2020,Texas A&M,Arkansas,42,31,0,13.0,256.045,30.5,215.34,0.803,0.801,0.667,0.505,17.5,40.70500000000001,0.136,0.29600000000000004,1
2020,Florida,Missouri,41,17,0,11.5,262.15000000000003,41.5,193.8975,0.572,0.631,0.292,0.519,30.0,68.25250000000003,0.27999999999999997,0.11199999999999999,1
2020,Penn State,Ohio State,25,38,0,13.25,258.71250000000003,5.5,294.875,0.792,0.819,0.623,0.615,-7.75,-36.162499999999966,0.16900000000000004,0.20399999999999996,0
2020,Virginia,North Carolina,44,41,0,54.75,179.235,27.75,215.87000000000003,0.265,0.234,0.939,0.95,-27.0,-36.63500000000002,-0.6739999999999999,-0.716,1
2020,Texas Tech,Oklahoma,28,62,0,56.5,178.8175,10.5,266.355,0.531,0.487,0.278,0.372,-46.0,-87.53750000000002,0.253,0.11499999999999999,0
2020,NC State,Miami,41,44,0,40.0,198.9975,17.25,245.8475,0.6,0.712,0.554,0.476,-22.75,-46.849999999999994,0.04599999999999993,0.236,0
2020,Duke,North Carolina,24,56,0,48.0,189.34,27.75,215.87000000000003,0.377,0.476,0.939,0.95,-20.25,-26.53000000000003,-0.5619999999999999,-0.474,0
2020,Northwestern,Nebraska,21,13,0,53.0,181.325,22.5,228.535,0.841,0.969,0.624,0.729,-30.5,-47.21000000000001,0.21699999999999997,0.24,1
2020,Indiana,Michigan,38,21,0,50.25,183.405,10.75,271.03,0.593,0.594,0.107,0.115,-39.5,-87.62499999999997,0.486,0.479,1
2020,Texas,West Virginia,17,13,0,9.5,271.5425,44.75,192.32,0.702,0.841,0.877,0.79,35.25,79.22250000000003,-0.17500000000000004,0.050999999999999934,1
2020,Iowa,Michigan State,49,7,0,42.0,193.88250000000002,29.0,217.55,0.581,0.522,0.149,0.396,-13.0,-23.66749999999999,0.43199999999999994,0.126,1
2020,Syracuse,Boston College,13,16,0,55.5,179.26,69.75,164.7575,0.551,0.639,0.465,0.514,14.25,14.502499999999998,0.08600000000000002,0.125,0
2020,TCU,Texas Tech,34,18,0,26.75,220.14249999999998,56.5,178.8175,0.726,0.568,0.531,0.487,29.75,41.32499999999999,0.19499999999999995,0.08099999999999996,1
2020,Illinois,Minnesota,14,41,0,56.5,177.27,47.0,188.695,0.836,0.711,0.727,0.632,-9.5,-11.424999999999983,0.10899999999999999,0.07899999999999996,0
2020,Oklahoma,Kansas,62,9,0,10.5,266.355,67.75,165.7425,0.278,0.372,0.431,0.439,57.25,100.61250000000001,-0.15299999999999997,-0.067,1
2020,Georgia,Florida,28,44,1,3.0,303.83500000000004,11.5,262.15000000000003,0.356,0.304,0.572,0.631,8.5,41.685,-0.21599999999999997,-0.327,0
2020,Cincinnati,Houston,38,10,0,66.0,167.83749999999998,62.5,173.5225,0.673,0.612,0.784,0.757,-3.5,-5.685000000000031,-0.11099999999999999,-0.14500000000000002,1
2020,Mississippi State,Vanderbilt,24,17,0,25.75,221.6,54.0,180.855,0.495,0.585,0.238,0.194,28.25,40.745000000000005,0.257,0.39099999999999996,1
2020,Penn State,Maryland,19,35,0,13.25,258.71250000000003,33.5,207.70999999999998,0.792,0.819,0.583,0.501,20.25,51.002500000000055,0.20900000000000007,0.31799999999999995,0
2020,Florida State,Pittsburgh,17,41,0,9.75,274.36,43.0,196.5175,0.623,0.527,0.738,0.782,33.25,77.8425,-0.11499999999999999,-0.255,0
2020,Kansas State,Oklahoma State,18,20,0,65.25,169.47750000000002,38.75,197.63250000000002,0.754,0.684,0.868,0.856,-26.5,-28.155,-0.11399999999999999,-0.17199999999999993,0
2020,Iowa State,Baylor,38,31,0,52.0,182.13750000000002,36.0,200.94,0.754,0.817,0.791,0.781,-16.0,-18.80249999999998,-0.03700000000000003,0.03599999999999992,1
2020,South Carolina,Texas A&M,3,48,0,20.25,233.4125,13.0,256.045,0.417,0.579,0.803,0.801,-7.25,-22.63250000000002,-0.38600000000000007,-0.2220000000000001,0
2020,Colorado,UCLA,48,42,0,50.25,186.465,23.0,231.39249999999998,0.258,0.443,0.736,0.753,-27.25,-44.92749999999998,-0.478,-0.31,1
2020,Ohio State,Rutgers,49,27,0,5.5,294.875,56.5,177.85500000000002,0.623,0.615,0.878,0.931,51.0,117.01999999999998,-0.255,-0.31600000000000006,1
2020,Oregon,Stanford,35,14,0,16.5,246.165,22.75,234.37,0.489,0.541,0.678,0.57,6.25,11.794999999999987,-0.18900000000000006,-0.028999999999999915,1
2020,Notre Dame,Clemson,47,40,0,12.75,257.0425,11.0,267.3225,0.591,0.64,0.764,0.849,-1.75,-10.279999999999973,-0.17300000000000004,-0.20899999999999996,1
2020,Arkansas,Tennessee,24,13,0,30.5,215.34,16.25,247.89,0.667,0.505,0.543,0.709,-14.25,-32.54999999999998,0.124,-0.20399999999999996,1
2020,Minnesota,Iowa,7,35,0,47.0,188.695,42.0,193.88250000000002,0.727,0.632,0.581,0.522,-5.0,-5.187500000000028,0.14600000000000002,0.10999999999999999,0
2020,Virginia Tech,Miami,24,25,0,29.5,214.45499999999998,17.25,245.8475,0.622,0.571,0.554,0.476,-12.25,-31.392500000000013,0.06799999999999995,0.09499999999999997,0
2020,North Carolina,Wake Forest,59,53,0,27.75,215.87000000000003,61.5,172.48999999999998,0.939,0.95,0.36,0.33,33.75,43.38000000000005,0.579,0.6199999999999999,1
2020,Kentucky,Vanderbilt,38,35,0,33.75,205.55,54.0,180.855,0.52,0.657,0.238,0.194,20.25,24.69500000000002,0.28200000000000003,0.463,1
2020,West Virginia,TCU,24,6,0,44.75,192.32,26.75,220.14249999999998,0.877,0.79,0.726,0.568,-18.0,-27.82249999999999,0.15100000000000002,0.2220000000000001,1
2020,Nebraska,Penn State,30,23,0,22.5,228.535,13.25,258.71250000000003,0.624,0.729,0.792,0.819,-9.25,-30.177500000000038,-0.16800000000000004,-0.08999999999999997,1
2020,Michigan State,Indiana,0,24,0,29.0,217.55,50.25,183.405,0.149,0.396,0.593,0.594,21.25,34.14500000000001,-0.44399999999999995,-0.19799999999999995,0
2020,Rutgers,Illinois,20,23,0,56.5,177.85500000000002,56.5,177.27,0.878,0.931,0.836,0.711,0.0,0.585000000000008,0.04200000000000004,0.22000000000000008,0
2020,Stanford,Colorado,32,35,0,22.75,234.37,50.25,186.465,0.678,0.57,0.258,0.443,27.5,47.905,0.42000000000000004,0.12699999999999995,0
2020,Virginia,Louisville,31,17,0,54.75,179.235,42.75,195.17,0.265,0.234,0.912,0.961,-12.0,-15.934999999999974,-0.647,-0.727,1
2020,Boston College,Notre Dame,31,45,0,69.75,164.7575,12.75,257.0425,0.465,0.514,0.591,0.64,-57.0,-92.28500000000003,-0.12599999999999995,-0.126,0
2020,Texas Tech,Baylor,24,23,0,56.5,178.8175,36.0,200.94,0.531,0.487,0.791,0.781,-20.5,-22.122500000000002,-0.26,-0.29400000000000004,1
2020,Purdue,Northwestern,20,27,0,57.25,179.2525,53.0,181.325,0.819,0.933,0.841,0.969,-4.25,-2.072499999999991,-0.02200000000000002,-0.03599999999999992,0
2020,Florida,Arkansas,63,35,0,11.5,262.15000000000003,30.5,215.34,0.572,0.631,0.667,0.505,19.0,46.81000000000003,-0.09500000000000008,0.126,1
2020,Michigan,Wisconsin,11,49,0,10.75,271.03,37.0,202.8175,0.107,0.115,0.686,0.649,26.25,68.21249999999998,-0.5790000000000001,-0.534,0
2020,NC State,Florida State,38,22,0,40.0,198.9975,9.75,274.36,0.6,0.712,0.623,0.527,-30.25,-75.36250000000001,-0.02300000000000002,0.18499999999999994,1
2020,Ole Miss,South Carolina,59,42,0,22.5,234.73000000000002,20.25,233.4125,0.899,0.853,0.417,0.579,-2.25,1.3175000000000239,0.48200000000000004,0.274,1
2020,Louisville,Syracuse,30,0,0,42.75,195.17,55.5,179.26,0.912,0.961,0.551,0.639,12.75,15.909999999999997,0.361,0.32199999999999995,1
2020,Minnesota,Purdue,34,31,0,47.0,188.695,57.25,179.2525,0.727,0.632,0.819,0.933,10.25,9.442499999999995,-0.09199999999999997,-0.30100000000000005,1
2020,Vanderbilt,Florida,17,38,0,54.0,180.855,11.5,262.15000000000003,0.238,0.194,0.572,0.631,-42.5,-81.29500000000004,-0.33399999999999996,-0.437,0
2020,Arkansas,LSU,24,27,0,30.5,215.34,7.25,280.2825,0.667,0.505,0.252,0.273,-23.25,-64.94250000000002,0.41500000000000004,0.23199999999999998,0
2020,Nebraska,Illinois,23,41,0,22.5,228.535,56.5,177.27,0.624,0.729,0.836,0.711,34.0,51.264999999999986,-0.21199999999999997,0.018000000000000016,0
2020,Ohio State,Indiana,42,35,0,5.5,294.875,50.25,183.405,0.623,0.615,0.593,0.594,44.75,111.47,0.030000000000000027,0.02100000000000002,1
2020,Oregon,UCLA,38,35,0,16.5,246.165,23.0,231.39249999999998,0.489,0.541,0.736,0.753,6.5,14.772500000000008,-0.247,-0.21199999999999997,1
2020,Penn State,Iowa,21,41,0,13.25,258.71250000000003,42.0,193.88250000000002,0.792,0.819,0.581,0.522,28.75,64.83000000000001,0.21100000000000008,0.29699999999999993,0
2020,UCF,Cincinnati,33,36,0,60.25,174.32500000000002,66.0,167.83749999999998,0.682,0.768,0.673,0.612,5.75,6.48750000000004,0.009000000000000008,0.15600000000000003,0
2020,Northwestern,Wisconsin,17,7,0,53.0,181.325,37.0,202.8175,0.841,0.969,0.686,0.649,-16.0,-21.492500000000007,0.15499999999999992,0.31999999999999995,1
2020,Iowa State,Kansas State,45,0,0,52.0,182.13750000000002,65.25,169.47750000000002,0.754,0.817,0.754,0.684,13.25,12.659999999999997,0.0,0.1329999999999999,1
2020,Alabama,Kentucky,63,3,0,2.0,308.33750000000003,33.75,205.55,0.501,0.593,0.52,0.657,31.75,102.78750000000002,-0.019000000000000017,-0.06400000000000006,1
2020,Pittsburgh,Virginia Tech,47,14,0,43.0,196.5175,29.5,214.45499999999998,0.738,0.782,0.622,0.571,-13.5,-17.93749999999997,0.11599999999999999,0.21100000000000008,1
2020,Auburn,Tennessee,30,17,0,10.25,266.4425,16.25,247.89,0.73,0.71,0.543,0.709,6.0,18.55250000000001,0.18699999999999994,0.0010000000000000009,1
2020,Georgia,Mississippi State,31,24,0,3.0,303.83500000000004,25.75,221.6,0.356,0.304,0.495,0.585,22.75,82.23500000000004,-0.139,-0.28099999999999997,1
2020,Oklahoma,Oklahoma State,41,13,0,10.5,266.355,38.75,197.63250000000002,0.278,0.372,0.868,0.856,28.25,68.7225,-0.59,-0.484,1
2020,Rutgers,Michigan,42,48,0,56.5,177.85500000000002,10.75,271.03,0.878,0.931,0.107,0.115,-45.75,-93.17499999999995,0.771,0.8160000000000001,0
2020,South Carolina,Missouri,10,17,0,20.25,233.4125,41.5,193.8975,0.417,0.579,0.292,0.519,21.25,39.514999999999986,0.125,0.05999999999999994,0
2020,Utah,USC,17,33,0,36.25,203.25,9.5,276.38,0.386,0.303,0.826,0.875,-26.75,-73.13,-0.43999999999999995,-0.5720000000000001,0
2020,Texas,Iowa State,20,23,0,9.5,271.5425,52.0,182.13750000000002,0.702,0.841,0.754,0.817,42.5,89.405,-0.052000000000000046,0.02400000000000002,0
2020,Iowa,Nebraska,26,20,0,42.0,193.88250000000002,22.5,228.535,0.581,0.522,0.624,0.729,-19.5,-34.652499999999975,-0.04300000000000004,-0.20699999999999996,1
2020,North Carolina,Notre Dame,17,31,0,27.75,215.87000000000003,12.75,257.0425,0.939,0.95,0.591,0.64,-15.0,-41.172499999999985,0.348,0.30999999999999994,0
2020,Michigan,Penn State,17,27,0,10.75,271.03,13.25,258.71250000000003,0.107,0.115,0.792,0.819,2.5,12.317499999999939,-0.685,-0.704,0
2020,Syracuse,NC State,29,36,0,55.5,179.26,40.0,198.9975,0.551,0.639,0.6,0.712,-15.5,-19.73750000000001,-0.04899999999999993,-0.07299999999999995,0
2020,Oklahoma State,Texas Tech,50,44,0,38.75,197.63250000000002,56.5,178.8175,0.868,0.856,0.531,0.487,17.75,18.815000000000026,0.33699999999999997,0.369,1
2020,Missouri,Vanderbilt,41,0,0,41.5,193.8975,54.0,180.855,0.292,0.519,0.238,0.194,12.5,13.042500000000018,0.05399999999999999,0.325,1
2020,Florida,Kentucky,34,10,0,11.5,262.15000000000003,33.75,205.55,0.572,0.631,0.52,0.657,22.25,56.60000000000002,0.051999999999999935,-0.026000000000000023,1
2020,Indiana,Maryland,27,11,0,50.25,183.405,33.5,207.70999999999998,0.593,0.594,0.583,0.501,-16.75,-24.30499999999998,0.010000000000000009,0.09299999999999997,1
2020,Michigan State,Northwestern,29,20,0,29.0,217.55,53.0,181.325,0.149,0.396,0.841,0.969,24.0,36.22500000000002,-0.692,-0.573,1
2020,Alabama,Auburn,42,13,0,2.0,308.33750000000003,10.25,266.4425,0.501,0.593,0.73,0.71,8.25,41.89500000000004,-0.22899999999999998,-0.11699999999999999,1
2020,Clemson,Pittsburgh,52,17,0,11.0,267.3225,43.0,196.5175,0.764,0.849,0.738,0.782,32.0,70.80499999999998,0.026000000000000023,0.06699999999999995,1
2020,Boston College,Louisville,34,27,0,69.75,164.7575,42.75,195.17,0.465,0.514,0.912,0.961,-27.0,-30.412499999999994,-0.447,-0.44699999999999995,1
2020,Purdue,Rutgers,30,37,0,57.25,179.2525,56.5,177.85500000000002,0.819,0.933,0.878,0.931,-0.75,1.3974999999999795,-0.05900000000000005,0.0020000000000000018,0
2020,Ole Miss,Mississippi State,31,24,0,22.5,234.73000000000002,25.75,221.6,0.899,0.853,0.495,0.585,3.25,13.130000000000024,0.404,0.268,1
2020,Georgia Tech,Duke,56,33,0,50.75,184.1875,48.0,189.34,0.994,0.888,0.377,0.476,-2.75,-5.152500000000003,0.617,0.41200000000000003,1
2020,Texas A&M,LSU,20,7,0,13.0,256.045,7.25,280.2825,0.803,0.801,0.252,0.273,-5.75,-24.23750000000001,0.551,0.528,1
2020,Baylor,Kansas State,32,31,0,36.0,200.94,65.25,169.47750000000002,0.791,0.781,0.754,0.684,29.25,31.462499999999977,0.03700000000000003,0.09699999999999998,1
2020,South Carolina,Georgia,16,45,0,20.25,233.4125,3.0,303.83500000000004,0.417,0.579,0.356,0.304,-17.25,-70.42250000000004,0.061,0.27499999999999997,0
2020,Washington,Utah,24,21,0,20.5,236.7575,36.25,203.25,0.275,0.261,0.386,0.303,15.75,33.50749999999999,-0.11099999999999999,-0.04199999999999998,1
2020,Kansas,TCU,23,59,0,67.75,165.7425,26.75,220.14249999999998,0.431,0.439,0.726,0.568,-41.0,-54.39999999999998,-0.295,-0.12899999999999995,0
2020,Texas Tech,Kansas,16,13,0,56.5,178.8175,67.75,165.7425,0.531,0.487,0.431,0.439,11.25,13.074999999999989,0.10000000000000003,0.04799999999999999,1
2020,Michigan State,Ohio State,12,52,0,29.0,217.55,5.5,294.875,0.149,0.396,0.623,0.615,-23.5,-77.32499999999999,-0.474,-0.21899999999999997,0
2020,Rutgers,Penn State,7,23,0,56.5,177.85500000000002,13.25,258.71250000000003,0.878,0.931,0.792,0.819,-43.25,-80.85750000000002,0.08599999999999997,0.1120000000000001,0
2020,Missouri,Arkansas,50,48,0,41.5,193.8975,30.5,215.34,0.292,0.519,0.667,0.505,-11.0,-21.442499999999995,-0.37500000000000006,0.014000000000000012,1
2020,TCU,Oklahoma State,29,22,0,26.75,220.14249999999998,38.75,197.63250000000002,0.726,0.568,0.868,0.856,12.0,22.509999999999962,-0.14200000000000002,-0.28800000000000003,1
2020,Kansas State,Texas,31,69,0,65.25,169.47750000000002,9.5,271.5425,0.754,0.684,0.702,0.841,-55.75,-102.065,0.052000000000000046,-0.15699999999999992,0
2020,Auburn,Texas A&M,20,31,0,10.25,266.4425,13.0,256.045,0.73,0.71,0.803,0.801,2.75,10.39749999999998,-0.07300000000000006,-0.09100000000000008,0
2020,Purdue,Nebraska,27,37,0,57.25,179.2525,22.5,228.535,0.819,0.933,0.624,0.729,-34.75,-49.2825,0.19499999999999995,0.20400000000000007,0
2020,Notre Dame,Syracuse,45,21,0,12.75,257.0425,55.5,179.26,0.591,0.64,0.551,0.639,42.75,77.78250000000003,0.039999999999999925,0.0010000000000000009,1
2020,Tennessee,Florida,19,31,0,16.25,247.89,11.5,262.15000000000003,0.543,0.709,0.572,0.631,-4.75,-14.260000000000048,-0.028999999999999915,0.07799999999999996,0
2020,Virginia,Boston College,43,32,0,54.75,179.235,69.75,164.7575,0.265,0.234,0.465,0.514,15.0,14.47750000000002,-0.2,-0.28,1
2020,Iowa State,West Virginia,42,6,0,52.0,182.13750000000002,44.75,192.32,0.754,0.817,0.877,0.79,-7.25,-10.182499999999976,-0.123,0.026999999999999913,1
2020,Wisconsin,Indiana,6,14,0,37.0,202.8175,50.25,183.405,0.686,0.649,0.593,0.594,13.25,19.412499999999994,0.09300000000000008,0.05500000000000005,0
2020,Illinois,Iowa,21,35,0,56.5,177.27,42.0,193.88250000000002,0.836,0.711,0.581,0.522,-14.5,-16.61250000000001,0.255,0.18899999999999995,0
2020,NC State,Georgia Tech,23,13,0,40.0,198.9975,50.75,184.1875,0.6,0.712,0.994,0.888,10.75,14.810000000000002,-0.394,-0.17600000000000005,1
2020,Washington,Stanford,26,31,0,20.5,236.7575,22.75,234.37,0.275,0.261,0.678,0.57,2.25,2.3874999999999886,-0.403,-0.30899999999999994,0
2020,Kentucky,South Carolina,41,18,0,33.75,205.55,20.25,233.4125,0.52,0.657,0.417,0.579,-13.5,-27.862499999999983,0.10300000000000004,0.07800000000000007,1
2020,Virginia Tech,Clemson,10,45,0,29.5,214.45499999999998,11.0,267.3225,0.622,0.571,0.764,0.849,-18.5,-52.86750000000001,-0.14200000000000002,-0.278,0
2020,LSU,Alabama,17,55,0,7.25,280.2825,2.0,308.33750000000003,0.252,0.273,0.501,0.593,-5.25,-28.055000000000007,-0.249,-0.31999999999999995,0
2020,Oklahoma,Baylor,27,14,0,10.5,266.355,36.0,200.94,0.278,0.372,0.791,0.781,25.5,65.41500000000002,-0.513,-0.40900000000000003,1
2020,Duke,Miami,0,48,0,48.0,189.34,17.25,245.8475,0.377,0.476,0.554,0.476,-30.75,-56.50749999999999,-0.17700000000000005,0.0,0
2020,Georgia Tech,Pittsburgh,20,34,0,50.75,184.1875,43.0,196.5175,0.994,0.888,0.738,0.782,-7.75,-12.330000000000013,0.256,0.10599999999999998,0
2020,Missouri,Georgia,14,49,0,41.5,193.8975,3.0,303.83500000000004,0.292,0.519,0.356,0.304,-38.5,-109.93750000000003,-0.064,0.21500000000000002,0
2020,Northwestern,Illinois,28,10,0,53.0,181.325,56.5,177.27,0.841,0.969,0.836,0.711,3.5,4.054999999999978,0.0050000000000000044,0.258,1
2020,Arkansas,Alabama,3,52,0,30.5,215.34,2.0,308.33750000000003,0.667,0.505,0.501,0.593,-28.5,-92.99750000000003,0.16600000000000004,-0.08799999999999997,0
2020,Penn State,Michigan State,39,24,0,13.25,258.71250000000003,29.0,217.55,0.792,0.819,0.149,0.396,15.75,41.16250000000002,0.643,0.42299999999999993,1
2020,Colorado,Utah,21,38,0,50.25,186.465,36.25,203.25,0.258,0.443,0.386,0.303,-14.0,-16.784999999999997,-0.128,0.14,0
2020,Nebraska,Minnesota,17,24,0,22.5,228.535,47.0,188.695,0.624,0.729,0.727,0.632,24.5,39.84,-0.10299999999999998,0.09699999999999998,0
2020,Louisville,Wake Forest,45,21,0,42.75,195.17,61.5,172.48999999999998,0.912,0.961,0.36,0.33,18.75,22.680000000000007,0.552,0.631,1
2020,Maryland,Rutgers,24,27,0,33.5,207.70999999999998,56.5,177.85500000000002,0.583,0.501,0.878,0.931,23.0,29.85499999999996,-0.29500000000000004,-0.43000000000000005,0
2020,Iowa,Wisconsin,28,7,0,42.0,193.88250000000002,37.0,202.8175,0.581,0.522,0.686,0.649,-5.0,-8.934999999999974,-0.1050000000000001,-0.127,1
2020,Miami,North Carolina,26,62,0,17.25,245.8475,27.75,215.87000000000003,0.554,0.476,0.939,0.95,10.5,29.977499999999964,-0.3849999999999999,-0.474,0
2020,Baylor,Oklahoma State,3,42,0,36.0,200.94,38.75,197.63250000000002,0.791,0.781,0.868,0.856,2.75,3.307499999999976,-0.07699999999999996,-0.07499999999999996,0
2020,Florida State,Duke,56,35,0,9.75,274.36,48.0,189.34,0.623,0.527,0.377,0.476,38.25,85.02000000000001,0.246,0.051000000000000045,1
2020,Vanderbilt,Tennessee,17,42,0,54.0,180.855,16.25,247.89,0.238,0.194,0.543,0.709,-37.75,-67.035,-0.30500000000000005,-0.5149999999999999,0
2020,Florida,LSU,34,37,0,11.5,262.15000000000003,7.25,280.2825,0.572,0.631,0.252,0.273,-4.25,-18.132499999999993,0.31999999999999995,0.358,0
2020,UCLA,USC,38,43,0,23.0,231.39249999999998,9.5,276.38,0.736,0.753,0.826,0.875,-13.5,-44.98750000000001,-0.08999999999999997,-0.122,0
2020,Mississippi State,Auburn,10,24,0,25.75,221.6,10.25,266.4425,0.495,0.585,0.73,0.71,-15.5,-44.8425,-0.235,-0.125,0
2020,Virginia Tech,Virginia,33,15,0,29.5,214.45499999999998,54.75,179.235,0.622,0.571,0.265,0.234,25.25,35.21999999999997,0.357,0.33699999999999997,1
2020,Rutgers,Nebraska,21,28,0,56.5,177.85500000000002,22.5,228.535,0.878,0.931,0.624,0.729,-34.0,-50.67999999999998,0.254,0.20200000000000007,0
2020,USC,Oregon,24,31,0,9.5,276.38,16.5,246.165,0.826,0.875,0.489,0.541,7.0,30.215000000000003,0.33699999999999997,0.33399999999999996,0
2020,Iowa State,Oklahoma,21,27,1,52.0,182.13750000000002,10.5,266.355,0.754,0.817,0.278,0.372,-41.5,-84.2175,0.476,0.44499999999999995,0
2020,Ohio State,Northwestern,22,10,1,5.5,294.875,53.0,181.325,0.623,0.615,0.841,0.969,47.5,113.55000000000001,-0.21799999999999997,-0.354,1
2020,Tennessee,Texas A&M,13,34,0,16.25,247.89,13.0,256.045,0.543,0.709,0.803,0.801,-3.25,-8.15500000000003,-0.26,-0.09200000000000008,0
2020,LSU,Ole Miss,53,48,0,7.25,280.2825,22.5,234.73000000000002,0.252,0.273,0.899,0.853,15.25,45.55250000000001,-0.647,-0.58,1
2020,Mississippi State,Missouri,51,32,0,25.75,221.6,41.5,193.8975,0.495,0.585,0.292,0.519,15.75,27.702499999999986,0.203,0.06599999999999995,1
2020,Wisconsin,Minnesota,20,17,0,37.0,202.8175,47.0,188.695,0.686,0.649,0.727,0.632,10.0,14.122500000000002,-0.040999999999999925,0.017000000000000015,1
2020,Notre Dame,Clemson,10,34,1,12.75,257.0425,11.0,267.3225,0.591,0.64,0.764,0.849,-1.75,-10.279999999999973,-0.17300000000000004,-0.20899999999999996,0
2020,Penn State,Illinois,56,21,0,13.25,258.71250000000003,56.5,177.27,0.792,0.819,0.836,0.711,43.25,81.44250000000002,-0.04399999999999993,0.10799999999999998,1
2020,UCLA,Stanford,47,48,0,23.0,231.39249999999998,22.75,234.37,0.736,0.753,0.678,0.57,-0.25,-2.9775000000000205,0.05799999999999994,0.18300000000000005,0
2020,Florida,Alabama,46,52,1,11.5,262.15000000000003,2.0,308.33750000000003,0.572,0.631,0.501,0.593,-9.5,-46.1875,0.07099999999999995,0.038000000000000034,0
2021,Illinois,Nebraska,30,22,0,60.0,177.085,21.0,234.4125,0.868,0.896,0.611,0.499,-39.0,-57.327499999999986,0.257,0.397,1
2021,Minnesota,Ohio State,31,45,0,45.0,192.9775,5.75,296.365,0.811,0.893,0.47,0.401,-39.25,-103.38750000000002,0.3410000000000001,0.492,0
2021,Virginia Tech,North Carolina,17,10,0,37.0,207.6625,24.5,226.325,0.565,0.528,0.505,0.541,-12.5,-18.662499999999994,0.05999999999999994,-0.013000000000000012,1
2021,Northwestern,Michigan State,21,38,0,51.75,185.26999999999998,35.5,206.0975,0.14,0.179,0.571,0.671,-16.25,-20.827500000000015,-0.43099999999999994,-0.49200000000000005,0
2021,Wisconsin,Penn State,10,16,0,34.5,208.48999999999998,12.0,263.27750000000003,0.808,0.665,0.843,0.808,-22.5,-54.78750000000005,-0.03499999999999992,-0.14300000000000002,0
2021,Kansas State,Stanford,24,7,1,60.0,176.22,24.0,232.57,0.91,0.785,0.403,0.489,-36.0,-56.349999999999994,0.507,0.29600000000000004,1
2021,Iowa,Indiana,34,6,0,39.0,199.4875,51.5,184.695,0.624,0.765,0.878,0.678,12.5,14.792500000000018,-0.254,0.08699999999999997,1
2021,Maryland,West Virginia,30,24,0,31.0,212.59,44.25,193.65000000000003,0.654,0.675,0.869,0.825,13.25,18.93999999999997,-0.21499999999999997,-0.1499999999999999,1
2021,Miami,Alabama,13,44,1,15.0,252.07999999999998,2.25,310.4375,0.835,0.882,0.192,0.26,-12.75,-58.357500000000016,0.643,0.622,0
2021,Houston,Texas Tech,21,38,1,74.0,161.9775,57.75,178.45,0.668,0.723,0.629,0.679,-16.25,-16.472499999999997,0.039000000000000035,0.04399999999999993,0
2021,Clemson,Georgia,3,10,1,9.0,276.96500000000003,1.75,311.8425,0.261,0.351,0.97,0.923,-7.25,-34.87749999999994,-0.709,-0.5720000000000001,0
2021,UCLA,LSU,38,27,0,27.75,218.7325,7.75,281.66,0.853,0.757,0.602,0.668,-20.0,-62.92750000000004,0.251,0.08899999999999997,1
2021,Florida State,Notre Dame,38,41,0,14.5,260.255,13.25,257.5475,0.85,0.735,0.366,0.458,-1.25,2.707499999999982,0.484,0.27699999999999997,0
2021,Ole Miss,Louisville,43,24,1,29.75,215.32500000000002,43.75,194.78,0.77,0.866,0.638,0.695,14.0,20.545000000000016,0.132,0.17100000000000004,1
2021,Virginia,Illinois,42,14,0,51.0,184.39,60.0,177.085,0.804,0.914,0.868,0.896,9.0,7.304999999999978,-0.06399999999999995,0.018000000000000016,1
2021,Tennessee,Pittsburgh,34,41,0,15.25,249.78,46.5,192.3725,0.31,0.273,0.854,0.935,31.25,57.4075,-0.544,-0.662,0
2021,Ohio State,Oregon,28,35,0,5.75,296.365,12.75,256.9325,0.47,0.401,0.522,0.54,7.0,39.432500000000005,-0.052000000000000046,-0.139,0
2021,Syracuse,Rutgers,7,17,0,54.75,181.9425,56.5,179.44,0.852,0.644,0.922,0.846,1.75,2.5024999999999977,-0.07000000000000006,-0.20199999999999996,0
2021,Colorado,Texas A&M,7,10,1,42.0,197.1525,10.0,268.6825,0.758,0.547,0.624,0.593,-32.0,-71.53,0.134,-0.04599999999999993,0
2021,Iowa State,Iowa,17,27,0,49.75,187.21749999999997,39.0,199.4875,0.929,0.895,0.624,0.765,-10.75,-12.270000000000039,0.30500000000000005,0.13,0
2021,Mississippi State,NC State,24,10,0,25.5,223.88250000000002,37.75,203.275,0.668,0.622,0.656,0.689,12.25,20.607500000000016,0.01200000000000001,-0.06699999999999995,1
2021,Arkansas,Texas,40,21,0,32.25,213.54500000000002,10.0,269.11,0.505,0.423,0.442,0.392,-22.25,-55.565,0.063,0.030999999999999972,1
2021,Kentucky,Missouri,35,28,0,31.0,212.0,43.25,192.5175,0.386,0.423,0.742,0.673,12.25,19.482499999999987,-0.356,-0.25000000000000006,1
2021,Michigan,Washington,31,10,0,12.25,265.02,17.25,247.3775,0.536,0.531,0.83,0.916,5.0,17.642499999999984,-0.29399999999999993,-0.385,1
2021,BYU,Utah,26,17,0,75.75,161.14,34.25,206.165,0.48,0.557,0.368,0.268,-41.5,-45.025000000000006,0.11199999999999999,0.28900000000000003,1
2021,USC,Stanford,28,42,0,20.75,253.205,24.0,232.57,0.709,0.653,0.403,0.489,3.25,20.63500000000002,0.30599999999999994,0.16400000000000003,0
2021,Louisville,UCF,42,35,0,43.75,194.78,61.75,174.51250000000002,0.638,0.695,0.626,0.583,18.0,20.267499999999984,0.01200000000000001,0.11199999999999999,1
2021,Illinois,Maryland,17,20,0,60.0,177.085,31.0,212.59,0.868,0.896,0.654,0.675,-29.0,-35.504999999999995,0.21399999999999997,0.22099999999999997,0
2021,Oklahoma,Nebraska,23,16,0,8.5,271.5725,21.0,234.4125,0.711,0.588,0.611,0.499,12.5,37.16,0.09999999999999998,0.08899999999999997,1
2021,Miami,Michigan State,17,38,0,15.0,252.07999999999998,35.5,206.0975,0.835,0.882,0.571,0.671,20.5,45.98249999999999,0.264,0.21099999999999997,0
2021,West Virginia,Virginia Tech,27,21,0,44.25,193.65000000000003,37.0,207.6625,0.869,0.825,0.565,0.528,-7.25,-14.01249999999996,0.30400000000000005,0.29699999999999993,1
2021,Indiana,Cincinnati,24,38,0,51.5,184.695,57.5,178.39,0.878,0.678,0.855,0.735,6.0,6.305000000000007,0.02300000000000002,-0.05699999999999994,0
2021,Colorado,Minnesota,0,30,0,42.0,197.1525,45.0,192.9775,0.758,0.547,0.811,0.893,3.0,4.175000000000011,-0.05300000000000005,-0.346,0
2021,Notre Dame,Purdue,27,13,0,13.25,257.5475,45.5,195.07500000000002,0.366,0.458,0.904,0.895,32.25,62.4725,-0.538,-0.437,1
2021,Florida,Alabama,29,31,0,10.5,265.1575,2.25,310.4375,0.27,0.41,0.192,0.26,-8.25,-45.27999999999997,0.07800000000000001,0.14999999999999997,0
2021,Wake Forest,Florida State,35,14,0,62.25,173.595,14.5,260.255,0.919,0.853,0.85,0.735,-47.75,-86.66,0.06900000000000006,0.118,1
2021,Clemson,Georgia Tech,14,8,0,9.0,276.96500000000003,42.25,198.0875,0.261,0.351,0.829,0.901,33.25,78.87750000000003,-0.568,-0.55,1
2021,Kansas,Baylor,7,45,0,64.5,170.6875,39.5,198.2225,0.84,0.841,0.619,0.45,-25.0,-27.534999999999997,0.22099999999999997,0.39099999999999996,0
2021,Duke,Northwestern,30,23,0,55.0,181.10250000000002,51.75,185.26999999999998,0.682,0.379,0.14,0.179,-3.25,-4.167499999999961,0.542,0.2,1
2021,Georgia,South Carolina,40,13,0,1.75,311.8425,18.5,241.75,0.97,0.923,0.66,0.518,16.75,70.09249999999997,0.30999999999999994,0.405,1
2021,North Carolina,Virginia,59,39,0,24.5,226.325,51.0,184.39,0.505,0.541,0.804,0.914,26.5,41.935,-0.29900000000000004,-0.373,1
2021,Penn State,Auburn,28,20,0,12.0,263.27750000000003,9.75,266.3075,0.843,0.808,0.605,0.714,-2.25,-3.0299999999999727,0.238,0.09400000000000008,1
2021,Vanderbilt,Stanford,23,41,0,53.5,183.52249999999998,24.0,232.57,0.828,0.568,0.403,0.489,-29.5,-49.047500000000014,0.42499999999999993,0.07899999999999996,0
2021,Virginia,Wake Forest,17,37,0,51.0,184.39,62.25,173.595,0.804,0.914,0.919,0.853,11.25,10.794999999999987,-0.11499999999999999,0.061000000000000054,0
2021,Vanderbilt,Georgia,0,62,0,53.5,183.52249999999998,1.75,311.8425,0.828,0.568,0.97,0.923,-51.75,-128.32,-0.14200000000000002,-0.3550000000000001,0
2021,Texas,Texas Tech,70,35,0,10.0,269.11,57.75,178.45,0.442,0.392,0.629,0.679,47.75,90.66000000000003,-0.187,-0.28700000000000003,1
2021,Wisconsin,Notre Dame,13,41,1,34.5,208.48999999999998,13.25,257.5475,0.808,0.665,0.366,0.458,-21.25,-49.05750000000003,0.44200000000000006,0.20700000000000002,0
2021,Boston College,Missouri,41,34,0,66.0,170.675,43.25,192.5175,0.876,0.801,0.742,0.673,-22.75,-21.8425,0.134,0.128,1
2021,Mississippi State,LSU,25,28,0,25.5,223.88250000000002,7.75,281.66,0.668,0.622,0.602,0.668,-17.75,-57.7775,0.06600000000000006,-0.04600000000000004,0
2021,Arkansas,Texas A&M,20,10,1,32.25,213.54500000000002,10.0,268.6825,0.505,0.423,0.624,0.593,-22.25,-55.13749999999999,-0.119,-0.16999999999999998,1
2021,Purdue,Illinois,13,9,0,45.5,195.07500000000002,60.0,177.085,0.904,0.895,0.868,0.896,14.5,17.99000000000001,0.03600000000000003,-0.0010000000000000009,1
2021,NC State,Clemson,27,21,0,37.75,203.275,9.0,276.96500000000003,0.656,0.689,0.261,0.351,-28.75,-73.69000000000003,0.395,0.33799999999999997,1
2021,Baylor,Iowa State,31,29,0,39.5,198.2225,49.75,187.21749999999997,0.619,0.45,0.929,0.895,10.25,11.005000000000024,-0.31000000000000005,-0.445,1
2021,Florida State,Louisville,23,31,0,14.5,260.255,43.75,194.78,0.85,0.735,0.638,0.695,29.25,65.475,0.21199999999999997,0.040000000000000036,0
2021,Michigan,Rutgers,20,13,0,12.25,265.02,56.5,179.44,0.536,0.531,0.922,0.846,44.25,85.57999999999998,-0.386,-0.31499999999999995,1
2021,Duke,Kansas,52,33,0,55.0,181.10250000000002,64.5,170.6875,0.682,0.379,0.84,0.841,9.5,10.41500000000002,-0.15799999999999992,-0.46199999999999997,1
2021,Stanford,UCLA,24,35,0,24.0,232.57,27.75,218.7325,0.403,0.489,0.853,0.757,3.75,13.837500000000006,-0.44999999999999996,-0.268,0
2021,Oklahoma State,Kansas State,31,20,0,38.75,199.6375,60.0,176.22,0.511,0.679,0.91,0.785,21.25,23.41749999999999,-0.399,-0.10599999999999998,1
2021,Michigan State,Nebraska,23,20,0,35.5,206.0975,21.0,234.4125,0.571,0.671,0.611,0.499,-14.5,-28.314999999999998,-0.040000000000000036,0.17200000000000004,1
2021,South Carolina,Kentucky,10,16,0,18.5,241.75,31.0,212.0,0.66,0.518,0.386,0.423,12.5,29.75,0.274,0.09500000000000003,0
2021,Florida,Tennessee,38,14,0,10.5,265.1575,15.25,249.78,0.27,0.41,0.31,0.273,4.75,15.377500000000026,-0.03999999999999998,0.13699999999999996,1
2021,Oklahoma,West Virginia,16,13,0,8.5,271.5725,44.25,193.65000000000003,0.711,0.588,0.869,0.825,35.75,77.92249999999996,-0.15800000000000003,-0.237,1
2021,Georgia Tech,North Carolina,45,22,1,42.25,198.0875,24.5,226.325,0.829,0.901,0.505,0.541,-17.75,-28.237499999999983,0.32399999999999995,0.36,1
2021,Miami,Virginia,28,30,0,15.0,252.07999999999998,51.0,184.39,0.835,0.882,0.804,0.914,36.0,67.69,0.030999999999999917,-0.03200000000000003,0
2021,Maryland,Iowa,14,51,0,31.0,212.59,39.0,199.4875,0.654,0.675,0.624,0.765,8.0,13.102499999999992,0.030000000000000027,-0.08999999999999997,0
2021,Missouri,Tennessee,24,62,0,43.25,192.5175,15.25,249.78,0.742,0.673,0.31,0.273,-28.0,-57.26249999999999,0.432,0.4,0
2021,Georgia,Arkansas,37,0,0,1.75,311.8425,32.25,213.54500000000002,0.97,0.923,0.505,0.423,30.5,98.29749999999996,0.46499999999999997,0.5,1
2021,Georgia Tech,Pittsburgh,21,52,0,42.25,198.0875,46.5,192.3725,0.829,0.901,0.854,0.935,4.25,5.715000000000003,-0.025000000000000022,-0.03400000000000003,0
2021,TCU,Texas,27,32,0,28.5,215.165,10.0,269.11,0.66,0.732,0.442,0.392,-18.5,-53.94500000000002,0.21800000000000003,0.33999999999999997,0
2021,Purdue,Minnesota,13,20,0,45.5,195.07500000000002,45.0,192.9775,0.904,0.895,0.811,0.893,-0.5,2.097500000000025,0.09299999999999997,0.0020000000000000018,0
2021,North Carolina,Duke,38,7,0,24.5,226.325,55.0,181.10250000000002,0.505,0.541,0.682,0.379,30.5,45.22249999999997,-0.17700000000000005,0.16200000000000003,1
2021,Wisconsin,Michigan,17,38,0,34.5,208.48999999999998,12.25,265.02,0.808,0.665,0.536,0.531,-22.25,-56.53,0.272,0.134,0
2021,Wake Forest,Louisville,37,34,0,62.25,173.595,43.75,194.78,0.919,0.853,0.638,0.695,-18.5,-21.185000000000002,0.281,0.15800000000000003,1
2021,Colorado,USC,14,37,0,42.0,197.1525,20.75,253.205,0.758,0.547,0.709,0.653,-21.25,-56.05250000000001,0.049000000000000044,-0.10599999999999998,0
2021,Notre Dame,Cincinnati,13,24,0,13.25,257.5475,57.5,178.39,0.366,0.458,0.855,0.735,44.25,79.15750000000003,-0.489,-0.27699999999999997,0
2021,Alabama,Ole Miss,42,21,0,2.25,310.4375,29.75,215.32500000000002,0.192,0.26,0.77,0.866,27.5,95.11249999999998,-0.5780000000000001,-0.606,1
2021,Florida State,Syracuse,33,30,0,14.5,260.255,54.75,181.9425,0.85,0.735,0.852,0.644,40.25,78.3125,-0.0020000000000000018,0.09099999999999997,1
2021,West Virginia,Texas Tech,20,23,0,44.25,193.65000000000003,57.75,178.45,0.869,0.825,0.629,0.679,13.5,15.200000000000045,0.24,0.1459999999999999,0
2021,Kansas State,Oklahoma,31,37,0,60.0,176.22,8.5,271.5725,0.91,0.785,0.711,0.588,-51.5,-95.35249999999999,0.19900000000000007,0.19700000000000006,0
2021,Stanford,Oregon,31,24,0,24.0,232.57,12.75,256.9325,0.403,0.489,0.522,0.54,-11.25,-24.36250000000001,-0.119,-0.051000000000000045,1
2021,Rutgers,Ohio State,13,52,0,56.5,179.44,5.75,296.365,0.922,0.846,0.47,0.401,-50.75,-116.92500000000001,0.45200000000000007,0.44499999999999995,0
2021,Kentucky,Florida,20,13,0,31.0,212.0,10.5,265.1575,0.386,0.423,0.27,0.41,-20.5,-53.15750000000003,0.11599999999999999,0.013000000000000012,1
2021,Oklahoma State,Baylor,24,14,0,38.75,199.6375,39.5,198.2225,0.511,0.679,0.619,0.45,0.75,1.414999999999992,-0.10799999999999998,0.22900000000000004,1
2021,Iowa State,Kansas,59,7,0,49.75,187.21749999999997,64.5,170.6875,0.929,0.895,0.84,0.841,14.75,16.529999999999973,0.08900000000000008,0.05400000000000005,1
2021,Texas A&M,Mississippi State,22,26,0,10.0,268.6825,25.5,223.88250000000002,0.624,0.593,0.668,0.622,15.5,44.79999999999998,-0.04400000000000004,-0.029000000000000026,0
2021,Penn State,Indiana,24,0,0,12.0,263.27750000000003,51.5,184.695,0.843,0.808,0.878,0.678,39.5,78.58250000000004,-0.03500000000000003,0.13,1
2021,Nebraska,Northwestern,56,7,0,21.0,234.4125,51.75,185.26999999999998,0.611,0.499,0.14,0.179,30.75,49.14250000000001,0.471,0.32,1
2021,Clemson,Boston College,19,13,0,9.0,276.96500000000003,66.0,170.675,0.261,0.351,0.876,0.801,57.0,106.29000000000002,-0.615,-0.45000000000000007,1
2021,LSU,Auburn,19,24,0,7.75,281.66,9.75,266.3075,0.602,0.668,0.605,0.714,2.0,15.35250000000002,-0.0030000000000000027,-0.04599999999999993,0
2021,Tennessee,South Carolina,45,20,0,15.25,249.78,18.5,241.75,0.31,0.273,0.66,0.518,3.25,8.030000000000001,-0.35000000000000003,-0.245,1
2021,Texas,Oklahoma,48,55,1,10.0,269.11,8.5,271.5725,0.442,0.392,0.711,0.588,-1.5,-2.4624999999999773,-0.26899999999999996,-0.19599999999999995,0
2021,Ole Miss,Arkansas,52,51,0,29.75,215.32500000000002,32.25,213.54500000000002,0.77,0.866,0.505,0.423,2.5,1.7800000000000011,0.265,0.443,1
2021,Florida,Vanderbilt,42,0,0,10.5,265.1575,53.5,183.52249999999998,0.27,0.41,0.828,0.568,43.0,81.63500000000005,-0.5579999999999999,-0.15799999999999997,1
2021,Rutgers,Michigan State,13,31,0,56.5,179.44,35.5,206.0975,0.922,0.846,0.571,0.671,-21.0,-26.6575,0.3510000000000001,0.17499999999999993,0
2021,Ohio State,Maryland,66,17,0,5.75,296.365,31.0,212.59,0.47,0.401,0.654,0.675,25.25,83.775,-0.18400000000000005,-0.274,1
2021,Baylor,West Virginia,45,20,0,39.5,198.2225,44.25,193.65000000000003,0.619,0.45,0.869,0.825,4.75,4.5724999999999625,-0.25,-0.37499999999999994,1
2021,Duke,Georgia Tech,27,31,0,55.0,181.10250000000002,42.25,198.0875,0.682,0.379,0.829,0.901,-12.75,-16.984999999999985,-0.1469999999999999,-0.522,0
2021,Louisville,Virginia,33,34,0,43.75,194.78,51.0,184.39,0.638,0.695,0.804,0.914,7.25,10.390000000000015,-0.16600000000000004,-0.21900000000000008,0
2021,North Carolina,Florida State,25,35,0,24.5,226.325,14.5,260.255,0.505,0.541,0.85,0.735,-10.0,-33.93000000000001,-0.345,-0.19399999999999995,0
2021,Syracuse,Wake Forest,37,40,0,54.75,181.9425,62.25,173.595,0.852,0.644,0.919,0.853,7.5,8.347499999999997,-0.06700000000000006,-0.20899999999999996,0
2021,Illinois,Wisconsin,0,24,0,60.0,177.085,34.5,208.48999999999998,0.868,0.896,0.808,0.665,-25.5,-31.404999999999973,0.05999999999999994,0.23099999999999998,0
2021,Auburn,Georgia,10,34,0,9.75,266.3075,1.75,311.8425,0.605,0.714,0.97,0.923,-8.0,-45.53499999999997,-0.365,-0.20900000000000007,0
2021,Iowa,Penn State,23,20,0,39.0,199.4875,12.0,263.27750000000003,0.624,0.765,0.843,0.808,-27.0,-63.79000000000002,-0.21899999999999997,-0.04300000000000004,1
2021,Texas Tech,TCU,31,52,0,57.75,178.45,28.5,215.165,0.629,0.679,0.66,0.732,-29.25,-36.715,-0.031000000000000028,-0.052999999999999936,0
2021,Virginia Tech,Notre Dame,29,32,0,37.0,207.6625,13.25,257.5475,0.565,0.528,0.366,0.458,-23.75,-49.88500000000002,0.19899999999999995,0.07,0
2021,Kentucky,LSU,42,21,0,31.0,212.0,7.75,281.66,0.386,0.423,0.602,0.668,-23.25,-69.66000000000003,-0.21599999999999997,-0.24500000000000005,1
2021,Nebraska,Michigan,29,32,0,21.0,234.4125,12.25,265.02,0.611,0.499,0.536,0.531,-8.75,-30.607499999999987,0.07499999999999996,-0.03200000000000003,0
2021,Texas A&M,Alabama,41,38,0,10.0,268.6825,2.25,310.4375,0.624,0.593,0.192,0.26,-7.75,-41.754999999999995,0.432,0.33299999999999996,1
2021,USC,Utah,26,42,0,20.75,253.205,34.25,206.165,0.709,0.653,0.368,0.268,13.5,47.04000000000002,0.34099999999999997,0.385,0
2021,Syracuse,Clemson,14,17,0,54.75,181.9425,9.0,276.96500000000003,0.852,0.644,0.261,0.351,-45.75,-95.02250000000004,0.591,0.29300000000000004,0
2021,Arkansas,Auburn,23,38,0,32.25,213.54500000000002,9.75,266.3075,0.505,0.423,0.605,0.714,-22.5,-52.76249999999999,-0.09999999999999998,-0.291,0
2021,Indiana,Michigan State,15,20,0,51.5,184.695,35.5,206.0975,0.878,0.678,0.571,0.671,-16.0,-21.402500000000003,0.30700000000000005,0.007000000000000006,0
2021,LSU,Florida,49,42,0,7.75,281.66,10.5,265.1575,0.602,0.668,0.27,0.41,2.75,16.502499999999998,0.33199999999999996,0.25800000000000006,1
2021,Northwestern,Rutgers,21,7,0,51.75,185.26999999999998,56.5,179.44,0.14,0.179,0.922,0.846,4.75,5.829999999999984,-0.782,-0.667,1
2021,Missouri,Texas A&M,14,35,0,43.25,192.5175,10.0,268.6825,0.742,0.673,0.624,0.593,-33.25,-76.16499999999999,0.118,0.08000000000000007,0
2021,Minnesota,Nebraska,30,23,0,45.0,192.9775,21.0,234.4125,0.811,0.893,0.611,0.499,-24.0,-41.435,0.20000000000000007,0.394,1
2021,Cincinnati,UCF,56,21,0,57.5,178.39,61.75,174.51250000000002,0.855,0.735,0.626,0.583,4.25,3.8774999999999693,0.22899999999999998,0.15200000000000002,1
2021,Texas,Oklahoma State,24,32,0,10.0,269.11,38.75,199.6375,0.442,0.392,0.511,0.679,28.75,69.47250000000003,-0.069,-0.28700000000000003,0
2021,Virginia,Duke,48,0,0,51.0,184.39,55.0,181.10250000000002,0.804,0.914,0.682,0.379,4.0,3.287499999999966,0.122,0.535,1
2021,Iowa,Purdue,7,24,0,39.0,199.4875,45.5,195.07500000000002,0.624,0.765,0.904,0.895,6.5,4.412499999999994,-0.28,-0.13,0
2021,North Carolina,Miami,45,42,0,24.5,226.325,15.0,252.07999999999998,0.505,0.541,0.835,0.882,-9.5,-25.754999999999995,-0.32999999999999996,-0.34099999999999997,1
2021,Virginia Tech,Pittsburgh,7,28,0,37.0,207.6625,46.5,192.3725,0.565,0.528,0.854,0.935,9.5,15.289999999999992,-0.28900000000000003,-0.40700000000000003,0
2021,Georgia,Kentucky,30,13,0,1.75,311.8425,31.0,212.0,0.97,0.923,0.386,0.423,29.25,99.84249999999997,0.584,0.5,1
2021,Baylor,BYU,38,24,0,39.5,198.2225,75.75,161.14,0.619,0.45,0.48,0.557,36.25,37.08250000000001,0.139,-0.10700000000000004,1
2021,South Carolina,Vanderbilt,21,20,0,18.5,241.75,53.5,183.52249999999998,0.66,0.518,0.828,0.568,35.0,58.22750000000002,-0.16799999999999993,-0.04999999999999993,1
2021,Kansas,Texas Tech,14,41,0,64.5,170.6875,57.75,178.45,0.84,0.841,0.629,0.679,-6.75,-7.762499999999989,0.21099999999999997,0.16199999999999992,0
2021,Mississippi State,Alabama,9,49,0,25.5,223.88250000000002,2.25,310.4375,0.668,0.622,0.192,0.26,-23.25,-86.55499999999998,0.47600000000000003,0.362,0
2021,Kansas State,Iowa State,20,33,0,60.0,176.22,49.75,187.21749999999997,0.91,0.785,0.929,0.895,-10.25,-10.997499999999974,-0.019000000000000017,-0.10999999999999999,0
2021,Oklahoma,TCU,52,31,0,8.5,271.5725,28.5,215.165,0.711,0.588,0.66,0.732,20.0,56.4075,0.050999999999999934,-0.14400000000000002,1
2021,Tennessee,Ole Miss,26,31,0,15.25,249.78,29.75,215.32500000000002,0.31,0.273,0.77,0.866,14.5,34.454999999999984,-0.46,-0.593,0
2021,Boston College,NC State,7,33,0,66.0,170.675,37.75,203.275,0.876,0.801,0.656,0.689,-28.25,-32.599999999999994,0.21999999999999997,0.1120000000000001,0
2021,Washington,UCLA,17,24,0,17.25,247.3775,27.75,218.7325,0.83,0.916,0.853,0.757,10.5,28.64500000000001,-0.02300000000000002,0.15900000000000003,0
2021,Texas Tech,Kansas State,24,25,0,57.75,178.45,60.0,176.22,0.629,0.679,0.91,0.785,2.25,2.2299999999999898,-0.281,-0.10599999999999998,0
2021,Kansas,Oklahoma,23,35,0,64.5,170.6875,8.5,271.5725,0.84,0.841,0.711,0.588,-56.0,-100.88499999999999,0.129,0.253,0
2021,Michigan,Northwestern,33,7,0,12.25,265.02,51.75,185.26999999999998,0.536,0.531,0.14,0.179,39.5,79.75,0.396,0.35200000000000004,1
2021,Penn State,Illinois,18,20,0,12.0,263.27750000000003,60.0,177.085,0.843,0.808,0.868,0.896,48.0,86.19250000000002,-0.025000000000000022,-0.08799999999999997,0
2021,Virginia Tech,Syracuse,36,41,0,37.0,207.6625,54.75,181.9425,0.565,0.528,0.852,0.644,17.75,25.72,-0.28700000000000003,-0.11599999999999999,0
2021,Purdue,Wisconsin,13,30,0,45.5,195.07500000000002,34.5,208.48999999999998,0.904,0.895,0.808,0.665,-11.0,-13.414999999999964,0.09599999999999997,0.22999999999999998,0
2021,UCLA,Oregon,31,34,0,27.75,218.7325,12.75,256.9325,0.853,0.757,0.522,0.54,-15.0,-38.20000000000002,0.33099999999999996,0.21699999999999997,0
2021,Iowa State,Oklahoma State,24,21,0,49.75,187.21749999999997,38.75,199.6375,0.929,0.895,0.511,0.679,-11.0,-12.420000000000016,0.41800000000000004,0.21599999999999997,1
2021,Minnesota,Maryland,34,16,0,45.0,192.9775,31.0,212.59,0.811,0.893,0.654,0.675,-14.0,-19.61250000000001,0.15700000000000003,0.21799999999999997,1
2021,Pittsburgh,Clemson,27,17,0,46.5,192.3725,9.0,276.96500000000003,0.854,0.935,0.261,0.351,-37.5,-84.59250000000003,0.593,0.5840000000000001,1
2021,Ole Miss,LSU,31,17,0,29.75,215.32500000000002,7.75,281.66,0.77,0.866,0.602,0.668,-22.0,-66.33500000000001,0.16800000000000004,0.19799999999999995,1
2021,Louisville,Boston College,28,14,0,43.75,194.78,66.0,170.675,0.638,0.695,0.876,0.801,22.25,24.10499999999999,-0.238,-0.1060000000000001,1
2021,Vanderbilt,Mississippi State,6,45,0,53.5,183.52249999999998,25.5,223.88250000000002,0.828,0.568,0.668,0.622,-28.0,-40.36000000000004,0.15999999999999992,-0.05400000000000005,0
2021,Alabama,Tennessee,52,24,0,2.25,310.4375,15.25,249.78,0.192,0.26,0.31,0.273,13.0,60.6575,-0.118,-0.013000000000000012,1
2021,Indiana,Ohio State,7,54,0,51.5,184.695,5.75,296.365,0.878,0.678,0.47,0.401,-45.75,-111.67000000000002,0.40800000000000003,0.277,0
2021,Virginia,Georgia Tech,48,40,0,51.0,184.39,42.25,198.0875,0.804,0.914,0.829,0.901,-8.75,-13.69750000000002,-0.02499999999999991,0.013000000000000012,1
2021,Miami,NC State,31,30,0,15.0,252.07999999999998,37.75,203.275,0.835,0.882,0.656,0.689,22.75,48.80499999999998,0.17899999999999994,0.19300000000000006,1
2021,Notre Dame,USC,31,16,0,13.25,257.5475,20.75,253.205,0.366,0.458,0.709,0.653,7.5,4.342500000000001,-0.34299999999999997,-0.195,1
2021,Texas A&M,South Carolina,44,14,0,10.0,268.6825,18.5,241.75,0.624,0.593,0.66,0.518,8.5,26.932500000000005,-0.03600000000000003,0.07499999999999996,1
2021,TCU,West Virginia,17,29,0,28.5,215.165,44.25,193.65000000000003,0.66,0.732,0.869,0.825,15.75,21.514999999999958,-0.20899999999999996,-0.09299999999999997,0
2021,Baylor,Texas,31,24,0,39.5,198.2225,10.0,269.11,0.619,0.45,0.442,0.392,-29.5,-70.88750000000002,0.177,0.057999999999999996,1
2021,Wisconsin,Iowa,27,7,0,34.5,208.48999999999998,39.0,199.4875,0.808,0.665,0.624,0.765,4.5,9.00249999999997,0.18400000000000005,-0.09999999999999998,1
2021,Michigan State,Michigan,37,33,0,35.5,206.0975,12.25,265.02,0.571,0.671,0.536,0.531,-23.25,-58.922499999999985,0.03499999999999992,0.14,1
2021,Georgia Tech,Virginia Tech,17,26,0,42.25,198.0875,37.0,207.6625,0.829,0.901,0.565,0.528,-5.25,-9.574999999999989,0.264,0.373,0
2021,Illinois,Rutgers,14,20,0,60.0,177.085,56.5,179.44,0.868,0.896,0.922,0.846,-3.5,-2.3549999999999898,-0.05400000000000005,0.050000000000000044,0
2021,Maryland,Indiana,38,35,0,31.0,212.59,51.5,184.695,0.654,0.675,0.878,0.678,20.5,27.89500000000001,-0.22399999999999998,-0.0030000000000000027,1
2021,Pittsburgh,Miami,34,38,0,46.5,192.3725,15.0,252.07999999999998,0.854,0.935,0.835,0.882,-31.5,-59.70749999999998,0.019000000000000017,0.05300000000000005,0
2021,West Virginia,Iowa State,38,31,0,44.25,193.65000000000003,49.75,187.21749999999997,0.869,0.825,0.929,0.895,5.5,6.432500000000061,-0.06000000000000005,-0.07000000000000006,1
2021,Vanderbilt,Missouri,28,37,0,53.5,183.52249999999998,43.25,192.5175,0.828,0.568,0.742,0.673,-10.25,-8.995000000000033,0.08599999999999997,-0.1050000000000001,0
2021,Northwestern,Minnesota,14,41,0,51.75,185.26999999999998,45.0,192.9775,0.14,0.179,0.811,0.893,-6.75,-7.70750000000001,-0.671,-0.714,0
2021,Oklahoma,Texas Tech,52,21,0,8.5,271.5725,57.75,178.45,0.711,0.588,0.629,0.679,49.25,93.1225,0.08199999999999996,-0.09100000000000008,1
2021,Syracuse,Boston College,21,6,0,54.75,181.9425,66.0,170.675,0.852,0.644,0.876,0.801,11.25,11.267499999999984,-0.02400000000000002,-0.15700000000000003,1
2021,Nebraska,Purdue,23,28,0,21.0,234.4125,45.5,195.07500000000002,0.611,0.499,0.904,0.895,24.5,39.33749999999998,-0.29300000000000004,-0.396,0
2021,Clemson,Florida State,30,20,0,9.0,276.96500000000003,14.5,260.255,0.261,0.351,0.85,0.735,5.5,16.710000000000036,-0.589,-0.384,1
2021,Kansas State,TCU,31,12,0,60.0,176.22,28.5,215.165,0.91,0.785,0.66,0.732,-31.5,-38.94499999999999,0.25,0.05300000000000005,1
2021,Florida,Georgia,7,34,1,10.5,265.1575,1.75,311.8425,0.27,0.41,0.97,0.923,-8.75,-46.684999999999945,-0.7,-0.5130000000000001,0
2021,Oregon,Colorado,52,29,0,12.75,256.9325,42.0,197.1525,0.522,0.54,0.758,0.547,29.25,59.78,-0.236,-0.007000000000000006,1
2021,Wake Forest,Duke,45,7,0,62.25,173.595,55.0,181.10250000000002,0.919,0.853,0.682,0.379,-7.25,-7.507500000000022,0.237,0.474,1
2021,Oklahoma State,Kansas,55,3,0,38.75,199.6375,64.5,170.6875,0.511,0.679,0.84,0.841,25.75,28.94999999999999,-0.32899999999999996,-0.16199999999999992,1
2021,Auburn,Ole Miss,31,20,0,9.75,266.3075,29.75,215.32500000000002,0.605,0.714,0.77,0.866,20.0,50.98249999999999,-0.16500000000000004,-0.15200000000000002,1
2021,Mississippi State,Kentucky,31,17,0,25.5,223.88250000000002,31.0,212.0,0.668,0.622,0.386,0.423,5.5,11.882500000000022,0.28200000000000003,0.199,1
2021,Notre Dame,North Carolina,44,34,0,13.25,257.5475,24.5,226.325,0.366,0.458,0.505,0.541,11.25,31.222500000000025,-0.139,-0.08300000000000002,1
2021,Ohio State,Penn State,33,24,0,5.75,296.365,12.0,263.27750000000003,0.47,0.401,0.843,0.808,6.25,33.08749999999998,-0.373,-0.40700000000000003,1
2021,NC State,Louisville,28,13,0,37.75,203.275,43.75,194.78,0.656,0.689,0.638,0.695,6.0,8.495000000000005,0.018000000000000016,-0.006000000000000005,1
2021,Utah,UCLA,44,24,0,34.25,206.165,27.75,218.7325,0.368,0.268,0.853,0.757,-6.5,-12.567499999999995,-0.485,-0.489,1
2021,BYU,Virginia,66,49,0,75.75,161.14,51.0,184.39,0.48,0.557,0.804,0.914,-24.75,-23.25,-0.32400000000000007,-0.357,1
2021,Stanford,Washington,13,20,0,24.0,232.57,17.25,247.3775,0.403,0.489,0.83,0.916,-6.75,-14.807500000000005,-0.42699999999999994,-0.42700000000000005,0
2021,Boston College,Virginia Tech,17,3,0,66.0,170.675,37.0,207.6625,0.876,0.801,0.565,0.528,-29.0,-36.98749999999998,0.31100000000000005,0.273,1
2021,Stanford,Utah,7,52,0,24.0,232.57,34.25,206.165,0.403,0.489,0.368,0.268,10.25,26.405,0.03500000000000003,0.22099999999999997,0
2021,Kansas,Kansas State,10,35,0,64.5,170.6875,60.0,176.22,0.84,0.841,0.91,0.785,-4.5,-5.532499999999999,-0.07000000000000006,0.05599999999999994,0
2021,Georgia,Missouri,43,6,0,1.75,311.8425,43.25,192.5175,0.97,0.923,0.742,0.673,41.5,119.32499999999996,0.22799999999999998,0.25,1
2021,Duke,Pittsburgh,29,54,0,55.0,181.10250000000002,46.5,192.3725,0.682,0.379,0.854,0.935,-8.5,-11.269999999999982,-0.17199999999999993,-0.556,0
2021,Nebraska,Ohio State,17,26,0,21.0,234.4125,5.75,296.365,0.611,0.499,0.47,0.401,-15.25,-61.952500000000015,0.14100000000000001,0.09799999999999998,0
2021,North Carolina,Wake Forest,58,55,0,24.5,226.325,62.25,173.595,0.505,0.541,0.919,0.853,37.75,52.72999999999999,-0.41400000000000003,-0.31199999999999994,1
2021,Minnesota,Illinois,6,14,0,45.0,192.9775,60.0,177.085,0.811,0.893,0.868,0.896,15.0,15.892499999999984,-0.05699999999999994,-0.0030000000000000027,0
2021,Miami,Georgia Tech,33,30,0,15.0,252.07999999999998,42.25,198.0875,0.835,0.882,0.829,0.901,27.25,53.99249999999998,0.006000000000000005,-0.019000000000000017,1
2021,West Virginia,Oklahoma State,3,24,0,44.25,193.65000000000003,38.75,199.6375,0.869,0.825,0.511,0.679,-5.5,-5.9874999999999545,0.358,0.1459999999999999,0
2021,Maryland,Penn State,14,31,0,31.0,212.59,12.0,263.27750000000003,0.654,0.675,0.843,0.808,-19.0,-50.68750000000003,-0.18899999999999995,-0.133,0
2021,TCU,Baylor,30,28,0,28.5,215.165,39.5,198.2225,0.66,0.732,0.619,0.45,11.0,16.942499999999995,0.041000000000000036,0.282,1
2021,Purdue,Michigan State,40,29,0,45.5,195.07500000000002,35.5,206.0975,0.904,0.895,0.571,0.671,-10.0,-11.02249999999998,0.3330000000000001,0.22399999999999998,1
2021,Texas A&M,Auburn,20,3,0,10.0,268.6825,9.75,266.3075,0.624,0.593,0.605,0.714,-0.25,2.375,0.019000000000000017,-0.121,1
2021,Rutgers,Wisconsin,3,52,0,56.5,179.44,34.5,208.48999999999998,0.922,0.846,0.808,0.665,-22.0,-29.049999999999983,0.11399999999999999,0.18099999999999994,0
2021,Arkansas,Mississippi State,31,28,0,32.25,213.54500000000002,25.5,223.88250000000002,0.505,0.423,0.668,0.622,-6.75,-10.337500000000006,-0.16300000000000003,-0.199,1
2021,Florida State,NC State,14,28,0,14.5,260.255,37.75,203.275,0.85,0.735,0.656,0.689,23.25,56.97999999999999,0.19399999999999995,0.04600000000000004,0
2021,Northwestern,Iowa,12,17,0,51.75,185.26999999999998,39.0,199.4875,0.14,0.179,0.624,0.765,-12.75,-14.21750000000003,-0.484,-0.5860000000000001,0
2021,Kentucky,Tennessee,42,45,0,31.0,212.0,15.25,249.78,0.386,0.423,0.31,0.273,-15.75,-37.78,0.07600000000000001,0.14999999999999997,0
2021,Alabama,LSU,20,14,0,2.25,310.4375,7.75,281.66,0.192,0.26,0.602,0.668,5.5,28.777499999999975,-0.41,-0.40800000000000003,1
2021,Michigan,Indiana,29,7,0,12.25,265.02,51.5,184.695,0.536,0.531,0.878,0.678,39.25,80.32499999999999,-0.34199999999999997,-0.14700000000000002,1
2021,South Carolina,Florida,40,17,0,18.5,241.75,10.5,265.1575,0.66,0.518,0.27,0.41,-8.0,-23.407500000000027,0.39,0.10800000000000004,1
2021,Iowa State,Texas,30,7,0,49.75,187.21749999999997,10.0,269.11,0.929,0.895,0.442,0.392,-39.75,-81.89250000000004,0.48700000000000004,0.503,1
2021,Louisville,Clemson,24,30,0,43.75,194.78,9.0,276.96500000000003,0.638,0.695,0.261,0.351,-34.75,-82.18500000000003,0.377,0.344,0
2021,Washington,Oregon,16,26,0,17.25,247.3775,12.75,256.9325,0.83,0.916,0.522,0.54,-4.5,-9.555000000000007,0.30799999999999994,0.376,0
2021,Pittsburgh,North Carolina,30,23,0,46.5,192.3725,24.5,226.325,0.854,0.935,0.505,0.541,-22.0,-33.952499999999986,0.349,0.394,1
2021,Kansas State,West Virginia,34,17,0,60.0,176.22,44.25,193.65000000000003,0.91,0.785,0.869,0.825,-15.75,-17.430000000000035,0.041000000000000036,-0.039999999999999925,1
2021,Auburn,Mississippi State,34,43,0,9.75,266.3075,25.5,223.88250000000002,0.605,0.714,0.668,0.622,15.75,42.42499999999998,-0.06300000000000006,0.09199999999999997,0
2021,Baylor,Oklahoma,27,14,0,39.5,198.2225,8.5,271.5725,0.619,0.45,0.711,0.588,-31.0,-73.35,-0.09199999999999997,-0.13799999999999996,1
2021,Louisville,Syracuse,41,3,0,43.75,194.78,54.75,181.9425,0.638,0.695,0.852,0.644,11.0,12.837500000000006,-0.21399999999999997,0.050999999999999934,1
2021,Indiana,Rutgers,3,38,0,51.5,184.695,56.5,179.44,0.878,0.678,0.922,0.846,5.0,5.2549999999999955,-0.04400000000000004,-0.16799999999999993,0
2021,Penn State,Michigan,17,21,0,12.0,263.27750000000003,12.25,265.02,0.843,0.808,0.536,0.531,0.25,-1.74249999999995,0.30699999999999994,0.277,0
2021,Wisconsin,Northwestern,35,7,0,34.5,208.48999999999998,51.75,185.26999999999998,0.808,0.665,0.14,0.179,17.25,23.22,0.668,0.48600000000000004,1
2021,Texas Tech,Iowa State,41,38,0,57.75,178.45,49.75,187.21749999999997,0.629,0.679,0.929,0.895,-8.0,-8.767499999999984,-0.30000000000000004,-0.21599999999999997,1
2021,Tennessee,Georgia,17,41,0,15.25,249.78,1.75,311.8425,0.31,0.273,0.97,0.923,-13.5,-62.06249999999997,-0.6599999999999999,-0.65,0
2021,Iowa,Minnesota,27,22,0,39.0,199.4875,45.0,192.9775,0.624,0.765,0.811,0.893,6.0,6.510000000000019,-0.18700000000000006,-0.128,1
2021,Georgia Tech,Boston College,30,41,0,42.25,198.0875,66.0,170.675,0.829,0.901,0.876,0.801,23.75,27.412499999999994,-0.04700000000000004,0.09999999999999998,0
2021,Virginia Tech,Duke,48,17,0,37.0,207.6625,55.0,181.10250000000002,0.565,0.528,0.682,0.379,18.0,26.559999999999974,-0.1170000000000001,0.14900000000000002,1
2021,Florida State,Miami,31,28,0,14.5,260.255,15.0,252.07999999999998,0.85,0.735,0.835,0.882,0.5,8.175000000000011,0.015000000000000013,-0.14700000000000002,1
2021,Ohio State,Purdue,59,31,0,5.75,296.365,45.5,195.07500000000002,0.47,0.401,0.904,0.895,39.75,101.28999999999999,-0.43400000000000005,-0.494,1
2021,Michigan State,Maryland,40,21,0,35.5,206.0975,31.0,212.59,0.571,0.671,0.654,0.675,-4.5,-6.492500000000007,-0.08300000000000007,-0.0040000000000000036,1
2021,Missouri,South Carolina,31,28,0,43.25,192.5175,18.5,241.75,0.742,0.673,0.66,0.518,-24.75,-49.23249999999999,0.08199999999999996,0.15500000000000003,1
2021,Ole Miss,Texas A&M,29,19,0,29.75,215.32500000000002,10.0,268.6825,0.77,0.866,0.624,0.593,-19.75,-53.35749999999999,0.14600000000000002,0.273,1
2021,Vanderbilt,Kentucky,17,34,0,53.5,183.52249999999998,31.0,212.0,0.828,0.568,0.386,0.423,-22.5,-28.47750000000002,0.44199999999999995,0.14499999999999996,0
2021,Wake Forest,NC State,45,42,0,62.25,173.595,37.75,203.275,0.919,0.853,0.656,0.689,-24.5,-29.680000000000007,0.263,0.16400000000000003,1
2021,Virginia,Notre Dame,3,28,0,51.0,184.39,13.25,257.5475,0.804,0.914,0.366,0.458,-37.75,-73.15750000000003,0.43800000000000006,0.456,0
2021,Texas,Kansas,56,57,0,10.0,269.11,64.5,170.6875,0.442,0.392,0.84,0.841,54.5,98.42250000000001,-0.39799999999999996,-0.44899999999999995,0
2021,LSU,Arkansas,13,16,0,7.75,281.66,32.25,213.54500000000002,0.602,0.668,0.505,0.423,24.5,68.11500000000001,0.09699999999999998,0.24500000000000005,0
2021,Oklahoma State,TCU,63,17,0,38.75,199.6375,28.5,215.165,0.511,0.679,0.66,0.732,-10.25,-15.527500000000003,-0.14900000000000002,-0.052999999999999936,1
2021,UCLA,Colorado,44,20,0,27.75,218.7325,42.0,197.1525,0.853,0.757,0.758,0.547,14.25,21.579999999999984,0.09499999999999997,0.20999999999999996,1
2021,Duke,Louisville,22,62,0,55.0,181.10250000000002,43.75,194.78,0.682,0.379,0.638,0.695,-11.25,-13.67749999999998,0.04400000000000004,-0.31599999999999995,0
2021,West Virginia,Texas,31,23,0,44.25,193.65000000000003,10.0,269.11,0.869,0.825,0.442,0.392,-34.25,-75.45999999999998,0.427,0.43299999999999994,1
2021,Oklahoma,Iowa State,28,21,0,8.5,271.5725,49.75,187.21749999999997,0.711,0.588,0.929,0.895,41.25,84.35500000000002,-0.21800000000000008,-0.30700000000000005,1
2021,Northwestern,Purdue,14,32,1,51.75,185.26999999999998,45.5,195.07500000000002,0.14,0.179,0.904,0.895,-6.25,-9.805000000000035,-0.764,-0.716,0
2021,Clemson,Wake Forest,48,27,0,9.0,276.96500000000003,62.25,173.595,0.261,0.351,0.919,0.853,53.25,103.37000000000003,-0.658,-0.502,1
2021,Penn State,Rutgers,28,0,0,12.0,263.27750000000003,56.5,179.44,0.843,0.808,0.922,0.846,44.5,83.83750000000003,-0.07900000000000007,-0.03799999999999992,1
2021,Ohio State,Michigan State,56,7,0,5.75,296.365,35.5,206.0975,0.47,0.401,0.571,0.671,29.75,90.26750000000001,-0.10099999999999998,-0.27,1
2021,Boston College,Florida State,23,26,0,66.0,170.675,14.5,260.255,0.876,0.801,0.85,0.735,-51.5,-89.57999999999998,0.026000000000000023,0.06600000000000006,0
2021,Iowa,Illinois,33,23,0,39.0,199.4875,60.0,177.085,0.624,0.765,0.868,0.896,21.0,22.402500000000003,-0.244,-0.131,1
2021,Notre Dame,Georgia Tech,55,0,0,13.25,257.5475,42.25,198.0875,0.366,0.458,0.829,0.901,29.0,59.46000000000001,-0.46299999999999997,-0.443,1
2021,Colorado,Washington,20,17,0,42.0,197.1525,17.25,247.3775,0.758,0.547,0.83,0.916,-24.75,-50.224999999999994,-0.07199999999999995,-0.369,1
2021,Indiana,Minnesota,14,35,0,51.5,184.695,45.0,192.9775,0.878,0.678,0.811,0.893,-6.5,-8.282499999999999,0.06699999999999995,-0.21499999999999997,0
2021,Pittsburgh,Virginia,48,38,0,46.5,192.3725,51.0,184.39,0.854,0.935,0.804,0.914,4.5,7.982500000000016,0.04999999999999993,0.02100000000000002,1
2021,Alabama,Arkansas,42,35,0,2.25,310.4375,32.25,213.54500000000002,0.192,0.26,0.505,0.423,30.0,96.89249999999998,-0.313,-0.16299999999999998,1
2021,Wisconsin,Nebraska,35,28,0,34.5,208.48999999999998,21.0,234.4125,0.808,0.665,0.611,0.499,-13.5,-25.922500000000014,0.19700000000000006,0.16600000000000004,1
2021,Maryland,Michigan,18,59,0,31.0,212.59,12.25,265.02,0.654,0.675,0.536,0.531,-18.75,-52.42999999999998,0.118,0.14400000000000002,0
2021,NC State,Syracuse,41,17,0,37.75,203.275,54.75,181.9425,0.656,0.689,0.852,0.644,17.0,21.33250000000001,-0.19599999999999995,0.04499999999999993,1
2021,Missouri,Florida,24,23,0,43.25,192.5175,10.5,265.1575,0.742,0.673,0.27,0.41,-32.75,-72.64000000000001,0.472,0.26300000000000007,1
2021,TCU,Kansas,31,28,0,28.5,215.165,64.5,170.6875,0.66,0.732,0.84,0.841,36.0,44.47749999999999,-0.17999999999999994,-0.10899999999999999,1
2021,USC,UCLA,33,62,0,20.75,253.205,27.75,218.7325,0.709,0.653,0.853,0.757,7.0,34.472500000000025,-0.14400000000000002,-0.10399999999999998,0
2021,Kansas State,Baylor,10,20,0,60.0,176.22,39.5,198.2225,0.91,0.785,0.619,0.45,-20.5,-22.002499999999998,0.29100000000000004,0.335,0
2021,South Carolina,Auburn,21,17,0,18.5,241.75,9.75,266.3075,0.66,0.518,0.605,0.714,-8.75,-24.557500000000005,0.05500000000000005,-0.19599999999999995,1
2021,Utah,Oregon,38,7,0,34.25,206.165,12.75,256.9325,0.368,0.268,0.522,0.54,-21.5,-50.76750000000001,-0.15400000000000003,-0.272,1
2021,Ole Miss,Vanderbilt,31,17,0,29.75,215.32500000000002,53.5,183.52249999999998,0.77,0.866,0.828,0.568,23.75,31.802500000000038,-0.05799999999999994,0.29800000000000004,1
2021,Miami,Virginia Tech,38,26,0,15.0,252.07999999999998,37.0,207.6625,0.835,0.882,0.565,0.528,22.0,44.41749999999999,0.27,0.354,1
2021,Texas Tech,Oklahoma State,0,23,0,57.75,178.45,38.75,199.6375,0.629,0.679,0.511,0.679,-19.0,-21.1875,0.118,0.0,0
2021,Mississippi State,Ole Miss,21,31,0,25.5,223.88250000000002,29.75,215.32500000000002,0.668,0.622,0.77,0.866,4.25,8.557500000000005,-0.10199999999999998,-0.244,0
2021,Texas,Kansas State,22,17,0,10.0,269.11,60.0,176.22,0.442,0.392,0.91,0.785,50.0,92.89000000000001,-0.468,-0.393,1
2021,Nebraska,Iowa,21,28,0,21.0,234.4125,39.0,199.4875,0.611,0.499,0.624,0.765,18.0,34.92499999999998,-0.013000000000000012,-0.266,0
2021,Arkansas,Missouri,34,17,0,32.25,213.54500000000002,43.25,192.5175,0.505,0.423,0.742,0.673,11.0,21.027500000000003,-0.237,-0.25000000000000006,1
2021,Utah,Colorado,28,13,0,34.25,206.165,42.0,197.1525,0.368,0.268,0.758,0.547,7.75,9.012499999999989,-0.39,-0.279,1
2021,Iowa State,TCU,48,14,0,49.75,187.21749999999997,28.5,215.165,0.929,0.895,0.66,0.732,-21.25,-27.94750000000002,0.269,0.16300000000000003,1
2021,NC State,North Carolina,34,30,0,37.75,203.275,24.5,226.325,0.656,0.689,0.505,0.541,-13.25,-23.049999999999983,0.15100000000000002,0.1479999999999999,1
2021,Baylor,Texas Tech,27,24,0,39.5,198.2225,57.75,178.45,0.619,0.45,0.629,0.679,18.25,19.772500000000008,-0.010000000000000009,-0.22900000000000004,1
2021,Georgia Tech,Georgia,0,45,0,42.25,198.0875,1.75,311.8425,0.829,0.901,0.97,0.923,-40.5,-113.75499999999997,-0.14100000000000001,-0.02200000000000002,0
2021,Florida,Florida State,24,21,0,10.5,265.1575,14.5,260.255,0.27,0.41,0.85,0.735,4.0,4.902500000000032,-0.58,-0.325,1
2021,Rutgers,Maryland,16,40,0,56.5,179.44,31.0,212.59,0.922,0.846,0.654,0.675,-25.5,-33.150000000000006,0.268,0.17099999999999993,0
2021,Michigan,Ohio State,42,27,0,12.25,265.02,5.75,296.365,0.536,0.531,0.47,0.401,-6.5,-31.345000000000027,0.06600000000000006,0.13,1
2021,Boston College,Wake Forest,10,41,0,66.0,170.675,62.25,173.595,0.876,0.801,0.919,0.853,-3.75,-2.9199999999999875,-0.04300000000000004,-0.051999999999999935,0
2021,Duke,Miami,10,47,0,55.0,181.10250000000002,15.0,252.07999999999998,0.682,0.379,0.835,0.882,-40.0,-70.97749999999996,-0.1529999999999999,-0.503,0
2021,Auburn,Alabama,22,24,0,9.75,266.3075,2.25,310.4375,0.605,0.714,0.192,0.26,-7.5,-44.129999999999995,0.413,0.45399999999999996,0
2021,Purdue,Indiana,44,7,0,45.5,195.07500000000002,51.5,184.695,0.904,0.895,0.878,0.678,6.0,10.380000000000024,0.026000000000000023,0.21699999999999997,1
2021,Illinois,Northwestern,47,14,0,60.0,177.085,51.75,185.26999999999998,0.868,0.896,0.14,0.179,-8.25,-8.184999999999974,0.728,0.7170000000000001,1
2021,Michigan State,Penn State,30,27,0,35.5,206.0975,12.0,263.27750000000003,0.571,0.671,0.843,0.808,-23.5,-57.180000000000035,-0.272,-0.137,1
2021,Tennessee,Vanderbilt,45,21,0,15.25,249.78,53.5,183.52249999999998,0.31,0.273,0.828,0.568,38.25,66.25750000000002,-0.518,-0.29499999999999993,1
2021,Virginia,Virginia Tech,24,29,0,51.0,184.39,37.0,207.6625,0.804,0.914,0.565,0.528,-14.0,-23.272500000000008,0.2390000000000001,0.386,0
2021,Minnesota,Wisconsin,23,13,0,45.0,192.9775,34.5,208.48999999999998,0.811,0.893,0.808,0.665,-10.5,-15.512499999999989,0.0030000000000000027,0.22799999999999998,1
2021,LSU,Texas A&M,27,24,0,7.75,281.66,10.0,268.6825,0.602,0.668,0.624,0.593,2.25,12.97750000000002,-0.02200000000000002,0.07500000000000007,1
2021,Kansas,West Virginia,28,34,0,64.5,170.6875,44.25,193.65000000000003,0.84,0.841,0.869,0.825,-20.25,-22.962500000000034,-0.029000000000000026,0.016000000000000014,0
2021,South Carolina,Clemson,0,30,0,18.5,241.75,9.0,276.96500000000003,0.66,0.518,0.261,0.351,-9.5,-35.21500000000003,0.399,0.16700000000000004,0
2021,Syracuse,Pittsburgh,14,31,0,54.75,181.9425,46.5,192.3725,0.852,0.644,0.854,0.935,-8.25,-10.430000000000007,-0.0020000000000000018,-0.29100000000000004,0
2021,Louisville,Kentucky,21,52,0,43.75,194.78,31.0,212.0,0.638,0.695,0.386,0.423,-12.75,-17.22,0.252,0.27199999999999996,0
2021,Oklahoma State,Oklahoma,37,33,0,38.75,199.6375,8.5,271.5725,0.511,0.679,0.711,0.588,-30.25,-71.935,-0.19999999999999996,0.09100000000000008,1
2021,Stanford,Notre Dame,14,45,0,24.0,232.57,13.25,257.5475,0.403,0.489,0.366,0.458,-10.75,-24.97750000000002,0.03700000000000003,0.030999999999999972,0
2021,USC,BYU,31,35,0,20.75,253.205,75.75,161.14,0.709,0.653,0.48,0.557,55.0,92.06500000000003,0.22899999999999998,0.09599999999999997,0
2021,Utah,Oregon,38,10,1,34.25,206.165,12.75,256.9325,0.368,0.268,0.522,0.54,-21.5,-50.76750000000001,-0.15400000000000003,-0.272,1
2021,Oklahoma State,Baylor,16,21,1,38.75,199.6375,39.5,198.2225,0.511,0.679,0.619,0.45,0.75,1.414999999999992,-0.10799999999999998,0.22900000000000004,0
2021,Alabama,Georgia,41,24,1,2.25,310.4375,1.75,311.8425,0.192,0.26,0.97,0.923,-0.5,-1.4049999999999727,-0.778,-0.663,1
2021,Cincinnati,Houston,35,20,0,57.5,178.39,74.0,161.9775,0.855,0.735,0.668,0.723,16.5,16.412499999999994,0.18699999999999994,0.01200000000000001,1
2021,Wake Forest,Pittsburgh,21,45,1,62.25,173.595,46.5,192.3725,0.919,0.853,0.854,0.935,-15.75,-18.777500000000003,0.06500000000000006,-0.08200000000000007,0
2021,Iowa,Michigan,3,42,1,39.0,199.4875,12.25,265.02,0.624,0.765,0.536,0.531,-26.75,-65.53249999999997,0.08799999999999997,0.23399999999999999,0
2022,Northwestern,Nebraska,31,28,1,51.75,185.8275,20.25,232.45499999999998,0.367,0.411,0.167,0.227,-31.5,-46.6275,0.19999999999999998,0.18399999999999997,1
2022,Pittsburgh,West Virginia,38,31,0,43.75,194.45499999999998,40.0,198.7475,0.288,0.387,0.186,0.219,-3.75,-4.292500000000018,0.10199999999999998,0.168,1
2022,Purdue,Penn State,31,35,0,45.5,195.28250000000003,13.5,257.26750000000004,0.601,0.603,0.761,0.692,-32.0,-61.985000000000014,-0.16000000000000003,-0.08899999999999997,0
2022,Indiana,Illinois,23,20,0,49.5,187.14249999999998,66.75,170.555,0.245,0.377,0.55,0.694,17.25,16.587499999999977,-0.30500000000000005,-0.31699999999999995,1
2022,Colorado,TCU,13,38,0,49.5,187.98499999999999,36.75,205.615,0.694,0.717,0.847,0.826,-12.75,-17.630000000000024,-0.15300000000000002,-0.10899999999999999,0
2022,Boston College,Rutgers,21,22,0,58.25,180.4375,56.25,180.105,0.636,0.597,0.646,0.709,-2.0,0.33250000000001023,-0.010000000000000009,-0.11199999999999999,0
2022,Arkansas,Cincinnati,31,24,0,31.5,213.6575,52.25,184.105,0.681,0.744,0.272,0.241,20.75,29.55250000000001,0.40900000000000003,0.503,1
2022,Georgia,Oregon,49,3,1,1.75,310.08,9.5,271.26750000000004,0.683,0.63,0.163,0.169,7.75,38.81249999999994,0.52,0.46099999999999997,1
2022,Florida,Utah,29,26,0,11.0,267.755,34.25,205.52749999999997,0.31,0.302,0.848,0.825,23.25,62.22750000000002,-0.538,-0.5229999999999999,1
2022,Ohio State,Notre Dame,21,10,0,5.75,295.7025,13.0,262.005,0.747,0.743,0.418,0.402,7.25,33.69749999999999,0.329,0.34099999999999997,1
2022,Syracuse,Louisville,31,7,0,55.5,181.04749999999999,44.75,192.99500000000003,0.677,0.766,0.641,0.653,-10.75,-11.947500000000048,0.03600000000000003,0.11299999999999999,1
2022,Florida State,LSU,24,23,1,18.5,240.77750000000003,7.0,282.5875,0.738,0.598,0.484,0.287,-11.5,-41.809999999999945,0.254,0.311,1
2022,Georgia Tech,Clemson,10,41,1,42.0,198.6925,6.25,290.0375,0.629,0.407,0.458,0.621,-35.75,-91.34500000000003,0.17099999999999999,-0.21400000000000002,0
2022,UCF,Louisville,14,20,0,61.75,174.34999999999997,44.75,192.99500000000003,0.637,0.799,0.641,0.653,-17.0,-18.645000000000067,-0.0040000000000000036,0.14600000000000002,0
2022,Northwestern,Duke,23,31,0,51.75,185.8275,57.75,179.0275,0.367,0.411,0.376,0.329,6.0,6.799999999999983,-0.009000000000000008,0.08199999999999996,0
2022,Texas,Alabama,19,20,0,8.0,273.9425,2.25,311.4475,0.565,0.601,0.552,0.586,-5.75,-37.504999999999995,0.0129999999999999,0.015000000000000013,0
2022,Vanderbilt,Wake Forest,25,45,0,49.5,187.7825,61.75,174.53499999999997,0.641,0.83,0.792,0.776,12.25,13.24750000000003,-0.15100000000000002,0.05399999999999994,0
2022,Arkansas,South Carolina,44,30,0,31.5,213.6575,32.25,224.1175,0.681,0.744,0.652,0.548,0.75,-10.460000000000008,0.029000000000000026,0.19599999999999995,1
2022,Kansas State,Missouri,40,12,0,58.75,178.1225,39.25,198.16,0.541,0.585,0.34,0.299,-19.5,-20.037499999999994,0.201,0.286,1
2022,Pittsburgh,Tennessee,27,34,0,43.75,194.45499999999998,15.0,250.57750000000001,0.288,0.387,0.763,0.806,-28.75,-56.12250000000003,-0.47500000000000003,-0.41900000000000004,0
2022,Texas Tech,Houston,33,30,0,61.5,174.465,77.0,160.26,0.565,0.664,0.77,0.834,15.5,14.205000000000013,-0.20500000000000007,-0.16999999999999993,1
2022,Iowa,Iowa State,7,10,0,34.5,205.1,51.5,185.98000000000002,0.919,0.648,0.31,0.222,17.0,19.119999999999976,0.609,0.42600000000000005,0
2022,Illinois,Virginia,24,3,0,66.75,170.555,44.25,192.5975,0.55,0.694,0.803,0.814,-22.5,-22.04249999999999,-0.253,-0.12,1
2022,West Virginia,Kansas,42,55,0,40.0,198.7475,59.75,176.63250000000002,0.186,0.219,0.727,0.722,19.75,22.11499999999998,-0.5409999999999999,-0.503,0
2022,Florida,Kentucky,16,26,0,11.0,267.755,31.5,211.3225,0.31,0.302,0.621,0.642,20.5,56.432500000000005,-0.311,-0.34,0
2022,Stanford,USC,28,41,0,33.25,216.7675,21.75,249.11,0.851,0.678,0.218,0.15,-11.5,-32.3425,0.633,0.528,0
2022,Virginia Tech,Boston College,27,10,0,41.75,200.6875,58.25,180.4375,0.234,0.323,0.636,0.597,16.5,20.25,-0.402,-0.27399999999999997,1
2022,BYU,Baylor,26,20,0,77.0,159.24,40.5,197.4275,0.612,0.578,0.209,0.171,-36.5,-38.1875,0.403,0.4069999999999999,1
2022,Louisville,Florida State,31,35,0,44.75,192.99500000000003,18.5,240.77750000000003,0.641,0.653,0.738,0.598,-26.25,-47.7825,-0.09699999999999998,0.05500000000000005,0
2022,Nebraska,Oklahoma,14,49,0,20.25,232.45499999999998,9.25,270.855,0.167,0.227,0.277,0.211,-11.0,-38.400000000000034,-0.11000000000000001,0.016000000000000014,0
2022,South Carolina,Georgia,7,48,0,32.25,224.1175,1.75,310.08,0.652,0.548,0.683,0.63,-30.5,-85.96249999999998,-0.031000000000000028,-0.08199999999999996,0
2022,Syracuse,Purdue,32,29,0,55.5,181.04749999999999,45.5,195.28250000000003,0.677,0.766,0.601,0.603,-10.0,-14.235000000000042,0.07600000000000007,0.16300000000000003,1
2022,Georgia Tech,Ole Miss,0,42,0,42.0,198.6925,26.5,222.0575,0.629,0.407,0.032,0.107,-15.5,-23.36500000000001,0.597,0.3,0
2022,Minnesota,Colorado,49,7,0,39.5,199.9725,49.5,187.98499999999999,0.866,0.674,0.694,0.717,10.0,11.987500000000011,0.17200000000000004,-0.04299999999999993,1
2022,Oregon,BYU,41,20,0,9.5,271.26750000000004,77.0,159.24,0.163,0.169,0.612,0.578,67.5,112.02750000000003,-0.44899999999999995,-0.4089999999999999,1
2022,Auburn,Penn State,12,41,0,15.0,253.735,13.5,257.26750000000004,0.452,0.558,0.761,0.692,-1.5,-3.5325000000000273,-0.309,-0.1339999999999999,0
2022,Houston,Kansas,30,48,0,77.0,160.26,59.75,176.63250000000002,0.77,0.834,0.727,0.722,-17.25,-16.37250000000003,0.04300000000000004,0.11199999999999999,0
2022,LSU,Mississippi State,31,16,0,7.0,282.5875,25.75,221.47750000000002,0.484,0.287,0.415,0.401,18.75,61.10999999999996,0.069,-0.11400000000000005,1
2022,NC State,Texas Tech,27,14,0,33.0,208.765,61.5,174.465,0.695,0.62,0.565,0.664,28.5,34.29999999999998,0.13,-0.04400000000000004,1
2022,Washington,Michigan State,39,28,0,20.5,241.6375,37.25,202.835,0.83,0.735,0.711,0.644,16.75,38.80249999999998,0.119,0.09099999999999997,1
2022,Texas A&M,Miami,17,9,0,8.5,277.875,15.0,255.69249999999997,0.481,0.338,0.678,0.589,6.5,22.182500000000033,-0.19700000000000006,-0.25099999999999995,1
2022,Virginia Tech,West Virginia,10,33,0,41.75,200.6875,40.0,198.7475,0.234,0.323,0.186,0.219,-1.75,1.9399999999999977,0.048000000000000015,0.10400000000000001,0
2022,Syracuse,Virginia,22,20,0,55.5,181.04749999999999,44.25,192.5975,0.677,0.766,0.803,0.814,-11.25,-11.550000000000011,-0.126,-0.04799999999999993,1
2022,Michigan,Maryland,34,27,0,13.5,258.205,31.25,212.62,0.78,0.741,0.711,0.676,17.75,45.58499999999998,0.06900000000000006,0.06499999999999995,1
2022,Auburn,Missouri,17,14,0,15.0,253.735,39.25,198.16,0.452,0.558,0.34,0.299,24.25,55.57500000000002,0.11199999999999999,0.25900000000000006,1
2022,Wake Forest,Clemson,45,51,0,61.75,174.53499999999997,6.25,290.0375,0.792,0.776,0.458,0.621,-55.5,-115.50250000000005,0.334,0.15500000000000003,0
2022,Iowa State,Baylor,24,31,0,51.5,185.98000000000002,40.5,197.4275,0.31,0.222,0.209,0.171,-11.0,-11.447499999999991,0.101,0.05099999999999999,0
2022,Kansas,Duke,35,27,0,59.75,176.63250000000002,57.75,179.0275,0.727,0.722,0.376,0.329,-2.0,-2.394999999999982,0.351,0.39299999999999996,1
2022,Colorado,UCLA,17,45,0,49.5,187.98499999999999,30.0,213.075,0.694,0.717,0.615,0.751,-19.5,-25.090000000000003,0.07899999999999996,-0.03400000000000003,0
2022,Michigan State,Minnesota,7,34,0,37.25,202.835,39.5,199.9725,0.711,0.644,0.866,0.674,2.25,2.8625000000000114,-0.15500000000000003,-0.030000000000000027,0
2022,North Carolina,Notre Dame,32,45,0,20.75,237.85,13.0,262.005,0.447,0.356,0.418,0.402,-7.75,-24.155,0.029000000000000026,-0.04600000000000004,0
2022,Cincinnati,Indiana,45,24,0,52.25,184.105,49.5,187.14249999999998,0.272,0.241,0.245,0.377,-2.75,-3.0374999999999943,0.027000000000000024,-0.136,1
2022,Tennessee,Florida,38,33,0,15.0,250.57750000000001,11.0,267.755,0.763,0.806,0.31,0.302,-4.0,-17.17749999999998,0.453,0.504,1
2022,Texas Tech,Texas,37,34,0,61.5,174.465,8.0,273.9425,0.565,0.664,0.565,0.601,-53.5,-99.47749999999999,0.0,0.06300000000000006,1
2022,UCF,Georgia Tech,27,10,0,61.75,174.34999999999997,42.0,198.6925,0.637,0.799,0.629,0.407,-19.75,-24.34250000000003,0.008000000000000007,0.39200000000000007,1
2022,Rutgers,Iowa,10,27,0,56.25,180.105,34.5,205.1,0.646,0.709,0.919,0.648,-21.75,-24.995000000000005,-0.273,0.06099999999999994,0
2022,Texas A&M,Arkansas,23,21,1,8.5,277.875,31.5,213.6575,0.481,0.338,0.681,0.744,23.0,64.2175,-0.20000000000000007,-0.40599999999999997,1
2022,Ohio State,Wisconsin,52,21,0,5.75,295.7025,28.5,220.2225,0.747,0.743,0.673,0.799,22.75,75.47999999999999,0.07399999999999995,-0.05600000000000005,1
2022,Alabama,Vanderbilt,55,3,0,2.25,311.4475,49.5,187.7825,0.552,0.586,0.641,0.83,47.25,123.66499999999999,-0.08899999999999997,-0.244,1
2022,Oklahoma,Kansas State,34,41,0,9.25,270.855,58.75,178.1225,0.277,0.211,0.541,0.585,49.5,92.73250000000002,-0.264,-0.374,0
2022,Florida State,Boston College,44,14,0,18.5,240.77750000000003,58.25,180.4375,0.738,0.598,0.636,0.597,39.75,60.34000000000003,0.10199999999999998,0.0010000000000000009,1
2022,Washington,Stanford,40,22,0,20.5,241.6375,33.25,216.7675,0.83,0.735,0.851,0.678,12.75,24.869999999999976,-0.02100000000000002,0.05699999999999994,1
2022,UCLA,Washington,40,32,0,30.0,213.075,20.5,241.6375,0.615,0.751,0.83,0.735,-9.5,-28.5625,-0.21499999999999997,0.016000000000000014,1
2022,Iowa,Michigan,14,27,0,34.5,205.1,13.5,258.205,0.919,0.648,0.78,0.741,-21.0,-53.10499999999999,0.139,-0.09299999999999997,0
2022,Boston College,Louisville,34,33,0,58.25,180.4375,44.75,192.99500000000003,0.636,0.597,0.641,0.653,-13.5,-12.557500000000033,-0.0050000000000000044,-0.05600000000000005,1
2022,Wisconsin,Illinois,10,34,0,28.5,220.2225,66.75,170.555,0.673,0.799,0.55,0.694,38.25,49.66749999999999,0.123,0.1050000000000001,0
2022,Kansas State,Texas Tech,37,28,0,58.75,178.1225,61.5,174.465,0.541,0.585,0.565,0.664,2.75,3.657499999999999,-0.02399999999999991,-0.07900000000000007,1
2022,TCU,Oklahoma,55,24,0,36.75,205.615,9.25,270.855,0.847,0.826,0.277,0.211,-27.5,-65.24000000000001,0.57,0.615,1
2022,Minnesota,Purdue,10,20,0,39.5,199.9725,45.5,195.28250000000003,0.866,0.674,0.601,0.603,6.0,4.689999999999969,0.265,0.07100000000000006,0
2022,Ole Miss,Kentucky,22,19,0,26.5,222.0575,31.5,211.3225,0.032,0.107,0.621,0.642,5.0,10.735000000000014,-0.589,-0.535,1
2022,Florida State,Wake Forest,21,31,0,18.5,240.77750000000003,61.75,174.53499999999997,0.738,0.598,0.792,0.776,43.25,66.24250000000006,-0.05400000000000005,-0.17800000000000005,0
2022,North Carolina,Virginia Tech,41,10,0,20.75,237.85,41.75,200.6875,0.447,0.356,0.234,0.323,21.0,37.162499999999994,0.213,0.032999999999999974,1
2022,Penn State,Northwestern,17,7,0,13.5,257.26750000000004,51.75,185.8275,0.761,0.692,0.367,0.411,38.25,71.44000000000005,0.394,0.28099999999999997,1
2022,Maryland,Michigan State,27,13,0,31.25,212.62,37.25,202.835,0.711,0.676,0.711,0.644,6.0,9.784999999999997,0.0,0.03200000000000003,1
2022,Baylor,Oklahoma State,25,36,0,40.5,197.4275,39.0,200.15750000000003,0.209,0.171,0.903,0.66,-1.5,-2.730000000000018,-0.6940000000000001,-0.489,0
2022,Arkansas,Alabama,26,49,0,31.5,213.6575,2.25,311.4475,0.681,0.744,0.552,0.586,-29.25,-97.78999999999999,0.129,0.15800000000000003,0
2022,Ohio State,Rutgers,49,10,0,5.75,295.7025,56.25,180.105,0.747,0.743,0.646,0.709,50.5,115.5975,0.10099999999999998,0.03400000000000003,1
2022,Kansas,Iowa State,14,11,0,59.75,176.63250000000002,51.5,185.98000000000002,0.727,0.722,0.31,0.222,-8.25,-9.347499999999997,0.417,0.5,1
2022,Mississippi State,Texas A&M,42,24,0,25.75,221.47750000000002,8.5,277.875,0.415,0.401,0.481,0.338,-17.25,-56.39749999999998,-0.066,0.063,1
2022,Auburn,LSU,17,21,0,15.0,253.735,7.0,282.5875,0.452,0.558,0.484,0.287,-8.0,-28.852499999999964,-0.03199999999999997,0.2710000000000001,0
2022,Clemson,NC State,30,20,0,6.25,290.0375,33.0,208.765,0.458,0.621,0.695,0.62,26.75,81.27250000000004,-0.23699999999999993,0.0010000000000000009,1
2022,Missouri,Georgia,22,26,0,39.25,198.16,1.75,310.08,0.34,0.299,0.683,0.63,-37.5,-111.91999999999999,-0.343,-0.331,0
2022,Duke,Virginia,38,17,0,57.75,179.0275,44.25,192.5975,0.376,0.329,0.803,0.814,-13.5,-13.569999999999993,-0.42700000000000005,-0.48499999999999993,1
2022,Texas,West Virginia,38,20,0,8.0,273.9425,40.0,198.7475,0.565,0.601,0.186,0.219,32.0,75.195,0.37899999999999995,0.382,1
2022,Nebraska,Indiana,35,21,0,20.25,232.45499999999998,49.5,187.14249999999998,0.167,0.227,0.245,0.377,29.25,45.3125,-0.07799999999999999,-0.15,1
2022,Pittsburgh,Georgia Tech,21,26,0,43.75,194.45499999999998,42.0,198.6925,0.288,0.387,0.629,0.407,-1.75,-4.237500000000011,-0.341,-0.019999999999999962,0
2022,Oregon,Stanford,45,27,0,9.5,271.26750000000004,33.25,216.7675,0.163,0.169,0.851,0.678,23.75,54.50000000000003,-0.688,-0.509,1
2022,Rutgers,Nebraska,13,14,0,56.25,180.105,20.25,232.45499999999998,0.646,0.709,0.167,0.227,-36.0,-52.349999999999994,0.479,0.482,0
2022,Kansas,TCU,31,38,0,59.75,176.63250000000002,36.75,205.615,0.727,0.722,0.847,0.826,-23.0,-28.982499999999987,-0.12,-0.10399999999999998,0
2022,Maryland,Purdue,29,31,0,31.25,212.62,45.5,195.28250000000003,0.711,0.676,0.601,0.603,14.25,17.337499999999977,0.10999999999999999,0.07300000000000006,0
2022,Oklahoma,Texas,0,49,1,9.25,270.855,8.0,273.9425,0.277,0.211,0.565,0.601,-1.25,-3.0874999999999773,-0.2879999999999999,-0.39,0
2022,Virginia,Louisville,17,34,0,44.25,192.5975,44.75,192.99500000000003,0.803,0.814,0.641,0.653,0.5,-0.3975000000000364,0.16200000000000003,0.16099999999999992,0
2022,Indiana,Michigan,10,31,0,49.5,187.14249999999998,13.5,258.205,0.245,0.377,0.78,0.741,-36.0,-71.0625,-0.535,-0.364,0
2022,Florida,Missouri,24,17,0,11.0,267.755,39.25,198.16,0.31,0.302,0.34,0.299,28.25,69.595,-0.030000000000000027,0.0030000000000000027,1
2022,LSU,Tennessee,13,40,0,7.0,282.5875,15.0,250.57750000000001,0.484,0.287,0.763,0.806,8.0,32.00999999999996,-0.279,-0.5190000000000001,0
2022,Mississippi State,Arkansas,40,17,0,25.75,221.47750000000002,31.5,213.6575,0.415,0.401,0.681,0.744,5.75,7.820000000000022,-0.26600000000000007,-0.34299999999999997,1
2022,Northwestern,Wisconsin,7,42,0,51.75,185.8275,28.5,220.2225,0.367,0.411,0.673,0.799,-23.25,-34.39500000000001,-0.30600000000000005,-0.38800000000000007,0
2022,Oklahoma State,Texas Tech,41,31,0,39.0,200.15750000000003,61.5,174.465,0.903,0.66,0.565,0.664,22.5,25.692500000000024,0.3380000000000001,-0.0040000000000000036,1
2022,Georgia,Auburn,42,10,0,1.75,310.08,15.0,253.735,0.683,0.63,0.452,0.558,13.25,56.34499999999997,0.23100000000000004,0.07199999999999995,1
2022,Pittsburgh,Virginia Tech,45,29,0,43.75,194.45499999999998,41.75,200.6875,0.288,0.387,0.234,0.323,-2.0,-6.232500000000016,0.053999999999999965,0.064,1
2022,UCLA,Utah,42,32,0,30.0,213.075,34.25,205.52749999999997,0.615,0.751,0.848,0.825,4.25,7.547500000000014,-0.23299999999999998,-0.07399999999999995,1
2022,Vanderbilt,Ole Miss,28,52,0,49.5,187.7825,26.5,222.0575,0.641,0.83,0.032,0.107,-23.0,-34.275000000000006,0.609,0.723,0
2022,Miami,North Carolina,24,27,0,15.0,255.69249999999997,20.75,237.85,0.678,0.589,0.447,0.356,5.75,17.842499999999973,0.23100000000000004,0.23299999999999998,0
2022,Michigan State,Ohio State,20,49,0,37.25,202.835,5.75,295.7025,0.711,0.644,0.747,0.743,-31.5,-92.86749999999998,-0.03600000000000003,-0.09899999999999998,0
2022,Georgia Tech,Duke,23,20,0,42.0,198.6925,57.75,179.0275,0.629,0.407,0.376,0.329,15.75,19.664999999999992,0.253,0.07799999999999996,1
2022,Illinois,Iowa,9,6,0,66.75,170.555,34.5,205.1,0.55,0.694,0.919,0.648,-32.25,-34.54499999999999,-0.369,0.04599999999999993,1
2022,Boston College,Clemson,3,31,0,58.25,180.4375,6.25,290.0375,0.636,0.597,0.458,0.621,-52.0,-109.60000000000002,0.178,-0.02400000000000002,0
2022,Kentucky,South Carolina,14,24,0,31.5,211.3225,32.25,224.1175,0.621,0.642,0.652,0.548,0.75,-12.795000000000016,-0.031000000000000028,0.09399999999999997,0
2022,Notre Dame,BYU,28,20,1,13.0,262.005,77.0,159.24,0.418,0.402,0.612,0.578,64.0,102.76499999999999,-0.194,-0.17599999999999993,1
2022,Iowa State,Kansas State,9,10,0,51.5,185.98000000000002,58.75,178.1225,0.31,0.222,0.541,0.585,7.25,7.857500000000016,-0.23100000000000004,-0.363,0
2022,NC State,Florida State,19,17,0,33.0,208.765,18.5,240.77750000000003,0.695,0.62,0.738,0.598,-14.5,-32.012500000000045,-0.04300000000000004,0.02200000000000002,1
2022,Alabama,Texas A&M,24,20,0,2.25,311.4475,8.5,277.875,0.552,0.586,0.481,0.338,6.25,33.57249999999999,0.07100000000000006,0.24799999999999994,1
2022,West Virginia,Baylor,43,40,0,40.0,198.7475,40.5,197.4275,0.186,0.219,0.209,0.171,0.5,1.3199999999999932,-0.022999999999999993,0.04799999999999999,1
2022,Illinois,Minnesota,26,14,0,66.75,170.555,39.5,199.9725,0.55,0.694,0.866,0.674,-27.25,-29.41749999999999,-0.31599999999999995,0.019999999999999907,1
2022,Oklahoma,Kansas,52,42,0,9.25,270.855,59.75,176.63250000000002,0.277,0.211,0.727,0.722,50.5,94.2225,-0.44999999999999996,-0.511,1
2022,Ole Miss,Auburn,48,34,0,26.5,222.0575,15.0,253.735,0.032,0.107,0.452,0.558,-11.5,-31.67750000000001,-0.42000000000000004,-0.45100000000000007,1
2022,Michigan,Penn State,41,17,0,13.5,258.205,13.5,257.26750000000004,0.78,0.741,0.761,0.692,0.0,0.9374999999999432,0.019000000000000017,0.049000000000000044,1
2022,Texas,Iowa State,24,21,0,8.0,273.9425,51.5,185.98000000000002,0.565,0.601,0.31,0.222,43.5,87.96249999999998,0.25499999999999995,0.379,1
2022,Virginia Tech,Miami,14,20,0,41.75,200.6875,15.0,255.69249999999997,0.234,0.323,0.678,0.589,-26.75,-55.00499999999997,-0.44400000000000006,-0.26599999999999996,0
2022,Indiana,Maryland,33,38,0,49.5,187.14249999999998,31.25,212.62,0.245,0.377,0.711,0.676,-18.25,-25.47750000000002,-0.46599999999999997,-0.29900000000000004,0
2022,Georgia,Vanderbilt,55,0,0,1.75,310.08,49.5,187.7825,0.683,0.63,0.641,0.83,47.75,122.29749999999999,0.04200000000000004,-0.19999999999999996,1
2022,Syracuse,NC State,24,9,0,55.5,181.04749999999999,33.0,208.765,0.677,0.766,0.695,0.62,-22.5,-27.7175,-0.017999999999999905,0.14600000000000002,1
2022,TCU,Oklahoma State,43,40,0,36.75,205.615,39.0,200.15750000000003,0.847,0.826,0.903,0.66,2.25,5.457499999999982,-0.05600000000000005,0.16599999999999993,1
2022,BYU,Arkansas,35,52,0,77.0,159.24,31.5,213.6575,0.612,0.578,0.681,0.744,-45.5,-54.41749999999999,-0.06900000000000006,-0.16600000000000004,0
2022,Tennessee,Alabama,52,49,0,15.0,250.57750000000001,2.25,311.4475,0.763,0.806,0.552,0.586,-12.75,-60.869999999999976,0.21099999999999997,0.22000000000000008,1
2022,Michigan State,Wisconsin,34,28,0,37.25,202.835,28.5,220.2225,0.711,0.644,0.673,0.799,-8.75,-17.38749999999999,0.03799999999999992,-0.15500000000000003,1
2022,Florida,LSU,35,45,0,11.0,267.755,7.0,282.5875,0.31,0.302,0.484,0.287,-4.0,-14.832499999999982,-0.174,0.015000000000000013,0
2022,Purdue,Nebraska,43,37,0,45.5,195.28250000000003,20.25,232.45499999999998,0.601,0.603,0.167,0.227,-25.25,-37.17249999999996,0.43399999999999994,0.376,1
2022,Kentucky,Mississippi State,27,17,0,31.5,211.3225,25.75,221.47750000000002,0.621,0.642,0.415,0.401,-5.75,-10.15500000000003,0.20600000000000002,0.241,1
2022,Notre Dame,Stanford,14,16,0,13.0,262.005,33.25,216.7675,0.418,0.402,0.851,0.678,20.25,45.23749999999998,-0.433,-0.276,0
2022,Florida State,Clemson,28,34,0,18.5,240.77750000000003,6.25,290.0375,0.738,0.598,0.458,0.621,-12.25,-49.25999999999999,0.27999999999999997,-0.02300000000000002,0
2022,Duke,North Carolina,35,38,0,57.75,179.0275,20.75,237.85,0.376,0.329,0.447,0.356,-37.0,-58.82249999999999,-0.07100000000000001,-0.02699999999999997,0
2022,Utah,USC,43,42,0,34.25,205.52749999999997,21.75,249.11,0.848,0.825,0.218,0.15,-12.5,-43.58250000000004,0.63,0.6749999999999999,1
2022,Georgia Tech,Virginia,9,16,0,42.0,198.6925,44.25,192.5975,0.629,0.407,0.803,0.814,2.25,6.094999999999999,-0.17400000000000004,-0.407,0
2022,Ohio State,Iowa,54,10,0,5.75,295.7025,34.5,205.1,0.747,0.743,0.919,0.648,28.75,90.60249999999999,-0.17200000000000004,0.09499999999999997,1
2022,Clemson,Syracuse,27,21,0,6.25,290.0375,55.5,181.04749999999999,0.458,0.621,0.677,0.766,49.25,108.99000000000004,-0.21900000000000003,-0.14500000000000002,1
2022,Rutgers,Indiana,24,17,0,56.25,180.105,49.5,187.14249999999998,0.646,0.709,0.245,0.377,-6.75,-7.037499999999994,0.401,0.33199999999999996,1
2022,Baylor,Kansas,35,23,0,40.5,197.4275,59.75,176.63250000000002,0.209,0.171,0.727,0.722,19.25,20.794999999999987,-0.518,-0.5509999999999999,1
2022,Miami,Duke,21,45,0,15.0,255.69249999999997,57.75,179.0275,0.678,0.589,0.376,0.329,42.75,76.66499999999996,0.30200000000000005,0.25999999999999995,0
2022,Texas Tech,West Virginia,48,10,0,61.5,174.465,40.0,198.7475,0.565,0.664,0.186,0.219,-21.5,-24.2825,0.37899999999999995,0.44500000000000006,1
2022,Oklahoma State,Texas,41,34,0,39.0,200.15750000000003,8.0,273.9425,0.903,0.66,0.565,0.601,-31.0,-73.78499999999997,0.3380000000000001,0.05900000000000005,1
2022,LSU,Ole Miss,45,20,0,7.0,282.5875,26.5,222.0575,0.484,0.287,0.032,0.107,19.5,60.52999999999997,0.45199999999999996,0.18,1
2022,Wisconsin,Purdue,35,24,0,28.5,220.2225,45.5,195.28250000000003,0.673,0.799,0.601,0.603,17.0,24.93999999999997,0.07200000000000006,0.19600000000000006,1
2022,Maryland,Northwestern,31,24,0,31.25,212.62,51.75,185.8275,0.711,0.676,0.367,0.411,20.5,26.792500000000018,0.344,0.26500000000000007,1
2022,Wake Forest,Boston College,43,15,0,61.75,174.53499999999997,58.25,180.4375,0.792,0.776,0.636,0.597,-3.5,-5.902500000000032,0.15600000000000003,0.17900000000000005,1
2022,Oregon,UCLA,45,30,0,9.5,271.26750000000004,30.0,213.075,0.163,0.169,0.615,0.751,20.5,58.19250000000005,-0.45199999999999996,-0.582,1
2022,Missouri,Vanderbilt,17,14,0,39.25,198.16,49.5,187.7825,0.34,0.299,0.641,0.83,10.25,10.377499999999998,-0.301,-0.5309999999999999,1
2022,Alabama,Mississippi State,30,6,0,2.25,311.4475,25.75,221.47750000000002,0.552,0.586,0.415,0.401,23.5,89.96999999999997,0.13700000000000007,0.18499999999999994,1
2022,South Carolina,Texas A&M,30,24,0,32.25,224.1175,8.5,277.875,0.652,0.548,0.481,0.338,-23.75,-53.75749999999999,0.17100000000000004,0.21000000000000002,1
2022,Penn State,Minnesota,45,17,0,13.5,257.26750000000004,39.5,199.9725,0.761,0.692,0.866,0.674,26.0,57.295000000000044,-0.10499999999999998,0.017999999999999905,1
2022,Louisville,Pittsburgh,24,10,0,44.75,192.99500000000003,43.75,194.45499999999998,0.641,0.653,0.288,0.387,-1.0,-1.4599999999999511,0.35300000000000004,0.266,1
2022,TCU,Kansas State,38,28,0,36.75,205.615,58.75,178.1225,0.847,0.826,0.541,0.585,22.0,27.492500000000007,0.30599999999999994,0.241,1
2022,NC State,Virginia Tech,22,21,0,33.0,208.765,41.75,200.6875,0.695,0.62,0.234,0.323,8.75,8.077499999999986,0.46099999999999997,0.297,1
2022,Iowa State,Oklahoma,13,27,0,51.5,185.98000000000002,9.25,270.855,0.31,0.222,0.277,0.211,-42.25,-84.875,0.032999999999999974,0.01100000000000001,0
2022,Florida State,Georgia Tech,41,16,0,18.5,240.77750000000003,42.0,198.6925,0.738,0.598,0.629,0.407,23.5,42.085000000000036,0.10899999999999999,0.191,1
2022,Auburn,Arkansas,27,41,0,15.0,253.735,31.5,213.6575,0.452,0.558,0.681,0.744,16.5,40.077500000000015,-0.22900000000000004,-0.18599999999999994,0
2022,Penn State,Ohio State,31,44,0,13.5,257.26750000000004,5.75,295.7025,0.761,0.692,0.747,0.743,-7.75,-38.434999999999945,0.014000000000000012,-0.051000000000000045,0
2022,Syracuse,Notre Dame,24,41,0,55.5,181.04749999999999,13.0,262.005,0.677,0.766,0.418,0.402,-42.5,-80.95750000000001,0.25900000000000006,0.364,0
2022,West Virginia,TCU,31,41,0,40.0,198.7475,36.75,205.615,0.186,0.219,0.847,0.826,-3.25,-6.867500000000007,-0.661,-0.607,0
2022,Virginia,Miami,12,14,0,44.25,192.5975,15.0,255.69249999999997,0.803,0.814,0.678,0.589,-29.25,-63.09499999999997,0.125,0.22499999999999998,0
2022,Minnesota,Rutgers,31,0,0,39.5,199.9725,56.25,180.105,0.866,0.674,0.646,0.709,16.75,19.867500000000007,0.21999999999999997,-0.03499999999999992,1
2022,Georgia,Florida,42,20,1,1.75,310.08,11.0,267.755,0.683,0.63,0.31,0.302,9.25,42.32499999999999,0.37300000000000005,0.328,1
2022,Nebraska,Illinois,9,26,0,20.25,232.45499999999998,66.75,170.555,0.167,0.227,0.55,0.694,46.5,61.89999999999998,-0.383,-0.46699999999999997,0
2022,Iowa,Northwestern,33,13,0,34.5,205.1,51.75,185.8275,0.919,0.648,0.367,0.411,17.25,19.272500000000008,0.552,0.23700000000000004,1
2022,UCF,Cincinnati,25,21,0,61.75,174.34999999999997,52.25,184.105,0.637,0.799,0.272,0.241,-9.5,-9.755000000000024,0.365,0.558,1
2022,Kansas State,Oklahoma State,48,0,0,58.75,178.1225,39.0,200.15750000000003,0.541,0.585,0.903,0.66,-19.75,-22.035000000000025,-0.362,-0.07500000000000007,1
2022,Louisville,Wake Forest,48,21,0,44.75,192.99500000000003,61.75,174.53499999999997,0.641,0.653,0.792,0.776,17.0,18.460000000000065,-0.15100000000000002,-0.123,1
2022,South Carolina,Missouri,10,23,0,32.25,224.1175,39.25,198.16,0.652,0.548,0.34,0.299,7.0,25.95750000000001,0.312,0.24900000000000005,0
2022,Tennessee,Kentucky,44,6,0,15.0,250.57750000000001,31.5,211.3225,0.763,0.806,0.621,0.642,16.5,39.255000000000024,0.14200000000000002,0.16400000000000003,1
2022,Texas Tech,Baylor,17,45,0,61.5,174.465,40.5,197.4275,0.565,0.664,0.209,0.171,-21.0,-22.962500000000006,0.356,0.493,0
2022,Texas A&M,Ole Miss,28,31,0,8.5,277.875,26.5,222.0575,0.481,0.338,0.032,0.107,18.0,55.817499999999995,0.44899999999999995,0.23100000000000004,0
2022,Michigan,Michigan State,29,7,0,13.5,258.205,37.25,202.835,0.78,0.741,0.711,0.644,23.75,55.369999999999976,0.06900000000000006,0.09699999999999998,1
2022,North Carolina,Pittsburgh,42,24,0,20.75,237.85,43.75,194.45499999999998,0.447,0.356,0.288,0.387,23.0,43.39500000000001,0.15900000000000003,-0.031000000000000028,1
2022,UCLA,Stanford,38,13,0,30.0,213.075,33.25,216.7675,0.615,0.751,0.851,0.678,3.25,-3.692500000000024,-0.236,0.07299999999999995,1
2022,Boston College,Duke,31,38,0,58.25,180.4375,57.75,179.0275,0.636,0.597,0.376,0.329,-0.5,1.4099999999999966,0.26,0.26799999999999996,0
2022,Virginia,North Carolina,28,31,0,44.25,192.5975,20.75,237.85,0.803,0.814,0.447,0.356,-23.5,-45.2525,0.35600000000000004,0.45799999999999996,0
2022,Northwestern,Ohio State,7,21,0,51.75,185.8275,5.75,295.7025,0.367,0.411,0.747,0.743,-46.0,-109.875,-0.38,-0.332,0
2022,TCU,Texas Tech,34,24,0,36.75,205.615,61.5,174.465,0.847,0.826,0.565,0.664,24.75,31.150000000000006,0.28200000000000003,0.16199999999999992,1
2022,Nebraska,Minnesota,13,20,0,20.25,232.45499999999998,39.5,199.9725,0.167,0.227,0.866,0.674,19.25,32.48249999999999,-0.699,-0.44700000000000006,0
2022,Wisconsin,Maryland,23,10,0,28.5,220.2225,31.25,212.62,0.673,0.799,0.711,0.676,2.75,7.602499999999992,-0.03799999999999992,0.123,1
2022,Texas A&M,Florida,24,41,0,8.5,277.875,11.0,267.755,0.481,0.338,0.31,0.302,2.5,10.120000000000005,0.17099999999999999,0.03600000000000003,0
2022,Missouri,Kentucky,17,21,0,39.25,198.16,31.5,211.3225,0.34,0.299,0.621,0.642,-7.75,-13.162499999999994,-0.28099999999999997,-0.343,0
2022,Purdue,Iowa,3,24,0,45.5,195.28250000000003,34.5,205.1,0.601,0.603,0.919,0.648,-11.0,-9.817499999999967,-0.31800000000000006,-0.04500000000000004,0
2022,Virginia Tech,Georgia Tech,27,28,0,41.75,200.6875,42.0,198.6925,0.234,0.323,0.629,0.407,0.25,1.9950000000000045,-0.395,-0.08399999999999996,0
2022,Oklahoma,Baylor,35,38,0,9.25,270.855,40.5,197.4275,0.277,0.211,0.209,0.171,31.25,73.42750000000001,0.06800000000000003,0.03999999999999998,0
2022,Indiana,Penn State,14,45,0,49.5,187.14249999999998,13.5,257.26750000000004,0.245,0.377,0.761,0.692,-36.0,-70.12500000000006,-0.516,-0.31499999999999995,0
2022,Georgia,Tennessee,27,13,0,1.75,310.08,15.0,250.57750000000001,0.683,0.63,0.763,0.806,13.25,59.50249999999997,-0.07999999999999996,-0.17600000000000005,1
2022,Colorado,Oregon,10,49,0,49.5,187.98499999999999,9.5,271.26750000000004,0.694,0.717,0.163,0.169,-40.0,-83.28250000000006,0.5309999999999999,0.5479999999999999,0
2022,Pittsburgh,Syracuse,19,9,0,43.75,194.45499999999998,55.5,181.04749999999999,0.288,0.387,0.677,0.766,11.75,13.407499999999999,-0.38900000000000007,-0.379,1
2022,Illinois,Michigan State,15,23,0,66.75,170.555,37.25,202.835,0.55,0.694,0.711,0.644,-29.5,-32.28,-0.16099999999999992,0.04999999999999993,0
2022,Iowa State,West Virginia,31,14,0,51.5,185.98000000000002,40.0,198.7475,0.31,0.222,0.186,0.219,-11.5,-12.767499999999984,0.124,0.0030000000000000027,1
2022,Kansas,Oklahoma State,37,16,0,59.75,176.63250000000002,39.0,200.15750000000003,0.727,0.722,0.903,0.66,-20.75,-23.525000000000006,-0.17600000000000005,0.061999999999999944,1
2022,LSU,Alabama,32,31,0,7.0,282.5875,2.25,311.4475,0.484,0.287,0.552,0.586,-4.75,-28.860000000000014,-0.06800000000000006,-0.299,1
2022,Kansas State,Texas,27,34,0,58.75,178.1225,8.0,273.9425,0.541,0.585,0.565,0.601,-50.75,-95.82,-0.02399999999999991,-0.016000000000000014,0
2022,Notre Dame,Clemson,35,14,0,13.0,262.005,6.25,290.0375,0.418,0.402,0.458,0.621,-6.75,-28.032500000000027,-0.040000000000000036,-0.21899999999999997,1
2022,Vanderbilt,South Carolina,27,38,0,49.5,187.7825,32.25,224.1175,0.641,0.83,0.652,0.548,-17.25,-36.33500000000001,-0.01100000000000001,0.2819999999999999,0
2022,Rutgers,Michigan,17,52,0,56.25,180.105,13.5,258.205,0.646,0.709,0.78,0.741,-42.75,-78.1,-0.134,-0.03200000000000003,0
2022,Mississippi State,Auburn,39,33,0,25.75,221.47750000000002,15.0,253.735,0.415,0.401,0.452,0.558,-10.75,-32.25749999999999,-0.03700000000000003,-0.15700000000000003,1
2022,Miami,Florida State,3,45,0,15.0,255.69249999999997,18.5,240.77750000000003,0.678,0.589,0.738,0.598,3.5,14.914999999999935,-0.05999999999999994,-0.009000000000000008,0
2022,NC State,Wake Forest,30,21,0,33.0,208.765,61.75,174.53499999999997,0.695,0.62,0.792,0.776,28.75,34.23000000000002,-0.09700000000000009,-0.15600000000000003,1
2022,USC,Colorado,55,17,0,21.75,249.11,49.5,187.98499999999999,0.218,0.15,0.694,0.717,27.75,61.12500000000003,-0.476,-0.567,1
2022,Michigan State,Rutgers,27,21,0,37.25,202.835,56.25,180.105,0.711,0.644,0.646,0.709,19.0,22.730000000000018,0.06499999999999995,-0.06499999999999995,1
2022,Ohio State,Indiana,56,14,0,5.75,295.7025,49.5,187.14249999999998,0.747,0.743,0.245,0.377,43.75,108.56,0.502,0.366,1
2022,Virginia,Pittsburgh,7,37,0,44.25,192.5975,43.75,194.45499999999998,0.803,0.814,0.288,0.387,-0.5,-1.8574999999999875,0.5150000000000001,0.42699999999999994,0
2022,Duke,Virginia Tech,24,7,0,57.75,179.0275,41.75,200.6875,0.376,0.329,0.234,0.323,-16.0,-21.659999999999997,0.142,0.006000000000000005,1
2022,Arkansas,LSU,10,13,0,31.5,213.6575,7.0,282.5875,0.681,0.744,0.484,0.287,-24.5,-68.92999999999998,0.19700000000000006,0.457,0
2022,Kentucky,Vanderbilt,21,24,0,31.5,211.3225,49.5,187.7825,0.621,0.642,0.641,0.83,18.0,23.539999999999992,-0.020000000000000018,-0.18799999999999994,0
2022,Illinois,Purdue,24,31,0,66.75,170.555,45.5,195.28250000000003,0.55,0.694,0.601,0.603,-21.25,-24.72750000000002,-0.050999999999999934,0.09099999999999997,0
2022,Tennessee,Missouri,66,24,0,15.0,250.57750000000001,39.25,198.16,0.763,0.806,0.34,0.299,24.25,52.41750000000002,0.423,0.5070000000000001,1
2022,West Virginia,Oklahoma,23,20,0,40.0,198.7475,9.25,270.855,0.186,0.219,0.277,0.211,-30.75,-72.10750000000002,-0.09100000000000003,0.008000000000000007,1
2022,Penn State,Maryland,30,0,0,13.5,257.26750000000004,31.25,212.62,0.761,0.692,0.711,0.676,17.75,44.647500000000036,0.050000000000000044,0.015999999999999903,1
2022,Iowa,Wisconsin,24,10,0,34.5,205.1,28.5,220.2225,0.919,0.648,0.673,0.799,-6.0,-15.122500000000002,0.246,-0.15100000000000002,1
2022,Georgia Tech,Miami,14,35,0,42.0,198.6925,15.0,255.69249999999997,0.629,0.407,0.678,0.589,-27.0,-56.99999999999997,-0.049000000000000044,-0.182,0
2022,Ole Miss,Alabama,24,30,0,26.5,222.0575,2.25,311.4475,0.032,0.107,0.552,0.586,-24.25,-89.38999999999999,-0.52,-0.479,0
2022,Clemson,Louisville,31,16,0,6.25,290.0375,44.75,192.99500000000003,0.458,0.621,0.641,0.653,38.5,97.04249999999999,-0.183,-0.03200000000000003,1
2022,NC State,Boston College,20,21,0,33.0,208.765,58.25,180.4375,0.695,0.62,0.636,0.597,25.25,28.327499999999986,0.05899999999999994,0.02300000000000002,0
2022,Oklahoma State,Iowa State,20,14,0,39.0,200.15750000000003,51.5,185.98000000000002,0.903,0.66,0.31,0.222,12.5,14.177500000000009,0.593,0.43800000000000006,1
2022,Minnesota,Northwestern,31,3,0,39.5,199.9725,51.75,185.8275,0.866,0.674,0.367,0.411,12.25,14.14500000000001,0.499,0.26300000000000007,1
2022,Michigan,Nebraska,34,3,0,13.5,258.205,20.25,232.45499999999998,0.78,0.741,0.167,0.227,6.75,25.75,0.613,0.514,1
2022,Florida,South Carolina,38,6,0,11.0,267.755,32.25,224.1175,0.31,0.302,0.652,0.548,21.25,43.63749999999999,-0.342,-0.24600000000000005,1
2022,Baylor,Kansas State,3,31,0,40.5,197.4275,58.75,178.1225,0.209,0.171,0.541,0.585,18.25,19.305000000000007,-0.3320000000000001,-0.4139999999999999,0
2022,Texas Tech,Kansas,43,28,0,61.5,174.465,59.75,176.63250000000002,0.565,0.664,0.727,0.722,-1.75,-2.167500000000018,-0.16200000000000003,-0.05799999999999994,1
2022,Oregon,Washington,34,37,0,9.5,271.26750000000004,20.5,241.6375,0.163,0.169,0.83,0.735,11.0,29.630000000000052,-0.6669999999999999,-0.566,0
2022,Mississippi State,Georgia,19,45,0,25.75,221.47750000000002,1.75,310.08,0.415,0.401,0.683,0.63,-24.0,-88.60249999999996,-0.26800000000000007,-0.22899999999999998,0
2022,Auburn,Texas A&M,13,10,0,15.0,253.735,8.5,277.875,0.452,0.558,0.481,0.338,-6.5,-24.139999999999986,-0.02899999999999997,0.22000000000000003,1
2022,Texas,TCU,10,17,0,8.0,273.9425,36.75,205.615,0.565,0.601,0.847,0.826,28.75,68.32749999999999,-0.28200000000000003,-0.22499999999999998,0
2022,Wake Forest,North Carolina,34,36,0,61.75,174.53499999999997,20.75,237.85,0.792,0.776,0.447,0.356,-41.0,-63.315000000000026,0.34500000000000003,0.42000000000000004,0
2022,Syracuse,Florida State,3,38,0,55.5,181.04749999999999,18.5,240.77750000000003,0.677,0.766,0.738,0.598,-37.0,-59.73000000000005,-0.06099999999999994,0.16800000000000004,0
2022,Utah,Stanford,42,7,0,34.25,205.52749999999997,33.25,216.7675,0.848,0.825,0.851,0.678,-1.0,-11.240000000000038,-0.0030000000000000027,0.1469999999999999,1
2022,Purdue,Northwestern,17,9,0,45.5,195.28250000000003,51.75,185.8275,0.601,0.603,0.367,0.411,6.25,9.455000000000041,0.23399999999999999,0.192,1
2022,Michigan,Illinois,19,17,0,13.5,258.205,66.75,170.555,0.78,0.741,0.55,0.694,53.25,87.64999999999998,0.22999999999999998,0.04700000000000004,1
2022,Pittsburgh,Duke,28,26,0,43.75,194.45499999999998,57.75,179.0275,0.288,0.387,0.376,0.329,14.0,15.42749999999998,-0.08800000000000002,0.057999999999999996,1
2022,Nebraska,Wisconsin,14,15,0,20.25,232.45499999999998,28.5,220.2225,0.167,0.227,0.673,0.799,8.25,12.232499999999987,-0.506,-0.5720000000000001,0
2022,Vanderbilt,Florida,31,24,0,49.5,187.7825,11.0,267.755,0.641,0.83,0.31,0.302,-38.5,-79.9725,0.331,0.528,1
2022,Baylor,TCU,28,29,0,40.5,197.4275,36.75,205.615,0.209,0.171,0.847,0.826,-3.75,-8.1875,-0.638,-0.6549999999999999,0
2022,Michigan State,Indiana,31,39,0,37.25,202.835,49.5,187.14249999999998,0.711,0.644,0.245,0.377,12.25,15.692500000000024,0.46599999999999997,0.267,0
2022,West Virginia,Kansas State,31,48,0,40.0,198.7475,58.75,178.1225,0.186,0.219,0.541,0.585,18.75,20.625,-0.35500000000000004,-0.366,0
2022,Notre Dame,Boston College,44,0,0,13.0,262.005,58.25,180.4375,0.418,0.402,0.636,0.597,45.25,81.5675,-0.21800000000000003,-0.19499999999999995,1
2022,Kentucky,Georgia,6,16,0,31.5,211.3225,1.75,310.08,0.621,0.642,0.683,0.63,-29.75,-98.7575,-0.062000000000000055,0.01200000000000001,0
2022,Louisville,NC State,25,10,0,44.75,192.99500000000003,33.0,208.765,0.641,0.653,0.695,0.62,-11.75,-15.769999999999953,-0.05399999999999994,0.03300000000000003,1
2022,Kansas,Texas,14,55,0,59.75,176.63250000000002,8.0,273.9425,0.727,0.722,0.565,0.601,-51.75,-97.30999999999997,0.16200000000000003,0.121,0
2022,Rutgers,Penn State,10,55,0,56.25,180.105,13.5,257.26750000000004,0.646,0.709,0.761,0.692,-42.75,-77.16250000000005,-0.11499999999999999,0.017000000000000015,0
2022,Clemson,Miami,40,10,0,6.25,290.0375,15.0,255.69249999999997,0.458,0.621,0.678,0.589,8.75,34.345000000000056,-0.22000000000000003,0.03200000000000003,1
2022,Maryland,Ohio State,30,43,0,31.25,212.62,5.75,295.7025,0.711,0.676,0.747,0.743,-25.5,-83.08249999999998,-0.03600000000000003,-0.06699999999999995,0
2022,Minnesota,Iowa,10,13,0,39.5,199.9725,34.5,205.1,0.866,0.674,0.919,0.648,-5.0,-5.127499999999998,-0.05300000000000005,0.026000000000000023,0
2022,North Carolina,Georgia Tech,17,21,0,20.75,237.85,42.0,198.6925,0.447,0.356,0.629,0.407,21.25,39.1575,-0.182,-0.05099999999999999,0
2022,South Carolina,Tennessee,63,38,0,32.25,224.1175,15.0,250.57750000000001,0.652,0.548,0.763,0.806,-17.25,-26.460000000000008,-0.11099999999999999,-0.258,1
2022,Iowa State,Texas Tech,10,14,0,51.5,185.98000000000002,61.5,174.465,0.31,0.222,0.565,0.664,10.0,11.515000000000015,-0.25499999999999995,-0.44200000000000006,0
2022,Arkansas,Ole Miss,42,27,0,31.5,213.6575,26.5,222.0575,0.681,0.744,0.032,0.107,-5.0,-8.400000000000006,0.649,0.637,1
2022,Oklahoma,Oklahoma State,28,13,0,9.25,270.855,39.0,200.15750000000003,0.277,0.211,0.903,0.66,29.75,70.69749999999999,-0.626,-0.44900000000000007,1
2022,UCLA,USC,45,48,0,30.0,213.075,21.75,249.11,0.615,0.751,0.218,0.15,-8.25,-36.035000000000025,0.397,0.601,0
2022,Wake Forest,Syracuse,45,35,0,61.75,174.53499999999997,55.5,181.04749999999999,0.792,0.776,0.677,0.766,-6.25,-6.512500000000017,0.11499999999999999,0.010000000000000009,1
2022,Washington,Colorado,54,7,0,20.5,241.6375,49.5,187.98499999999999,0.83,0.735,0.694,0.717,29.0,53.6525,0.136,0.018000000000000016,1
2022,Oregon,Utah,20,17,0,9.5,271.26750000000004,34.25,205.52749999999997,0.163,0.169,0.848,0.825,24.75,65.74000000000007,-0.6849999999999999,-0.6559999999999999,1
2022,Ole Miss,Mississippi State,22,24,0,26.5,222.0575,25.75,221.47750000000002,0.032,0.107,0.415,0.401,-0.75,0.5799999999999841,-0.383,-0.29400000000000004,0
2022,Texas,Baylor,38,27,0,8.0,273.9425,40.5,197.4275,0.565,0.601,0.209,0.171,32.5,76.51499999999999,0.356,0.42999999999999994,1
2022,Missouri,Arkansas,29,27,0,39.25,198.16,31.5,213.6575,0.34,0.299,0.681,0.744,-7.75,-15.497500000000002,-0.341,-0.445,1
2022,North Carolina,NC State,27,30,0,20.75,237.85,33.0,208.765,0.447,0.356,0.695,0.62,12.25,29.085000000000008,-0.24799999999999994,-0.264,0
2022,Iowa,Nebraska,17,24,0,34.5,205.1,20.25,232.45499999999998,0.919,0.648,0.167,0.227,-14.25,-27.35499999999999,0.752,0.42100000000000004,0
2022,Florida State,Florida,45,38,0,18.5,240.77750000000003,11.0,267.755,0.738,0.598,0.31,0.302,-7.5,-26.977499999999964,0.428,0.296,1
2022,Clemson,South Carolina,30,31,0,6.25,290.0375,32.25,224.1175,0.458,0.621,0.652,0.548,26.0,65.92000000000002,-0.194,0.07299999999999995,0
2022,Oklahoma State,West Virginia,19,24,0,39.0,200.15750000000003,40.0,198.7475,0.903,0.66,0.186,0.219,1.0,1.410000000000025,0.7170000000000001,0.44100000000000006,0
2022,Georgia,Georgia Tech,37,14,0,1.75,310.08,42.0,198.6925,0.683,0.63,0.629,0.407,40.25,111.38749999999999,0.05400000000000005,0.22300000000000003,1
2022,Ohio State,Michigan,23,45,0,5.75,295.7025,13.5,258.205,0.747,0.743,0.78,0.741,7.75,37.4975,-0.03300000000000003,0.0020000000000000018,0
2022,Maryland,Rutgers,37,0,0,31.25,212.62,56.25,180.105,0.711,0.676,0.646,0.709,25.0,32.515000000000015,0.06499999999999995,-0.03299999999999992,1
2022,Kentucky,Louisville,26,13,0,31.5,211.3225,44.75,192.99500000000003,0.621,0.642,0.641,0.653,13.25,18.327499999999958,-0.020000000000000018,-0.01100000000000001,1
2022,Wisconsin,Minnesota,16,23,0,28.5,220.2225,39.5,199.9725,0.673,0.799,0.866,0.674,11.0,20.25,-0.19299999999999995,0.125,0
2022,Alabama,Auburn,49,27,0,2.25,311.4475,15.0,253.735,0.552,0.586,0.452,0.558,12.75,57.71249999999998,0.10000000000000003,0.027999999999999914,1
2022,Duke,Wake Forest,34,31,0,57.75,179.0275,61.75,174.53499999999997,0.376,0.329,0.792,0.776,4.0,4.492500000000035,-0.41600000000000004,-0.447,1
2022,Northwestern,Illinois,3,41,0,51.75,185.8275,66.75,170.555,0.367,0.411,0.55,0.694,15.0,15.27249999999998,-0.18300000000000005,-0.283,0
2022,Indiana,Purdue,16,30,0,49.5,187.14249999999998,45.5,195.28250000000003,0.245,0.377,0.601,0.603,-4.0,-8.140000000000043,-0.356,-0.22599999999999998,0
2022,TCU,Iowa State,62,14,0,36.75,205.615,51.5,185.98000000000002,0.847,0.826,0.31,0.222,14.75,19.63499999999999,0.5369999999999999,0.604,1
2022,Penn State,Michigan State,35,16,0,13.5,257.26750000000004,37.25,202.835,0.761,0.692,0.711,0.644,23.75,54.43250000000003,0.050000000000000044,0.04799999999999993,1
2022,Colorado,Utah,21,63,0,49.5,187.98499999999999,34.25,205.52749999999997,0.694,0.717,0.848,0.825,-15.25,-17.54249999999999,-0.15400000000000003,-0.10799999999999998,0
2022,Texas A&M,LSU,38,23,0,8.5,277.875,7.0,282.5875,0.481,0.338,0.484,0.287,-1.5,-4.712499999999977,-0.0030000000000000027,0.051000000000000045,1
2022,USC,Notre Dame,38,27,0,21.75,249.11,13.0,262.005,0.218,0.15,0.418,0.402,-8.75,-12.894999999999982,-0.19999999999999998,-0.252,1
2022,Boston College,Syracuse,23,32,0,58.25,180.4375,55.5,181.04749999999999,0.636,0.597,0.677,0.766,-2.75,-0.6099999999999852,-0.041000000000000036,-0.16900000000000004,0
2022,Vanderbilt,Tennessee,0,56,0,49.5,187.7825,15.0,250.57750000000001,0.641,0.83,0.763,0.806,-34.5,-62.795000000000016,-0.122,0.02399999999999991,0
2022,Texas Tech,Oklahoma,51,48,0,61.5,174.465,9.25,270.855,0.565,0.664,0.277,0.211,-52.25,-96.39000000000001,0.2879999999999999,0.45300000000000007,1
2022,Miami,Pittsburgh,16,42,0,15.0,255.69249999999997,43.75,194.45499999999998,0.678,0.589,0.288,0.387,28.75,61.23749999999998,0.39000000000000007,0.20199999999999996,0
2022,Kansas State,Kansas,47,27,0,58.75,178.1225,59.75,176.63250000000002,0.541,0.585,0.727,0.722,1.0,1.4899999999999807,-0.18599999999999994,-0.137,1
2022,Stanford,BYU,26,35,0,33.25,216.7675,77.0,159.24,0.851,0.678,0.612,0.578,43.75,57.5275,0.239,0.10000000000000009,0
2022,USC,Utah,24,47,1,21.75,249.11,34.25,205.52749999999997,0.218,0.15,0.848,0.825,12.5,43.58250000000004,-0.63,-0.6749999999999999,0
2022,TCU,Kansas State,28,31,1,36.75,205.615,58.75,178.1225,0.847,0.826,0.541,0.585,22.0,27.492500000000007,0.30599999999999994,0.241,0
2022,Georgia,LSU,50,30,1,1.75,310.08,7.0,282.5875,0.683,0.63,0.484,0.287,5.25,27.492500000000007,0.19900000000000007,0.343,1
2022,Michigan,Purdue,43,22,1,13.5,258.205,45.5,195.28250000000003,0.78,0.741,0.601,0.603,32.0,62.92249999999996,0.17900000000000005,0.138,1
2022,North Carolina,Clemson,10,39,1,20.75,237.85,6.25,290.0375,0.447,0.356,0.458,0.621,-14.5,-52.18750000000003,-0.01100000000000001,-0.265,0
2023,Utah,Florida,24,11,0,34.5,205.4675,11.75,261.1125,0.72,0.781,0.367,0.438,-22.75,-55.64500000000001,0.353,0.343,1
2023,Minnesota,Nebraska,13,10,0,42.25,195.6525,24.75,225.1275,0.409,0.344,0.14,0.403,-17.5,-29.474999999999994,0.26899999999999996,-0.05900000000000005,1
2023,Georgia Tech,Louisville,34,39,1,44.5,195.66,50.0,186.495,0.366,0.382,0.231,0.395,5.5,9.164999999999992,0.13499999999999998,-0.013000000000000012,0
2023,TCU,Colorado,42,45,0,41.75,198.1,48.0,189.3025,0.144,0.125,0.077,0.13,6.25,8.797499999999985,0.06699999999999999,-0.0050000000000000044,0
2023,Tennessee,Virginia,49,13,1,14.25,250.935,46.0,189.66,0.422,0.508,0.211,0.302,31.75,61.275000000000006,0.211,0.20600000000000002,1
2023,Indiana,Ohio State,3,23,0,43.5,194.4,6.25,291.675,0.358,0.345,0.644,0.636,-37.25,-97.275,-0.28600000000000003,-0.29100000000000004,0
2023,Penn State,West Virginia,38,15,0,13.5,255.45250000000004,40.0,198.93,0.428,0.489,0.351,0.362,26.5,56.522500000000036,0.07700000000000001,0.127,1
2023,North Carolina,South Carolina,31,17,1,18.5,244.40749999999997,34.0,218.6475,0.754,0.819,0.636,0.644,15.5,25.759999999999962,0.118,0.17499999999999993,1
2023,Rutgers,Northwestern,24,7,0,50.5,186.5525,49.25,188.6875,0.439,0.765,0.657,0.599,-1.25,-2.134999999999991,-0.21800000000000003,0.16600000000000004,1
2023,Florida State,LSU,45,24,1,20.75,231.78750000000002,6.25,280.4325,0.785,0.792,0.845,0.888,-14.5,-48.64499999999998,-0.05999999999999994,-0.09599999999999997,1
2023,Duke,Clemson,28,7,0,55.0,181.51,7.0,284.3375,0.989,0.991,0.551,0.505,-48.0,-102.82749999999999,0.43799999999999994,0.486,1
2023,Kansas,Illinois,34,23,0,73.75,158.555,64.75,172.245,1.003,0.937,0.321,0.268,-9.0,-13.689999999999998,0.6819999999999999,0.669,1
2023,Wake Forest,Vanderbilt,36,20,0,63.5,171.505,47.25,190.3,0.412,0.363,0.519,0.604,-16.25,-18.795000000000016,-0.10700000000000004,-0.241,1
2023,Baylor,Utah,13,20,0,42.5,195.68,34.5,205.4675,0.645,0.691,0.72,0.781,-8.0,-9.787499999999994,-0.07499999999999996,-0.09000000000000008,0
2023,NC State,Notre Dame,24,45,0,42.5,196.43749999999997,12.25,263.65,0.385,0.449,0.345,0.324,-30.25,-67.2125,0.040000000000000036,0.125,0
2023,Colorado,Nebraska,36,14,0,48.0,189.3025,24.75,225.1275,0.077,0.13,0.14,0.403,-23.25,-35.82499999999999,-0.06300000000000001,-0.273,1
2023,Virginia Tech,Purdue,17,24,0,44.75,196.3775,42.0,199.805,0.651,0.691,0.344,0.363,-2.75,-3.427500000000009,0.30700000000000005,0.32799999999999996,0
2023,Miami,Texas A&M,48,33,0,17.0,244.23249999999996,4.5,298.3575,0.662,0.637,0.648,0.516,-12.5,-54.12500000000006,0.014000000000000012,0.121,1
2023,Iowa State,Iowa,13,20,0,47.5,190.95250000000001,32.25,208.0275,0.638,0.687,0.409,0.426,-15.25,-17.07499999999999,0.22900000000000004,0.26100000000000007,0
2023,Pittsburgh,Cincinnati,21,27,0,51.0,184.42999999999998,50.75,185.38249999999996,0.319,0.292,0.067,0.261,-0.25,-0.9524999999999864,0.252,0.030999999999999972,0
2023,Alabama,Texas,24,34,0,1.5,319.52500000000003,8.5,271.1875,0.396,0.388,0.61,0.561,7.0,48.337500000000034,-0.21399999999999997,-0.17300000000000004,0
2023,Texas Tech,Oregon,30,38,0,54.25,181.34749999999997,9.5,267.055,0.764,0.65,0.807,0.844,-44.75,-85.70750000000004,-0.04300000000000004,-0.19399999999999995,0
2023,USC,Stanford,56,10,0,38.25,217.68,28.0,223.63000000000002,0.742,0.764,0.392,0.382,-10.25,-5.950000000000017,0.35,0.382,1
2023,Maryland,Virginia,42,14,0,32.0,211.44,46.0,189.66,0.784,0.88,0.211,0.302,14.0,21.78,0.5730000000000001,0.5780000000000001,1
2023,Mississippi State,LSU,14,41,0,25.75,221.7225,6.25,280.4325,0.584,0.715,0.845,0.888,-19.5,-58.71000000000001,-0.261,-0.17300000000000004,0
2023,Illinois,Penn State,13,30,0,64.75,172.245,13.5,255.45250000000004,0.321,0.268,0.428,0.489,-51.25,-83.20750000000004,-0.10699999999999998,-0.22099999999999997,0
2023,Indiana,Louisville,14,21,1,43.5,194.4,50.0,186.495,0.358,0.345,0.231,0.395,6.5,7.905000000000001,0.12699999999999997,-0.050000000000000044,0
2023,Boston College,Florida State,29,31,0,50.5,187.9575,20.75,231.78750000000002,0.372,0.526,0.785,0.792,-29.75,-43.83000000000001,-0.41300000000000003,-0.266,0
2023,Missouri,Kansas State,30,27,0,32.25,208.045,58.0,177.54,0.651,0.83,0.49,0.369,25.75,30.504999999999995,0.16100000000000003,0.46099999999999997,1
2023,Rutgers,Virginia Tech,35,16,0,50.5,186.5525,44.75,196.3775,0.439,0.765,0.651,0.691,-5.75,-9.824999999999989,-0.21200000000000002,0.07400000000000007,1
2023,North Carolina,Minnesota,31,13,0,18.5,244.40749999999997,42.25,195.6525,0.754,0.819,0.409,0.344,23.75,48.75499999999997,0.34500000000000003,0.475,1
2023,Georgia,South Carolina,24,14,0,2.25,308.8375,34.0,218.6475,0.43,0.446,0.636,0.644,31.75,90.18999999999997,-0.20600000000000002,-0.198,1
2023,Duke,Northwestern,38,14,0,55.0,181.51,49.25,188.6875,0.989,0.991,0.657,0.599,-5.75,-7.177500000000009,0.33199999999999996,0.392,1
2023,Michigan State,Washington,7,41,0,35.5,205.24,40.5,210.71750000000003,0.21,0.254,0.887,0.851,5.0,-5.4775000000000205,-0.677,-0.597,0
2023,Florida,Tennessee,29,16,0,11.75,261.1125,14.25,250.935,0.367,0.438,0.422,0.508,2.5,10.177500000000009,-0.05499999999999999,-0.07,1
2023,Ole Miss,Georgia Tech,48,23,0,24.25,224.78,44.5,195.66,0.618,0.728,0.366,0.382,20.25,29.120000000000005,0.252,0.346,1
2023,Arkansas,BYU,31,38,0,26.25,220.05249999999998,71.25,164.48499999999999,0.581,0.777,0.294,0.224,45.0,55.567499999999995,0.287,0.553,0
2023,Purdue,Syracuse,20,35,0,42.0,199.805,59.75,175.30249999999998,0.344,0.363,0.767,0.706,17.75,24.502500000000026,-0.42300000000000004,-0.34299999999999997,0
2023,West Virginia,Pittsburgh,17,6,0,40.0,198.93,51.0,184.42999999999998,0.351,0.362,0.319,0.292,11.0,14.500000000000028,0.03199999999999997,0.07,1
2023,Houston,TCU,13,36,0,71.25,165.45499999999998,41.75,198.1,0.234,0.269,0.144,0.125,-29.5,-32.64500000000001,0.09000000000000002,0.14400000000000002,0
2023,Purdue,Wisconsin,17,38,0,42.0,199.805,28.25,220.0675,0.344,0.363,0.572,0.498,-13.75,-20.26249999999999,-0.22799999999999998,-0.135,0
2023,Virginia,NC State,21,24,0,46.0,189.66,42.5,196.43749999999997,0.211,0.302,0.385,0.449,-3.5,-6.777499999999975,-0.17400000000000002,-0.14700000000000002,0
2023,Michigan,Rutgers,31,7,0,10.25,266.09749999999997,50.5,186.5525,0.777,0.825,0.439,0.765,40.25,79.54499999999996,0.338,0.05999999999999994,1
2023,Clemson,Florida State,24,31,0,7.0,284.3375,20.75,231.78750000000002,0.551,0.505,0.785,0.792,13.75,52.549999999999955,-0.23399999999999999,-0.28700000000000003,0
2023,Texas A&M,Auburn,27,10,0,4.5,298.3575,17.25,245.38,0.648,0.516,0.787,0.657,12.75,52.97750000000002,-0.139,-0.14100000000000001,1
2023,Cincinnati,Oklahoma,6,20,0,50.75,185.38249999999996,9.0,268.38250000000005,0.067,0.261,0.527,0.675,-41.75,-83.00000000000009,-0.46,-0.41400000000000003,0
2023,Vanderbilt,Kentucky,28,45,0,47.25,190.3,25.75,219.635,0.519,0.604,0.481,0.417,-21.5,-29.33499999999998,0.038000000000000034,0.187,0
2023,West Virginia,Texas Tech,20,13,0,40.0,198.93,54.25,181.34749999999997,0.351,0.362,0.764,0.65,14.25,17.58250000000004,-0.41300000000000003,-0.28800000000000003,1
2023,Kansas,BYU,38,27,0,73.75,158.555,71.25,164.48499999999999,1.003,0.937,0.294,0.224,-2.5,-5.929999999999978,0.7089999999999999,0.7130000000000001,1
2023,Utah,UCLA,14,7,0,34.5,205.4675,40.5,197.475,0.72,0.781,0.281,0.277,6.0,7.992500000000007,0.43899999999999995,0.504,1
2023,Michigan State,Maryland,9,31,0,35.5,205.24,32.0,211.44,0.21,0.254,0.784,0.88,-3.5,-6.199999999999989,-0.5740000000000001,-0.626,0
2023,Oregon,Colorado,42,6,0,9.5,267.055,48.0,189.3025,0.807,0.844,0.077,0.13,38.5,77.7525,0.7300000000000001,0.714,1
2023,Alabama,Ole Miss,24,10,0,1.5,319.52500000000003,24.25,224.78,0.396,0.388,0.618,0.728,22.75,94.74500000000003,-0.22199999999999998,-0.33999999999999997,1
2023,Louisville,Boston College,56,28,0,50.0,186.495,50.5,187.9575,0.231,0.395,0.372,0.526,0.5,-1.4625000000000057,-0.141,-0.131,1
2023,Iowa State,Oklahoma State,34,27,0,47.5,190.95250000000001,37.75,202.0225,0.638,0.687,0.3,0.335,-9.75,-11.069999999999993,0.338,0.35200000000000004,1
2023,Wake Forest,Georgia Tech,16,30,0,63.5,171.505,44.5,195.66,0.412,0.363,0.366,0.382,-19.0,-24.155,0.045999999999999985,-0.019000000000000017,0
2023,LSU,Arkansas,34,31,0,6.25,280.4325,26.25,220.05249999999998,0.845,0.888,0.581,0.777,20.0,60.380000000000024,0.264,0.11099999999999999,1
2023,Notre Dame,Ohio State,14,17,0,12.25,263.65,6.25,291.675,0.345,0.324,0.644,0.636,-6.0,-28.025000000000034,-0.29900000000000004,-0.312,0
2023,Baylor,Texas,6,38,0,42.5,195.68,8.5,271.1875,0.645,0.691,0.61,0.561,-34.0,-75.5075,0.03500000000000003,0.1299999999999999,0
2023,South Carolina,Mississippi State,37,30,0,34.0,218.6475,25.75,221.7225,0.636,0.644,0.584,0.715,-8.25,-3.0749999999999886,0.052000000000000046,-0.07099999999999995,1
2023,Penn State,Iowa,31,0,0,13.5,255.45250000000004,32.25,208.0275,0.428,0.489,0.409,0.426,18.75,47.42500000000004,0.019000000000000017,0.063,1
2023,Northwestern,Minnesota,37,34,0,49.25,188.6875,42.25,195.6525,0.657,0.599,0.409,0.344,-7.0,-6.965000000000003,0.24800000000000005,0.255,1
2023,Pittsburgh,North Carolina,24,41,0,51.0,184.42999999999998,18.5,244.40749999999997,0.319,0.292,0.754,0.819,-32.5,-59.97749999999999,-0.435,-0.5269999999999999,0
2023,Kansas State,UCF,44,31,0,58.0,177.54,59.5,176.68,0.49,0.369,0.68,0.666,1.5,0.8599999999999852,-0.19000000000000006,-0.29700000000000004,1
2023,NC State,Louisville,10,13,0,42.5,196.43749999999997,50.0,186.495,0.385,0.449,0.231,0.395,7.5,9.942499999999967,0.154,0.05399999999999999,0
2023,BYU,Cincinnati,35,27,0,71.25,164.48499999999999,50.75,185.38249999999996,0.294,0.224,0.067,0.261,-20.5,-20.89749999999998,0.22699999999999998,-0.037000000000000005,1
2023,Colorado,USC,41,48,0,48.0,189.3025,38.25,217.68,0.077,0.13,0.742,0.764,-9.75,-28.377499999999998,-0.665,-0.634,0
2023,Arkansas,Texas A&M,22,34,1,26.25,220.05249999999998,4.5,298.3575,0.581,0.777,0.648,0.516,-21.75,-78.30500000000004,-0.06700000000000006,0.261,0
2023,Northwestern,Penn State,13,41,0,49.25,188.6875,13.5,255.45250000000004,0.657,0.599,0.428,0.489,-35.75,-66.76500000000004,0.22900000000000004,0.10999999999999999,0
2023,Syracuse,Clemson,14,31,0,59.75,175.30249999999998,7.0,284.3375,0.767,0.706,0.551,0.505,-52.75,-109.035,0.21599999999999997,0.20099999999999996,0
2023,Kentucky,Florida,33,14,0,25.75,219.635,11.75,261.1125,0.481,0.417,0.367,0.438,-14.0,-41.47750000000002,0.11399999999999999,-0.02100000000000002,1
2023,Boston College,Virginia,27,24,0,50.5,187.9575,46.0,189.66,0.372,0.526,0.211,0.302,-4.5,-1.7024999999999864,0.161,0.22400000000000003,1
2023,Auburn,Georgia,20,27,0,17.25,245.38,2.25,308.8375,0.787,0.657,0.43,0.446,-15.0,-63.45749999999998,0.35700000000000004,0.21100000000000002,0
2023,Maryland,Indiana,44,17,0,32.0,211.44,43.5,194.4,0.784,0.88,0.358,0.345,11.5,17.039999999999992,0.42600000000000005,0.535,1
2023,Texas,Kansas,40,14,0,8.5,271.1875,73.75,158.555,0.61,0.561,1.003,0.937,65.25,112.6325,-0.3929999999999999,-0.376,1
2023,UCF,Baylor,35,36,0,59.5,176.68,42.5,195.68,0.68,0.666,0.645,0.691,-17.0,-19.0,0.03500000000000003,-0.02499999999999991,0
2023,Texas Tech,Houston,49,28,0,54.25,181.34749999999997,71.25,165.45499999999998,0.764,0.65,0.234,0.269,17.0,15.892499999999984,0.53,0.381,1
2023,Purdue,Illinois,44,19,0,42.0,199.805,64.75,172.245,0.344,0.363,0.321,0.268,22.75,27.560000000000002,0.022999999999999965,0.09499999999999997,1
2023,Nebraska,Michigan,7,45,0,24.75,225.1275,10.25,266.09749999999997,0.14,0.403,0.777,0.825,-14.5,-40.96999999999997,-0.637,-0.42199999999999993,0
2023,Vanderbilt,Missouri,21,38,0,47.25,190.3,32.25,208.045,0.519,0.604,0.651,0.83,-15.0,-17.744999999999976,-0.132,-0.22599999999999998,0
2023,Ole Miss,LSU,55,49,0,24.25,224.78,6.25,280.4325,0.618,0.728,0.845,0.888,-18.0,-55.6525,-0.22699999999999998,-0.16000000000000003,1
2023,Stanford,Oregon,6,42,0,28.0,223.63000000000002,9.5,267.055,0.392,0.382,0.807,0.844,-18.5,-43.42499999999998,-0.41500000000000004,-0.46199999999999997,0
2023,Oklahoma,Iowa State,50,20,0,9.0,268.38250000000005,47.5,190.95250000000001,0.527,0.675,0.638,0.687,38.5,77.43000000000004,-0.11099999999999999,-0.01200000000000001,1
2023,Tennessee,South Carolina,41,20,0,14.25,250.935,34.0,218.6475,0.422,0.508,0.636,0.644,19.75,32.287499999999994,-0.21400000000000002,-0.136,1
2023,Iowa,Michigan State,26,16,0,32.25,208.0275,35.5,205.24,0.409,0.426,0.21,0.254,3.25,2.7874999999999943,0.19899999999999998,0.172,1
2023,Duke,Notre Dame,14,21,0,55.0,181.51,12.25,263.65,0.989,0.991,0.345,0.324,-42.75,-82.13999999999999,0.644,0.667,0
2023,Virginia Tech,Pittsburgh,38,21,0,44.75,196.3775,51.0,184.42999999999998,0.651,0.691,0.319,0.292,6.25,11.94750000000002,0.332,0.39899999999999997,1
2023,TCU,West Virginia,21,24,0,41.75,198.1,40.0,198.93,0.144,0.125,0.351,0.362,-1.75,-0.8300000000000125,-0.207,-0.237,0
2023,Mississippi State,Alabama,17,40,0,25.75,221.7225,1.5,319.52500000000003,0.584,0.715,0.396,0.388,-24.25,-97.80250000000004,0.18799999999999994,0.32699999999999996,0
2023,Oklahoma State,Kansas State,29,21,0,37.75,202.0225,58.0,177.54,0.3,0.335,0.49,0.369,20.25,24.482500000000016,-0.19,-0.033999999999999975,1
2023,Illinois,Nebraska,7,20,0,64.75,172.245,24.75,225.1275,0.321,0.268,0.14,0.403,-40.0,-52.88249999999999,0.181,-0.135,0
2023,Ohio State,Maryland,37,17,0,6.25,291.675,32.0,211.44,0.644,0.636,0.784,0.88,25.75,80.23500000000001,-0.14,-0.244,1
2023,Texas,Oklahoma,30,34,1,8.5,271.1875,9.0,268.38250000000005,0.61,0.561,0.527,0.675,0.5,2.80499999999995,0.08299999999999996,-0.11399999999999999,0
2023,Missouri,LSU,39,49,0,32.25,208.045,6.25,280.4325,0.651,0.83,0.845,0.888,-26.0,-72.38750000000002,-0.19399999999999995,-0.05800000000000005,0
2023,Wisconsin,Rutgers,24,13,0,28.25,220.0675,50.5,186.5525,0.572,0.498,0.439,0.765,22.25,33.514999999999986,0.13299999999999995,-0.267,1
2023,Iowa,Purdue,20,14,0,32.25,208.0275,42.0,199.805,0.409,0.426,0.344,0.363,9.75,8.222499999999997,0.065,0.063,1
2023,Clemson,Wake Forest,17,12,0,7.0,284.3375,63.5,171.505,0.551,0.505,0.412,0.363,56.5,112.83249999999998,0.13900000000000007,0.14200000000000002,1
2023,Florida State,Virginia Tech,39,17,0,20.75,231.78750000000002,44.75,196.3775,0.785,0.792,0.651,0.691,24.0,35.410000000000025,0.134,0.10100000000000009,1
2023,North Carolina,Syracuse,40,7,0,18.5,244.40749999999997,59.75,175.30249999999998,0.754,0.819,0.767,0.706,41.25,69.10499999999999,-0.013000000000000012,0.11299999999999999,1
2023,Texas A&M,Alabama,20,26,0,4.5,298.3575,1.5,319.52500000000003,0.648,0.516,0.396,0.388,-3.0,-21.167500000000018,0.252,0.128,0
2023,Florida,Vanderbilt,38,14,0,11.75,261.1125,47.25,190.3,0.367,0.438,0.519,0.604,35.5,70.8125,-0.15200000000000002,-0.16599999999999998,1
2023,Kansas,UCF,51,22,0,73.75,158.555,59.5,176.68,1.003,0.937,0.68,0.666,-14.25,-18.125,0.32299999999999984,0.271,1
2023,Georgia,Kentucky,51,13,0,2.25,308.8375,25.75,219.635,0.43,0.446,0.481,0.417,23.5,89.20249999999999,-0.05099999999999999,0.029000000000000026,1
2023,Minnesota,Michigan,10,52,0,42.25,195.6525,10.25,266.09749999999997,0.409,0.344,0.777,0.825,-32.0,-70.44499999999996,-0.36800000000000005,-0.481,0
2023,Ole Miss,Arkansas,27,20,0,24.25,224.78,26.25,220.05249999999998,0.618,0.728,0.581,0.777,2.0,4.7275000000000205,0.03700000000000003,-0.049000000000000044,1
2023,Louisville,Notre Dame,33,20,0,50.0,186.495,12.25,263.65,0.231,0.395,0.345,0.324,-37.75,-77.15499999999997,-0.11399999999999996,0.07100000000000001,1
2023,Miami,Georgia Tech,20,23,0,17.0,244.23249999999996,44.5,195.66,0.662,0.637,0.366,0.382,27.5,48.57249999999996,0.29600000000000004,0.255,0
2023,Baylor,Texas Tech,14,39,0,42.5,195.68,54.25,181.34749999999997,0.645,0.691,0.764,0.65,11.75,14.332500000000039,-0.119,0.040999999999999925,0
2023,Iowa State,TCU,27,14,0,47.5,190.95250000000001,41.75,198.1,0.638,0.687,0.144,0.125,-5.75,-7.1474999999999795,0.494,0.562,1
2023,Houston,West Virginia,41,39,0,71.25,165.45499999999998,40.0,198.93,0.234,0.269,0.351,0.362,-31.25,-33.47500000000002,-0.11699999999999997,-0.09299999999999997,1
2023,Colorado,Stanford,43,46,0,48.0,189.3025,28.0,223.63000000000002,0.077,0.13,0.392,0.382,-20.0,-34.327500000000015,-0.315,-0.252,0
2023,Cincinnati,Iowa State,10,30,0,50.75,185.38249999999996,47.5,190.95250000000001,0.067,0.261,0.638,0.687,-3.25,-5.57000000000005,-0.571,-0.42600000000000005,0
2023,Alabama,Arkansas,24,21,0,1.5,319.52500000000003,26.25,220.05249999999998,0.396,0.388,0.581,0.777,24.75,99.47250000000005,-0.18499999999999994,-0.389,1
2023,Rutgers,Michigan State,27,24,0,50.5,186.5525,35.5,205.24,0.439,0.765,0.21,0.254,-15.0,-18.6875,0.229,0.511,1
2023,Michigan,Indiana,52,7,0,10.25,266.09749999999997,43.5,194.4,0.777,0.825,0.358,0.345,33.25,71.69749999999996,0.41900000000000004,0.48,1
2023,Florida State,Syracuse,41,3,0,20.75,231.78750000000002,59.75,175.30249999999998,0.785,0.792,0.767,0.706,39.0,56.48500000000004,0.018000000000000016,0.08600000000000008,1
2023,Purdue,Ohio State,7,41,0,42.0,199.805,6.25,291.675,0.344,0.363,0.644,0.636,-35.75,-91.87,-0.30000000000000004,-0.273,0
2023,Vanderbilt,Georgia,20,37,0,47.25,190.3,2.25,308.8375,0.519,0.604,0.43,0.446,-45.0,-118.53749999999997,0.08900000000000002,0.15799999999999997,0
2023,Maryland,Illinois,24,27,0,32.0,211.44,64.75,172.245,0.784,0.88,0.321,0.268,32.75,39.19499999999999,0.463,0.612,0
2023,TCU,BYU,44,11,0,41.75,198.1,71.25,164.48499999999999,0.144,0.125,0.294,0.224,29.5,33.61500000000001,-0.15,-0.099,1
2023,Oklahoma State,Kansas,39,32,0,37.75,202.0225,73.75,158.555,0.3,0.335,1.003,0.937,36.0,43.4675,-0.7029999999999998,-0.6020000000000001,1
2023,Tennessee,Texas A&M,20,13,0,14.25,250.935,4.5,298.3575,0.422,0.508,0.648,0.516,-9.75,-47.422500000000014,-0.22600000000000003,-0.008000000000000007,1
2023,South Carolina,Florida,39,41,0,34.0,218.6475,11.75,261.1125,0.636,0.644,0.367,0.438,-22.25,-42.465,0.269,0.20600000000000002,0
2023,Virginia Tech,Wake Forest,30,13,0,44.75,196.3775,63.5,171.505,0.651,0.691,0.412,0.363,18.75,24.872500000000002,0.23900000000000005,0.32799999999999996,1
2023,Washington,Oregon,36,33,0,40.5,210.71750000000003,9.5,267.055,0.887,0.851,0.807,0.844,-31.0,-56.33749999999998,0.07999999999999996,0.007000000000000006,1
2023,Wisconsin,Iowa,6,15,0,28.25,220.0675,32.25,208.0275,0.572,0.498,0.409,0.426,4.0,12.039999999999992,0.16299999999999998,0.07200000000000001,0
2023,Pittsburgh,Louisville,38,21,0,51.0,184.42999999999998,50.0,186.495,0.319,0.292,0.231,0.395,-1.0,-2.065000000000026,0.088,-0.10300000000000004,1
2023,LSU,Auburn,48,18,0,6.25,280.4325,17.25,245.38,0.845,0.888,0.787,0.657,11.0,35.05250000000001,0.05799999999999994,0.23099999999999998,1
2023,Texas Tech,Kansas State,21,38,0,54.25,181.34749999999997,58.0,177.54,0.764,0.65,0.49,0.369,3.75,3.807499999999976,0.274,0.281,0
2023,Notre Dame,USC,48,20,0,12.25,263.65,38.25,217.68,0.345,0.324,0.742,0.764,26.0,45.96999999999997,-0.397,-0.44,1
2023,North Carolina,Miami,41,31,0,18.5,244.40749999999997,17.0,244.23249999999996,0.754,0.819,0.662,0.637,-1.5,0.17500000000001137,0.09199999999999997,0.18199999999999994,1
2023,Kentucky,Missouri,21,38,0,25.75,219.635,32.25,208.045,0.481,0.417,0.651,0.83,6.5,11.590000000000003,-0.17000000000000004,-0.413,0
2023,Duke,NC State,24,3,0,55.0,181.51,42.5,196.43749999999997,0.989,0.991,0.385,0.449,-12.5,-14.92749999999998,0.604,0.542,1
2023,Oklahoma,UCF,31,29,0,9.0,268.38250000000005,59.5,176.68,0.527,0.675,0.68,0.666,50.5,91.70250000000004,-0.15300000000000002,0.009000000000000008,1
2023,Indiana,Rutgers,14,31,0,43.5,194.4,50.5,186.5525,0.358,0.345,0.439,0.765,7.0,7.847499999999997,-0.08100000000000002,-0.42000000000000004,0
2023,Georgia Tech,Boston College,23,38,0,44.5,195.66,50.5,187.9575,0.366,0.382,0.372,0.526,6.0,7.702499999999986,-0.006000000000000005,-0.14400000000000002,0
2023,Arkansas,Mississippi State,3,7,0,26.25,220.05249999999998,25.75,221.7225,0.581,0.777,0.584,0.715,-0.5,-1.670000000000016,-0.0030000000000000027,0.062000000000000055,0
2023,Ohio State,Penn State,20,12,0,6.25,291.675,13.5,255.45250000000004,0.644,0.636,0.428,0.489,7.25,36.22249999999997,0.21600000000000003,0.14700000000000002,1
2023,Cincinnati,Baylor,29,32,0,50.75,185.38249999999996,42.5,195.68,0.067,0.261,0.645,0.691,-8.25,-10.297500000000042,-0.5780000000000001,-0.42999999999999994,0
2023,Illinois,Wisconsin,21,25,0,64.75,172.245,28.25,220.0675,0.321,0.268,0.572,0.498,-36.5,-47.82249999999999,-0.25099999999999995,-0.22999999999999998,0
2023,West Virginia,Oklahoma State,34,48,0,40.0,198.93,37.75,202.0225,0.351,0.362,0.3,0.335,-2.25,-3.092500000000001,0.05099999999999999,0.02699999999999997,0
2023,Missouri,South Carolina,34,12,0,32.25,208.045,34.0,218.6475,0.651,0.83,0.636,0.644,1.75,-10.60250000000002,0.015000000000000013,0.18599999999999994,1
2023,Nebraska,Northwestern,17,9,0,24.75,225.1275,49.25,188.6875,0.14,0.403,0.657,0.599,24.5,36.44,-0.517,-0.19599999999999995,1
2023,Alabama,Tennessee,34,20,0,1.5,319.52500000000003,14.25,250.935,0.396,0.388,0.422,0.508,12.75,68.59000000000003,-0.025999999999999968,-0.12,1
2023,Iowa,Minnesota,10,12,0,32.25,208.0275,42.25,195.6525,0.409,0.426,0.409,0.344,10.0,12.375,0.0,0.08200000000000002,0
2023,Wake Forest,Pittsburgh,21,17,0,63.5,171.505,51.0,184.42999999999998,0.412,0.363,0.319,0.292,-12.5,-12.924999999999983,0.09299999999999997,0.07100000000000001,1
2023,Houston,Texas,24,31,0,71.25,165.45499999999998,8.5,271.1875,0.234,0.269,0.61,0.561,-62.75,-105.73250000000002,-0.376,-0.29200000000000004,0
2023,North Carolina,Virginia,27,31,0,18.5,244.40749999999997,46.0,189.66,0.754,0.819,0.211,0.302,27.5,54.747499999999974,0.543,0.5169999999999999,0
2023,Auburn,Ole Miss,21,28,0,17.25,245.38,24.25,224.78,0.787,0.657,0.618,0.728,7.0,20.599999999999994,0.16900000000000004,-0.07099999999999995,0
2023,BYU,Texas Tech,27,14,0,71.25,164.48499999999999,54.25,181.34749999999997,0.294,0.224,0.764,0.65,-17.0,-16.862499999999983,-0.47000000000000003,-0.42600000000000005,1
2023,Kansas State,TCU,41,3,0,58.0,177.54,41.75,198.1,0.49,0.369,0.144,0.125,-16.25,-20.560000000000002,0.346,0.244,1
2023,Florida State,Duke,38,20,0,20.75,231.78750000000002,55.0,181.51,0.785,0.792,0.989,0.991,34.25,50.27750000000003,-0.20399999999999996,-0.19899999999999995,1
2023,Michigan State,Michigan,0,49,0,35.5,205.24,10.25,266.09749999999997,0.21,0.254,0.777,0.825,-25.25,-60.85749999999996,-0.5670000000000001,-0.571,0
2023,USC,Utah,32,34,0,38.25,217.68,34.5,205.4675,0.742,0.764,0.72,0.781,-3.75,12.212500000000006,0.02200000000000002,-0.017000000000000015,0
2023,Miami,Clemson,28,20,0,17.0,244.23249999999996,7.0,284.3375,0.662,0.637,0.551,0.505,-10.0,-40.10500000000002,0.11099999999999999,0.132,1
2023,Stanford,UCLA,7,42,0,28.0,223.63000000000002,40.5,197.475,0.392,0.382,0.281,0.277,12.5,26.15500000000003,0.11099999999999999,0.10499999999999998,0
2023,Virginia Tech,Syracuse,38,10,0,44.75,196.3775,59.75,175.30249999999998,0.651,0.691,0.767,0.706,15.0,21.075000000000017,-0.11599999999999999,-0.015000000000000013,1
2023,UCF,West Virginia,28,41,0,59.5,176.68,40.0,198.93,0.68,0.666,0.351,0.362,-19.5,-22.25,0.32900000000000007,0.30400000000000005,0
2023,Kansas State,Houston,41,0,0,58.0,177.54,71.25,165.45499999999998,0.49,0.369,0.234,0.269,13.25,12.085000000000008,0.256,0.09999999999999998,1
2023,Kansas,Oklahoma,38,33,0,73.75,158.555,9.0,268.38250000000005,1.003,0.937,0.527,0.675,-64.75,-109.82750000000004,0.47599999999999987,0.262,1
2023,Northwestern,Maryland,33,27,0,49.25,188.6875,32.0,211.44,0.657,0.599,0.784,0.88,-17.25,-22.752499999999998,-0.127,-0.281,1
2023,Texas A&M,South Carolina,30,17,0,4.5,298.3575,34.0,218.6475,0.648,0.516,0.636,0.644,29.5,79.71000000000001,0.01200000000000001,-0.128,1
2023,Penn State,Indiana,33,24,0,13.5,255.45250000000004,43.5,194.4,0.428,0.489,0.358,0.345,30.0,61.05250000000004,0.07,0.14400000000000002,1
2023,Wake Forest,Florida State,16,41,0,63.5,171.505,20.75,231.78750000000002,0.412,0.363,0.785,0.792,-42.75,-60.28250000000003,-0.37300000000000005,-0.42900000000000005,0
2023,NC State,Clemson,24,17,0,42.5,196.43749999999997,7.0,284.3375,0.385,0.449,0.551,0.505,-35.5,-87.9,-0.16600000000000004,-0.055999999999999994,1
2023,Florida,Georgia,20,43,1,11.75,261.1125,2.25,308.8375,0.367,0.438,0.43,0.446,-9.5,-47.724999999999966,-0.063,-0.008000000000000007,0
2023,Auburn,Mississippi State,27,13,0,17.25,245.38,25.75,221.7225,0.787,0.657,0.584,0.715,8.5,23.6575,0.20300000000000007,-0.05799999999999994,1
2023,Baylor,Iowa State,18,30,0,42.5,195.68,47.5,190.95250000000001,0.645,0.691,0.638,0.687,5.0,4.727499999999992,0.007000000000000006,0.0039999999999998925,0
2023,Miami,Virginia,29,26,0,17.0,244.23249999999996,46.0,189.66,0.662,0.637,0.211,0.302,29.0,54.57249999999996,0.45100000000000007,0.335,1
2023,Utah,Oregon,6,35,0,34.5,205.4675,9.5,267.055,0.72,0.781,0.807,0.844,-25.0,-61.587500000000006,-0.08700000000000008,-0.06299999999999994,0
2023,Nebraska,Purdue,31,14,0,24.75,225.1275,42.0,199.805,0.14,0.403,0.344,0.363,17.25,25.32249999999999,-0.20399999999999996,0.040000000000000036,1
2023,Notre Dame,Pittsburgh,58,7,0,12.25,263.65,51.0,184.42999999999998,0.345,0.324,0.319,0.292,38.75,79.22,0.025999999999999968,0.03200000000000003,1
2023,Minnesota,Michigan State,27,12,0,42.25,195.6525,35.5,205.24,0.409,0.344,0.21,0.254,-6.75,-9.587500000000006,0.19899999999999998,0.08999999999999997,1
2023,Texas,BYU,35,6,0,8.5,271.1875,71.25,164.48499999999999,0.61,0.561,0.294,0.224,62.75,106.70250000000001,0.316,0.3370000000000001,1
2023,Louisville,Duke,23,0,0,50.0,186.495,55.0,181.51,0.231,0.395,0.989,0.991,5.0,4.985000000000014,-0.758,-0.596,1
2023,Stanford,Washington,33,42,0,28.0,223.63000000000002,40.5,210.71750000000003,0.392,0.382,0.887,0.851,12.5,12.912499999999994,-0.495,-0.469,0
2023,Kentucky,Tennessee,27,33,0,25.75,219.635,14.25,250.935,0.481,0.417,0.422,0.508,-11.5,-31.30000000000001,0.059,-0.09100000000000003,0
2023,Ole Miss,Vanderbilt,33,7,0,24.25,224.78,47.25,190.3,0.618,0.728,0.519,0.604,23.0,34.47999999999999,0.09899999999999998,0.124,1
2023,UCLA,Colorado,28,16,0,40.5,197.475,48.0,189.3025,0.281,0.277,0.077,0.13,7.5,8.172499999999985,0.20400000000000001,0.14700000000000002,1
2023,Wisconsin,Ohio State,10,24,0,28.25,220.0675,6.25,291.675,0.572,0.498,0.644,0.636,-22.0,-71.60750000000002,-0.07200000000000006,-0.138,0
2023,Oklahoma State,Cincinnati,45,13,0,37.75,202.0225,50.75,185.38249999999996,0.3,0.335,0.067,0.261,13.0,16.640000000000043,0.23299999999999998,0.07400000000000001,1
2023,Georgia Tech,North Carolina,46,42,0,44.5,195.66,18.5,244.40749999999997,0.366,0.382,0.754,0.819,-26.0,-48.747499999999974,-0.388,-0.43699999999999994,1
2023,Texas Tech,TCU,35,28,0,54.25,181.34749999999997,41.75,198.1,0.764,0.65,0.144,0.125,-12.5,-16.752500000000026,0.62,0.525,1
2023,Duke,Wake Forest,24,21,0,55.0,181.51,63.5,171.505,0.989,0.991,0.412,0.363,8.5,10.004999999999995,0.577,0.628,1
2023,Syracuse,Boston College,10,17,0,59.75,175.30249999999998,50.5,187.9575,0.767,0.706,0.372,0.526,-9.25,-12.65500000000003,0.395,0.17999999999999994,0
2023,Clemson,Notre Dame,31,23,0,7.0,284.3375,12.25,263.65,0.551,0.505,0.345,0.324,5.25,20.6875,0.20600000000000007,0.181,1
2023,Texas,Kansas State,33,30,0,8.5,271.1875,58.0,177.54,0.61,0.561,0.49,0.369,49.5,93.64750000000001,0.12,0.19200000000000006,1
2023,Rutgers,Ohio State,16,35,0,50.5,186.5525,6.25,291.675,0.439,0.765,0.644,0.636,-44.25,-105.1225,-0.20500000000000002,0.129,0
2023,Michigan State,Nebraska,20,17,0,35.5,205.24,24.75,225.1275,0.21,0.254,0.14,0.403,-10.75,-19.88749999999999,0.06999999999999998,-0.14900000000000002,1
2023,Florida,Arkansas,36,39,0,11.75,261.1125,26.25,220.05249999999998,0.367,0.438,0.581,0.777,14.5,41.06000000000003,-0.21399999999999997,-0.339,0
2023,Ole Miss,Texas A&M,38,35,0,24.25,224.78,4.5,298.3575,0.618,0.728,0.648,0.516,-19.75,-73.57750000000001,-0.030000000000000027,0.21199999999999997,1
2023,Indiana,Wisconsin,20,14,0,43.5,194.4,28.25,220.0675,0.358,0.345,0.572,0.498,-15.25,-25.66749999999999,-0.21399999999999997,-0.15300000000000002,1
2023,Virginia,Georgia Tech,17,45,0,46.0,189.66,44.5,195.66,0.211,0.302,0.366,0.382,-1.5,-6.0,-0.155,-0.08000000000000002,0
2023,Minnesota,Illinois,26,27,0,42.25,195.6525,64.75,172.245,0.409,0.344,0.321,0.268,22.5,23.4075,0.08799999999999997,0.07599999999999996,0
2023,Maryland,Penn State,15,51,0,32.0,211.44,13.5,255.45250000000004,0.784,0.88,0.428,0.489,-18.5,-44.012500000000045,0.35600000000000004,0.391,0
2023,Georgia,Missouri,30,21,0,2.25,308.8375,32.25,208.045,0.43,0.446,0.651,0.83,30.0,100.79249999999999,-0.22100000000000003,-0.38399999999999995,1
2023,Louisville,Virginia Tech,34,3,0,50.0,186.495,44.75,196.3775,0.231,0.395,0.651,0.691,-5.25,-9.882499999999993,-0.42000000000000004,-0.29599999999999993,1
2023,Baylor,Houston,24,25,0,42.5,195.68,71.25,165.45499999999998,0.645,0.691,0.234,0.269,28.75,30.225000000000023,0.41100000000000003,0.42199999999999993,0
2023,Cincinnati,UCF,26,28,0,50.75,185.38249999999996,59.5,176.68,0.067,0.261,0.68,0.666,8.75,8.702499999999958,-0.613,-0.405,0
2023,Northwestern,Iowa,7,10,1,49.25,188.6875,32.25,208.0275,0.657,0.599,0.409,0.426,-17.0,-19.340000000000003,0.24800000000000005,0.173,0
2023,Oklahoma State,Oklahoma,27,24,0,37.75,202.0225,9.0,268.38250000000005,0.3,0.335,0.527,0.675,-28.75,-66.36000000000004,-0.22700000000000004,-0.34,1
2023,Pittsburgh,Florida State,7,24,0,51.0,184.42999999999998,20.75,231.78750000000002,0.319,0.292,0.785,0.792,-30.25,-47.357500000000044,-0.466,-0.5,0
2023,Vanderbilt,Auburn,15,31,0,47.25,190.3,17.25,245.38,0.519,0.604,0.787,0.657,-30.0,-55.079999999999984,-0.268,-0.05300000000000005,0
2023,Iowa State,Kansas,21,28,0,47.5,190.95250000000001,73.75,158.555,0.638,0.687,1.003,0.937,26.25,32.39750000000001,-0.3649999999999999,-0.25,0
2023,West Virginia,BYU,37,7,0,40.0,198.93,71.25,164.48499999999999,0.351,0.362,0.294,0.224,31.25,34.44500000000002,0.056999999999999995,0.13799999999999998,1
2023,Michigan,Purdue,41,13,0,10.25,266.09749999999997,42.0,199.805,0.777,0.825,0.344,0.363,31.75,66.29249999999996,0.43300000000000005,0.46199999999999997,1
2023,Mississippi State,Kentucky,3,24,0,25.75,221.7225,25.75,219.635,0.584,0.715,0.481,0.417,0.0,2.0875000000000057,0.10299999999999998,0.298,0
2023,USC,Washington,42,52,0,38.25,217.68,40.5,210.71750000000003,0.742,0.764,0.887,0.851,2.25,6.962499999999977,-0.14500000000000002,-0.08699999999999997,0
2023,Alabama,LSU,42,28,0,1.5,319.52500000000003,6.25,280.4325,0.396,0.388,0.845,0.888,4.75,39.09250000000003,-0.44899999999999995,-0.5,1
2023,NC State,Miami,20,6,0,42.5,196.43749999999997,17.0,244.23249999999996,0.385,0.449,0.662,0.637,-25.5,-47.79499999999999,-0.277,-0.188,1
2023,Louisville,Virginia,31,24,0,50.0,186.495,46.0,189.66,0.231,0.395,0.211,0.302,-4.0,-3.164999999999992,0.020000000000000018,0.09300000000000003,1
2023,Nebraska,Maryland,10,13,0,24.75,225.1275,32.0,211.44,0.14,0.403,0.784,0.88,7.25,13.6875,-0.644,-0.477,0
2023,Kentucky,Alabama,21,49,0,25.75,219.635,1.5,319.52500000000003,0.481,0.417,0.396,0.388,-24.25,-99.89000000000004,0.08499999999999996,0.02899999999999997,0
2023,Illinois,Indiana,48,45,0,64.75,172.245,43.5,194.4,0.321,0.268,0.358,0.345,-21.25,-22.155,-0.03699999999999998,-0.07699999999999996,1
2023,Clemson,Georgia Tech,42,21,0,7.0,284.3375,44.5,195.66,0.551,0.505,0.366,0.382,37.5,88.67749999999998,0.18500000000000005,0.123,1
2023,Boston College,Virginia Tech,22,48,0,50.5,187.9575,44.75,196.3775,0.372,0.526,0.651,0.691,-5.75,-8.419999999999987,-0.279,-0.16499999999999992,0
2023,Penn State,Michigan,15,24,0,13.5,255.45250000000004,10.25,266.09749999999997,0.428,0.489,0.777,0.825,-3.25,-10.644999999999925,-0.34900000000000003,-0.33599999999999997,0
2023,South Carolina,Vanderbilt,47,6,0,34.0,218.6475,47.25,190.3,0.636,0.644,0.519,0.604,13.25,28.347499999999997,0.11699999999999999,0.040000000000000036,1
2023,Kansas,Texas Tech,13,16,0,73.75,158.555,54.25,181.34749999999997,1.003,0.937,0.764,0.65,-19.5,-22.79249999999996,0.23899999999999988,0.28700000000000003,0
2023,Wake Forest,NC State,6,26,0,63.5,171.505,42.5,196.43749999999997,0.412,0.363,0.385,0.449,-21.0,-24.932499999999976,0.02699999999999997,-0.08600000000000002,0
2023,Kansas State,Baylor,59,25,0,58.0,177.54,42.5,195.68,0.49,0.369,0.645,0.691,-15.5,-18.140000000000015,-0.15500000000000003,-0.32199999999999995,1
2023,UCF,Oklahoma State,45,3,0,59.5,176.68,37.75,202.0225,0.68,0.666,0.3,0.335,-21.75,-25.3425,0.38000000000000006,0.331,1
2023,Syracuse,Pittsburgh,28,13,1,59.75,175.30249999999998,51.0,184.42999999999998,0.767,0.706,0.319,0.292,-8.75,-9.127499999999998,0.448,0.414,1
2023,Washington,Utah,35,28,0,40.5,210.71750000000003,34.5,205.4675,0.887,0.851,0.72,0.781,-6.0,5.250000000000028,0.16700000000000004,0.06999999999999995,1
2023,Florida State,Miami,27,20,0,20.75,231.78750000000002,17.0,244.23249999999996,0.785,0.792,0.662,0.637,-3.75,-12.444999999999936,0.123,0.15500000000000003,1
2023,Missouri,Tennessee,36,7,0,32.25,208.045,14.25,250.935,0.651,0.83,0.422,0.508,-18.0,-42.890000000000015,0.22900000000000004,0.32199999999999995,1
2023,Iowa,Rutgers,22,0,0,32.25,208.0275,50.5,186.5525,0.409,0.426,0.439,0.765,18.25,21.474999999999994,-0.030000000000000027,-0.339,1
2023,Wisconsin,Northwestern,10,24,0,28.25,220.0675,49.25,188.6875,0.572,0.498,0.657,0.599,21.0,31.379999999999995,-0.08500000000000008,-0.10099999999999998,0
2023,Purdue,Minnesota,49,30,0,42.0,199.805,42.25,195.6525,0.344,0.363,0.409,0.344,0.25,4.152500000000003,-0.065,0.019000000000000017,1
2023,Arkansas,Auburn,10,48,0,26.25,220.05249999999998,17.25,245.38,0.581,0.777,0.787,0.657,-9.0,-25.327500000000015,-0.20600000000000007,0.12,0
2023,Houston,Cincinnati,14,24,0,71.25,165.45499999999998,50.75,185.38249999999996,0.234,0.269,0.067,0.261,-20.5,-19.92749999999998,0.167,0.008000000000000007,0
2023,Oklahoma,West Virginia,59,20,0,9.0,268.38250000000005,40.0,198.93,0.527,0.675,0.351,0.362,31.0,69.45250000000004,0.17600000000000005,0.31300000000000006,1
2023,Georgia,Ole Miss,52,17,0,2.25,308.8375,24.25,224.78,0.43,0.446,0.618,0.728,22.0,84.05749999999998,-0.188,-0.282,1
2023,TCU,Texas,26,29,0,41.75,198.1,8.5,271.1875,0.144,0.125,0.61,0.561,-33.25,-73.0875,-0.46599999999999997,-0.43600000000000005,0
2023,Texas A&M,Mississippi State,51,10,0,4.5,298.3575,25.75,221.7225,0.648,0.516,0.584,0.715,21.25,76.63500000000002,0.06400000000000006,-0.19899999999999995,1
2023,LSU,Florida,52,35,0,6.25,280.4325,11.75,261.1125,0.845,0.888,0.367,0.438,5.5,19.319999999999993,0.478,0.45,1
2023,Ohio State,Michigan State,38,3,0,6.25,291.675,35.5,205.24,0.644,0.636,0.21,0.254,29.25,86.435,0.43400000000000005,0.382,1
2023,North Carolina,Duke,47,45,0,18.5,244.40749999999997,55.0,181.51,0.754,0.819,0.989,0.991,36.5,62.89749999999998,-0.235,-0.17200000000000004,1
2023,BYU,Iowa State,13,45,0,71.25,164.48499999999999,47.5,190.95250000000001,0.294,0.224,0.638,0.687,-23.75,-26.46750000000003,-0.34400000000000003,-0.4630000000000001,0
2023,Oregon,USC,36,27,0,9.5,267.055,38.25,217.68,0.807,0.844,0.742,0.764,28.75,49.375,0.06500000000000006,0.07999999999999996,1
2023,Pittsburgh,Boston College,24,16,0,51.0,184.42999999999998,50.5,187.9575,0.319,0.292,0.372,0.526,-0.5,-3.527500000000032,-0.05299999999999999,-0.23400000000000004,1
2023,Maryland,Michigan,24,31,0,32.0,211.44,10.25,266.09749999999997,0.784,0.88,0.777,0.825,-21.75,-54.65749999999997,0.007000000000000006,0.05500000000000005,0
2023,BYU,Oklahoma,24,31,0,71.25,164.48499999999999,9.0,268.38250000000005,0.294,0.224,0.527,0.675,-62.25,-103.89750000000006,-0.23300000000000004,-0.45100000000000007,0
2023,Miami,Louisville,31,38,0,17.0,244.23249999999996,50.0,186.495,0.662,0.637,0.231,0.395,33.0,57.737499999999955,0.43100000000000005,0.242,0
2023,Indiana,Michigan State,21,24,0,43.5,194.4,35.5,205.24,0.358,0.345,0.21,0.254,-8.0,-10.840000000000003,0.148,0.09099999999999997,0
2023,Northwestern,Purdue,23,15,0,49.25,188.6875,42.0,199.805,0.657,0.599,0.344,0.363,-7.25,-11.117500000000007,0.31300000000000006,0.236,1
2023,Penn State,Rutgers,27,6,0,13.5,255.45250000000004,50.5,186.5525,0.428,0.489,0.439,0.765,37.0,68.90000000000003,-0.01100000000000001,-0.276,1
2023,West Virginia,Cincinnati,42,21,0,40.0,198.93,50.75,185.38249999999996,0.351,0.362,0.067,0.261,10.75,13.547500000000042,0.284,0.10099999999999998,1
2023,Virginia,Duke,30,27,0,46.0,189.66,55.0,181.51,0.211,0.302,0.989,0.991,9.0,8.150000000000006,-0.778,-0.6890000000000001,1
2023,USC,UCLA,20,38,0,38.25,217.68,40.5,197.475,0.742,0.764,0.281,0.277,2.25,20.205000000000013,0.46099999999999997,0.487,0
2023,Tennessee,Georgia,10,38,0,14.25,250.935,2.25,308.8375,0.422,0.508,0.43,0.446,-12.0,-57.902499999999975,-0.008000000000000007,0.062,0
2023,Notre Dame,Wake Forest,45,7,0,12.25,263.65,63.5,171.505,0.345,0.324,0.412,0.363,51.25,92.14499999999998,-0.067,-0.03899999999999998,1
2023,Virginia Tech,NC State,28,35,0,44.75,196.3775,42.5,196.43749999999997,0.651,0.691,0.385,0.449,-2.25,-0.05999999999997385,0.266,0.24199999999999994,0
2023,TCU,Baylor,42,17,0,41.75,198.1,42.5,195.68,0.144,0.125,0.645,0.691,0.75,2.4199999999999875,-0.501,-0.566,1
2023,Iowa,Illinois,15,13,0,32.25,208.0275,64.75,172.245,0.409,0.426,0.321,0.268,32.5,35.7825,0.08799999999999997,0.15799999999999997,1
2023,Clemson,North Carolina,31,20,0,7.0,284.3375,18.5,244.40749999999997,0.551,0.505,0.754,0.819,11.5,39.93000000000001,-0.20299999999999996,-0.31399999999999995,1
2023,Ohio State,Minnesota,37,3,0,6.25,291.675,42.25,195.6525,0.644,0.636,0.409,0.344,36.0,96.02250000000001,0.23500000000000004,0.29200000000000004,1
2023,Houston,Oklahoma State,30,43,0,71.25,165.45499999999998,37.75,202.0225,0.234,0.269,0.3,0.335,-33.5,-36.567500000000024,-0.06599999999999998,-0.066,0
2023,Texas Tech,UCF,24,23,0,54.25,181.34749999999997,59.5,176.68,0.764,0.65,0.68,0.666,5.25,4.667499999999961,0.08399999999999996,-0.016000000000000014,1
2023,Kansas,Kansas State,27,31,0,73.75,158.555,58.0,177.54,1.003,0.937,0.49,0.369,-15.75,-18.984999999999985,0.5129999999999999,0.5680000000000001,0
2023,South Carolina,Kentucky,17,14,0,34.0,218.6475,25.75,219.635,0.636,0.644,0.481,0.417,-8.25,-0.987499999999983,0.15500000000000003,0.22700000000000004,1
2023,Missouri,Florida,33,31,0,32.25,208.045,11.75,261.1125,0.651,0.83,0.367,0.438,-20.5,-53.067500000000024,0.28400000000000003,0.39199999999999996,1
2023,Wisconsin,Nebraska,24,17,0,28.25,220.0675,24.75,225.1275,0.572,0.498,0.14,0.403,-3.5,-5.060000000000002,0.43199999999999994,0.09499999999999997,1
2023,Georgia Tech,Syracuse,31,22,0,44.5,195.66,59.75,175.30249999999998,0.366,0.382,0.767,0.706,15.25,20.357500000000016,-0.401,-0.32399999999999995,1
2023,Iowa State,Texas,16,26,0,47.5,190.95250000000001,8.5,271.1875,0.638,0.687,0.61,0.561,-39.0,-80.23499999999999,0.028000000000000025,0.126,0
2023,Mississippi State,Ole Miss,7,17,0,25.75,221.7225,24.25,224.78,0.584,0.715,0.618,0.728,-1.5,-3.0575000000000045,-0.03400000000000003,-0.013000000000000012,0
2023,Oklahoma,TCU,69,45,0,9.0,268.38250000000005,41.75,198.1,0.527,0.675,0.144,0.125,32.75,70.28250000000006,0.383,0.55,1
2023,Boston College,Miami,20,45,0,50.5,187.9575,17.0,244.23249999999996,0.372,0.526,0.662,0.637,-33.5,-56.27499999999995,-0.29000000000000004,-0.11099999999999999,0
2023,Nebraska,Iowa,10,13,0,24.75,225.1275,32.25,208.0275,0.14,0.403,0.409,0.426,7.5,17.099999999999994,-0.26899999999999996,-0.022999999999999965,0
2023,Arkansas,Missouri,14,48,0,26.25,220.05249999999998,32.25,208.045,0.581,0.777,0.651,0.83,6.0,12.007499999999993,-0.07000000000000006,-0.052999999999999936,0
2023,Texas,Texas Tech,57,7,0,8.5,271.1875,54.25,181.34749999999997,0.61,0.561,0.764,0.65,45.75,89.84000000000003,-0.15400000000000003,-0.08899999999999997,1
2023,Michigan State,Penn State,0,42,1,35.5,205.24,13.5,255.45250000000004,0.21,0.254,0.428,0.489,-22.0,-50.212500000000034,-0.218,-0.235,0
2023,Louisville,Kentucky,31,38,0,50.0,186.495,25.75,219.635,0.231,0.395,0.481,0.417,-24.25,-33.139999999999986,-0.24999999999999997,-0.021999999999999964,0
2023,UCF,Houston,27,13,0,59.5,176.68,71.25,165.45499999999998,0.68,0.666,0.234,0.269,11.75,11.225000000000023,0.44600000000000006,0.397,1
2023,LSU,Texas A&M,42,30,0,6.25,280.4325,4.5,298.3575,0.845,0.888,0.648,0.516,-1.75,-17.92500000000001,0.19699999999999995,0.372,1
2023,Michigan,Ohio State,30,24,0,10.25,266.09749999999997,6.25,291.675,0.777,0.825,0.644,0.636,-4.0,-25.577500000000043,0.133,0.18899999999999995,1
2023,Duke,Pittsburgh,30,19,0,55.0,181.51,51.0,184.42999999999998,0.989,0.991,0.319,0.292,-4.0,-2.9199999999999875,0.6699999999999999,0.6990000000000001,1
2023,Purdue,Indiana,35,31,0,42.0,199.805,43.5,194.4,0.344,0.363,0.358,0.345,1.5,5.405000000000001,-0.014000000000000012,0.018000000000000016,1
2023,Syracuse,Wake Forest,35,31,0,59.75,175.30249999999998,63.5,171.505,0.767,0.706,0.412,0.363,3.75,3.797499999999985,0.35500000000000004,0.34299999999999997,1
2023,Utah,Colorado,23,17,0,34.5,205.4675,48.0,189.3025,0.72,0.781,0.077,0.13,13.5,16.164999999999992,0.643,0.651,1
2023,Tennessee,Vanderbilt,48,24,0,14.25,250.935,47.25,190.3,0.422,0.508,0.519,0.604,33.0,60.63499999999999,-0.09700000000000003,-0.09599999999999997,1
2023,Auburn,Alabama,24,27,0,17.25,245.38,1.5,319.52500000000003,0.787,0.657,0.396,0.388,-15.75,-74.14500000000004,0.391,0.269,0
2023,Illinois,Northwestern,43,45,0,64.75,172.245,49.25,188.6875,0.321,0.268,0.657,0.599,-15.5,-16.442499999999995,-0.336,-0.33099999999999996,0
2023,Minnesota,Wisconsin,14,28,0,42.25,195.6525,28.25,220.0675,0.409,0.344,0.572,0.498,-14.0,-24.414999999999992,-0.16299999999999998,-0.15400000000000003,0
2023,Rutgers,Maryland,24,42,0,50.5,186.5525,32.0,211.44,0.439,0.765,0.784,0.88,-18.5,-24.88749999999999,-0.34500000000000003,-0.11499999999999999,0
2023,Oklahoma State,BYU,40,34,0,37.75,202.0225,71.25,164.48499999999999,0.3,0.335,0.294,0.224,33.5,37.53750000000002,0.006000000000000005,0.11100000000000002,1
2023,Virginia,Virginia Tech,17,55,0,46.0,189.66,44.75,196.3775,0.211,0.302,0.651,0.691,-1.25,-6.717500000000001,-0.44000000000000006,-0.38899999999999996,0
2023,Stanford,Notre Dame,23,56,0,28.0,223.63000000000002,12.25,263.65,0.392,0.382,0.345,0.324,-15.75,-40.01999999999995,0.04700000000000004,0.057999999999999996,0
2023,Baylor,West Virginia,31,34,0,42.5,195.68,40.0,198.93,0.645,0.691,0.351,0.362,-2.5,-3.25,0.29400000000000004,0.32899999999999996,0
2023,Florida,Florida State,15,24,0,11.75,261.1125,20.75,231.78750000000002,0.367,0.438,0.785,0.792,9.0,29.32499999999999,-0.41800000000000004,-0.35400000000000004,0
2023,South Carolina,Clemson,7,16,0,34.0,218.6475,7.0,284.3375,0.636,0.644,0.551,0.505,-27.0,-65.68999999999997,0.08499999999999996,0.139,0
2023,Cincinnati,Kansas,16,49,0,50.75,185.38249999999996,73.75,158.555,0.067,0.261,1.003,0.937,23.0,26.827499999999958,-0.9359999999999999,-0.676,0
2023,Georgia Tech,Georgia,23,31,0,44.5,195.66,2.25,308.8375,0.366,0.382,0.43,0.446,-42.25,-113.17749999999998,-0.064,-0.064,0
2023,Kansas State,Iowa State,35,42,0,58.0,177.54,47.5,190.95250000000001,0.49,0.369,0.638,0.687,-10.5,-13.412500000000023,-0.14800000000000002,-0.31800000000000006,0
2023,NC State,North Carolina,39,20,0,42.5,196.43749999999997,18.5,244.40749999999997,0.385,0.449,0.754,0.819,-24.0,-47.97,-0.369,-0.36999999999999994,1
2023,Washington,Oregon,34,31,1,40.5,210.71750000000003,9.5,267.055,0.887,0.851,0.807,0.844,-31.0,-56.33749999999998,0.07999999999999996,0.007000000000000006,1
2023,Texas,Oklahoma State,49,21,1,8.5,271.1875,37.75,202.0225,0.61,0.561,0.3,0.335,29.25,69.16499999999999,0.31,0.22600000000000003,1
2023,Alabama,Georgia,27,24,1,1.5,319.52500000000003,2.25,308.8375,0.396,0.388,0.43,0.446,0.75,10.687500000000057,-0.033999999999999975,-0.057999999999999996,1
2023,Florida State,Louisville,16,6,1,20.75,231.78750000000002,50.0,186.495,0.785,0.792,0.231,0.395,29.25,45.29250000000002,0.554,0.397,1
2023,Iowa,Michigan,0,26,1,32.25,208.0275,10.25,266.09749999999997,0.409,0.426,0.777,0.825,-22.0,-58.069999999999965,-0.36800000000000005,-0.39899999999999997,0
